timestamp,device_id,scenario,true_soil_moisture_pct,soil_adc,soil_moisture_pct,soil_dryness_pct,soil_status,temperature_c,humidity_pct,rainfall_mm,forecast_rain_mm,et0_mm_day,surface_wetness_pct,is_raining,crop_profile,kc_factor,mad_threshold_pct,reservoir_level_pct,reservoir_status,pump_active,irrigation_litres
2026-01-01 00:00:00,esp32-field-01,NORMAL_BALANCED,32.99,2271,34.21,65.79,HEALTHY,21.15,77.6,0.0,0.09,3.58,0.5,0,Tomato (Vegetative),0.85,50.0,75.0,HEALTHY,0,0.0
2026-01-01 01:00:00,esp32-field-01,NORMAL_BALANCED,32.99,2336,30.9,69.1,HEALTHY,20.91,78.3,0.0,0.54,3.51,0.6,0,Tomato (Vegetative),0.85,50.0,75.0,HEALTHY,0,0.0
2026-01-01 02:00:00,esp32-field-01,NORMAL_BALANCED,32.98,2339,31.85,68.15,HEALTHY,19.29,80.8,0.0,0.33,2.89,4.6,0,Tomato (Vegetative),0.85,50.0,75.0,HEALTHY,0,0.0
2026-01-01 03:00:00,esp32-field-01,NORMAL_BALANCED,32.98,2308,32.5,67.5,HEALTHY,20.48,76.6,0.0,5.06,3.4,8.9,0,Tomato (Vegetative),0.85,50.0,75.0,HEALTHY,0,0.0
2026-01-01 04:00:00,esp32-field-01,NORMAL_BALANCED,32.97,2288,32.12,67.88,HEALTHY,20.38,82.6,0.0,0.45,3.29,7.2,0,Tomato (Vegetative),0.85,50.0,75.0,HEALTHY,0,0.0
2026-01-01 05:00:00,esp32-field-01,NORMAL_BALANCED,32.96,2297,33.14,66.86,HEALTHY,22.52,72.3,0.0,4.21,3.69,4.5,0,Tomato (Vegetative),0.85,50.0,75.0,HEALTHY,0,0.0
2026-01-01 06:00:00,esp32-field-01,NORMAL_BALANCED,32.96,2285,32.38,67.62,HEALTHY,22.92,71.7,0.0,0.49,3.33,1.3,0,Tomato (Vegetative),0.85,50.0,74.9,HEALTHY,0,0.0
2026-01-01 07:00:00,esp32-field-01,NORMAL_BALANCED,33.8,2260,34.55,65.45,HEALTHY,24.54,67.2,4.1,8.36,4.12,83.4,1,Tomato (Vegetative),0.85,50.0,83.1,HEALTHY,0,0.0
2026-01-01 08:00:00,esp32-field-01,NORMAL_BALANCED,33.75,2249,34.69,65.31,HEALTHY,25.56,65.8,0.0,0.56,4.37,0.2,0,Tomato (Vegetative),0.85,50.0,74.9,HEALTHY,0,0.0
2026-01-01 09:00:00,esp32-field-01,NORMAL_BALANCED,33.67,2326,33.15,66.85,HEALTHY,27.5,63.6,0.0,2.21,4.53,2.5,0,Tomato (Vegetative),0.85,50.0,74.9,HEALTHY,0,0.0
2026-01-01 10:00:00,esp32-field-01,NORMAL_BALANCED,33.57,2268,33.14,66.86,HEALTHY,28.36,57.7,0.0,3.57,4.51,2.1,0,Tomato (Vegetative),0.85,50.0,74.9,HEALTHY,0,0.0
2026-01-01 11:00:00,esp32-field-01,NORMAL_BALANCED,33.45,2293,33.71,66.29,HEALTHY,29.68,53.1,0.0,3.35,5.02,0.6,0,Tomato (Vegetative),0.85,50.0,74.9,HEALTHY,0,0.0
2026-01-01 12:00:00,esp32-field-01,NORMAL_BALANCED,33.32,2323,31.2,68.8,HEALTHY,31.32,50.3,0.0,2.56,4.98,1.7,0,Tomato (Vegetative),0.85,50.0,74.9,HEALTHY,0,0.0
2026-01-01 13:00:00,esp32-field-01,NORMAL_BALANCED,33.2,2279,33.52,66.48,HEALTHY,31.56,48.5,0.0,0.68,5.06,3.6,0,Tomato (Vegetative),0.85,50.0,74.9,HEALTHY,0,0.0
2026-01-01 14:00:00,esp32-field-01,NORMAL_BALANCED,33.08,2290,32.62,67.38,HEALTHY,30.83,50.2,0.0,3.58,5.6,1.0,0,Tomato (Vegetative),0.85,50.0,74.9,HEALTHY,0,0.0
2026-01-01 15:00:00,esp32-field-01,NORMAL_BALANCED,32.98,2291,32.26,67.74,HEALTHY,32.6,52.4,0.0,1.51,5.46,3.0,0,Tomato (Vegetative),0.85,50.0,74.8,HEALTHY,0,0.0
2026-01-01 16:00:00,esp32-field-01,NORMAL_BALANCED,32.92,2285,32.93,67.07,HEALTHY,31.25,49.5,0.0,1.7,4.91,2.7,0,Tomato (Vegetative),0.85,50.0,74.8,HEALTHY,0,0.0
2026-01-01 17:00:00,esp32-field-01,NORMAL_BALANCED,32.89,2265,34.13,65.87,HEALTHY,29.5,55.6,0.0,0.63,4.54,0.4,0,Tomato (Vegetative),0.85,50.0,74.8,HEALTHY,0,0.0
2026-01-01 18:00:00,esp32-field-01,NORMAL_BALANCED,32.89,2324,31.74,68.26,HEALTHY,29.39,58.1,0.0,0.15,5.07,0.8,0,Tomato (Vegetative),0.85,50.0,74.8,HEALTHY,0,0.0
2026-01-01 19:00:00,esp32-field-01,NORMAL_BALANCED,32.88,2288,33.16,66.84,HEALTHY,27.92,61.9,0.0,0.26,4.57,0.3,0,Tomato (Vegetative),0.85,50.0,74.8,HEALTHY,0,0.0
2026-01-01 20:00:00,esp32-field-01,NORMAL_BALANCED,32.96,2292,33.34,66.66,HEALTHY,26.59,65.7,0.4,2.18,4.12,80.1,1,Tomato (Vegetative),0.85,50.0,75.6,HEALTHY,0,0.0
2026-01-01 21:00:00,esp32-field-01,NORMAL_BALANCED,32.96,2303,32.26,67.74,HEALTHY,23.78,71.8,0.0,1.61,3.64,5.7,0,Tomato (Vegetative),0.85,50.0,74.8,HEALTHY,0,0.0
2026-01-01 22:00:00,esp32-field-01,NORMAL_BALANCED,32.95,2318,33.22,66.78,HEALTHY,22.38,70.5,0.0,2.38,3.6,3.0,0,Tomato (Vegetative),0.85,50.0,74.8,HEALTHY,0,0.0
2026-01-01 23:00:00,esp32-field-01,NORMAL_BALANCED,32.94,2300,32.84,67.16,HEALTHY,21.82,77.2,0.0,1.56,3.31,0.1,0,Tomato (Vegetative),0.85,50.0,74.8,HEALTHY,0,0.0
2026-01-02 00:00:00,esp32-field-01,NORMAL_BALANCED,32.94,2285,33.62,66.38,HEALTHY,20.21,74.2,0.0,4.13,3.15,2.4,0,Tomato (Vegetative),0.85,50.0,74.8,HEALTHY,0,0.0
2026-01-02 01:00:00,esp32-field-01,NORMAL_BALANCED,32.93,2319,32.17,67.83,HEALTHY,21.44,79.6,0.0,1.79,3.18,4.1,0,Tomato (Vegetative),0.85,50.0,74.8,HEALTHY,0,0.0
2026-01-02 02:00:00,esp32-field-01,NORMAL_BALANCED,32.93,2240,36.01,63.99,HEALTHY,20.36,81.3,0.0,1.82,3.42,3.1,0,Tomato (Vegetative),0.85,50.0,74.7,HEALTHY,0,0.0
2026-01-02 03:00:00,esp32-field-01,NORMAL_BALANCED,32.92,2318,31.49,68.51,HEALTHY,20.33,77.6,0.0,0.94,3.22,0.1,0,Tomato (Vegetative),0.85,50.0,74.7,HEALTHY,0,0.0
2026-01-02 04:00:00,esp32-field-01,NORMAL_BALANCED,32.91,2333,32.05,67.95,HEALTHY,20.47,80.7,0.0,1.46,3.32,0.7,0,Tomato (Vegetative),0.85,50.0,74.7,HEALTHY,0,0.0
2026-01-02 05:00:00,esp32-field-01,NORMAL_BALANCED,32.91,2320,32.29,67.71,HEALTHY,23.05,70.5,0.0,0.87,3.77,0.9,0,Tomato (Vegetative),0.85,50.0,74.7,HEALTHY,0,0.0
2026-01-02 06:00:00,esp32-field-01,NORMAL_BALANCED,32.9,2289,33.22,66.78,HEALTHY,22.67,70.9,0.0,4.65,4.1,1.0,0,Tomato (Vegetative),0.85,50.0,74.7,HEALTHY,0,0.0
2026-01-02 07:00:00,esp32-field-01,NORMAL_BALANCED,32.87,2316,32.68,67.32,HEALTHY,25.6,65.1,0.0,0.02,4.01,4.3,0,Tomato (Vegetative),0.85,50.0,74.7,HEALTHY,0,0.0
2026-01-02 08:00:00,esp32-field-01,NORMAL_BALANCED,32.83,2307,31.83,68.17,HEALTHY,23.73,62.4,0.0,1.51,3.77,2.9,0,Tomato (Vegetative),0.85,50.0,74.7,HEALTHY,0,0.0
2026-01-02 09:00:00,esp32-field-01,NORMAL_BALANCED,32.75,2296,32.59,67.41,HEALTHY,27.23,64.0,0.0,0.11,4.4,0.5,0,Tomato (Vegetative),0.85,50.0,74.7,HEALTHY,0,0.0
2026-01-02 10:00:00,esp32-field-01,NORMAL_BALANCED,32.64,2317,31.65,68.35,HEALTHY,29.08,59.2,0.0,4.26,5.09,2.4,0,Tomato (Vegetative),0.85,50.0,74.7,HEALTHY,0,0.0
2026-01-02 11:00:00,esp32-field-01,NORMAL_BALANCED,32.53,2301,32.03,67.97,HEALTHY,30.17,55.1,0.0,2.8,4.72,1.2,0,Tomato (Vegetative),0.85,50.0,74.7,HEALTHY,0,0.0
2026-01-02 12:00:00,esp32-field-01,NORMAL_BALANCED,32.39,2269,32.9,67.1,HEALTHY,31.83,52.8,0.0,2.08,5.34,0.6,0,Tomato (Vegetative),0.85,50.0,74.6,HEALTHY,0,0.0
2026-01-02 13:00:00,esp32-field-01,NORMAL_BALANCED,32.27,2310,31.95,68.05,HEALTHY,30.94,51.9,0.0,2.08,4.95,1.7,0,Tomato (Vegetative),0.85,50.0,74.6,HEALTHY,0,0.0
2026-01-02 14:00:00,esp32-field-01,NORMAL_BALANCED,32.15,2304,31.9,68.1,HEALTHY,32.91,50.1,0.0,3.54,5.49,0.0,0,Tomato (Vegetative),0.85,50.0,74.6,HEALTHY,0,0.0
2026-01-02 15:00:00,esp32-field-01,NORMAL_BALANCED,32.06,2274,33.02,66.98,HEALTHY,31.37,50.8,0.0,0.52,5.22,1.8,0,Tomato (Vegetative),0.85,50.0,74.6,HEALTHY,0,0.0
2026-01-02 16:00:00,esp32-field-01,NORMAL_BALANCED,32.0,2314,31.28,68.72,HEALTHY,31.63,53.6,0.0,0.87,5.11,2.4,0,Tomato (Vegetative),0.85,50.0,74.6,HEALTHY,0,0.0
2026-01-02 17:00:00,esp32-field-01,NORMAL_BALANCED,31.97,2314,31.62,68.38,HEALTHY,30.81,55.4,0.0,0.13,4.84,0.3,0,Tomato (Vegetative),0.85,50.0,74.6,HEALTHY,0,0.0
2026-01-02 18:00:00,esp32-field-01,NORMAL_BALANCED,31.97,2317,30.84,69.16,HEALTHY,28.67,58.1,0.0,6.4,4.27,8.8,0,Tomato (Vegetative),0.85,50.0,74.6,HEALTHY,0,0.0
2026-01-02 19:00:00,esp32-field-01,NORMAL_BALANCED,31.96,2310,31.71,68.29,HEALTHY,28.5,61.9,0.0,0.18,4.97,7.1,0,Tomato (Vegetative),0.85,50.0,74.6,HEALTHY,0,0.0
2026-01-02 20:00:00,esp32-field-01,NORMAL_BALANCED,31.95,2281,33.17,66.83,HEALTHY,26.23,62.9,0.0,0.5,4.37,1.4,0,Tomato (Vegetative),0.85,50.0,74.6,HEALTHY,0,0.0
2026-01-02 21:00:00,esp32-field-01,NORMAL_BALANCED,31.94,2280,33.76,66.24,HEALTHY,24.77,69.4,0.0,5.23,4.0,2.4,0,Tomato (Vegetative),0.85,50.0,74.5,HEALTHY,0,0.0
2026-01-02 22:00:00,esp32-field-01,NORMAL_BALANCED,31.93,2303,32.08,67.92,HEALTHY,24.51,70.6,0.0,4.51,4.18,1.0,0,Tomato (Vegetative),0.85,50.0,74.5,HEALTHY,0,0.0
2026-01-02 23:00:00,esp32-field-01,NORMAL_BALANCED,31.93,2337,30.4,69.6,HEALTHY,22.44,73.5,0.0,1.31,3.48,1.3,0,Tomato (Vegetative),0.85,50.0,74.5,HEALTHY,0,0.0
2026-01-03 00:00:00,esp32-field-01,NORMAL_BALANCED,31.92,2281,33.39,66.61,HEALTHY,20.17,79.2,0.0,0.07,2.93,6.0,0,Tomato (Vegetative),0.85,50.0,74.5,HEALTHY,0,0.0
2026-01-03 01:00:00,esp32-field-01,NORMAL_BALANCED,31.92,2329,29.95,70.05,HEALTHY,20.01,75.2,0.0,2.73,3.57,5.5,0,Tomato (Vegetative),0.85,50.0,74.5,HEALTHY,0,0.0
2026-01-03 02:00:00,esp32-field-01,NORMAL_BALANCED,31.91,2282,32.41,67.59,HEALTHY,20.0,80.1,0.0,4.62,3.12,0.4,0,Tomato (Vegetative),0.85,50.0,74.5,HEALTHY,0,0.0
2026-01-03 03:00:00,esp32-field-01,NORMAL_BALANCED,31.9,2324,32.0,68.0,HEALTHY,20.58,75.7,0.0,1.1,3.64,3.3,0,Tomato (Vegetative),0.85,50.0,74.5,HEALTHY,0,0.0
2026-01-03 04:00:00,esp32-field-01,NORMAL_BALANCED,31.9,2312,32.68,67.32,HEALTHY,22.25,82.4,0.0,2.11,3.53,0.1,0,Tomato (Vegetative),0.85,50.0,74.5,HEALTHY,0,0.0
2026-01-03 05:00:00,esp32-field-01,NORMAL_BALANCED,31.89,2279,32.05,67.95,HEALTHY,22.37,78.3,0.0,3.52,3.17,1.7,0,Tomato (Vegetative),0.85,50.0,74.5,HEALTHY,0,0.0
2026-01-03 06:00:00,esp32-field-01,NORMAL_BALANCED,31.89,2322,31.84,68.16,HEALTHY,24.14,69.0,0.0,1.02,3.47,11.7,0,Tomato (Vegetative),0.85,50.0,74.5,HEALTHY,0,0.0
2026-01-03 07:00:00,esp32-field-01,NORMAL_BALANCED,31.86,2276,33.51,66.49,HEALTHY,23.44,69.8,0.0,3.41,3.55,1.3,0,Tomato (Vegetative),0.85,50.0,74.5,HEALTHY,0,0.0
2026-01-03 08:00:00,esp32-field-01,NORMAL_BALANCED,31.81,2322,30.98,69.02,HEALTHY,25.63,63.0,0.0,1.05,4.11,1.4,0,Tomato (Vegetative),0.85,50.0,74.4,HEALTHY,0,0.0
2026-01-03 09:00:00,esp32-field-01,NORMAL_BALANCED,31.73,2291,32.41,67.59,HEALTHY,27.58,59.4,0.0,0.09,4.51,7.6,0,Tomato (Vegetative),0.85,50.0,74.4,HEALTHY,0,0.0
2026-01-03 10:00:00,esp32-field-01,NORMAL_BALANCED,31.63,2353,29.79,70.21,HEALTHY,28.63,56.1,0.0,0.93,4.56,1.4,0,Tomato (Vegetative),0.85,50.0,74.4,HEALTHY,0,0.0
2026-01-03 11:00:00,esp32-field-01,NORMAL_BALANCED,31.51,2314,30.86,69.14,HEALTHY,29.55,62.1,0.0,1.14,5.05,1.8,0,Tomato (Vegetative),0.85,50.0,74.4,HEALTHY,0,0.0
2026-01-03 12:00:00,esp32-field-01,NORMAL_BALANCED,31.38,2333,32.08,67.92,HEALTHY,30.74,49.3,0.0,0.14,5.39,2.1,0,Tomato (Vegetative),0.85,50.0,74.4,HEALTHY,0,0.0
2026-01-03 13:00:00,esp32-field-01,NORMAL_BALANCED,31.25,2356,29.72,70.28,HEALTHY,32.51,47.9,0.0,1.56,5.2,1.4,0,Tomato (Vegetative),0.85,50.0,74.4,HEALTHY,0,0.0
2026-01-03 14:00:00,esp32-field-01,NORMAL_BALANCED,31.15,2297,30.76,69.24,HEALTHY,31.02,51.4,0.0,0.29,4.85,1.0,0,Tomato (Vegetative),0.85,50.0,74.4,HEALTHY,0,0.0
2026-01-03 15:00:00,esp32-field-01,NORMAL_BALANCED,31.06,2325,30.48,69.52,HEALTHY,32.27,49.9,0.0,2.55,4.99,6.0,0,Tomato (Vegetative),0.85,50.0,74.4,HEALTHY,0,0.0
2026-01-03 16:00:00,esp32-field-01,NORMAL_BALANCED,31.0,2318,31.43,68.57,HEALTHY,31.27,53.9,0.0,0.59,4.63,0.6,0,Tomato (Vegetative),0.85,50.0,74.4,HEALTHY,0,0.0
2026-01-03 17:00:00,esp32-field-01,NORMAL_BALANCED,30.97,2266,33.2,66.8,HEALTHY,28.32,55.0,0.0,0.25,4.35,2.6,0,Tomato (Vegetative),0.85,50.0,74.3,HEALTHY,0,0.0
2026-01-03 18:00:00,esp32-field-01,NORMAL_BALANCED,30.97,2322,30.51,69.49,HEALTHY,28.4,56.5,0.0,2.14,4.84,3.4,0,Tomato (Vegetative),0.85,50.0,74.3,HEALTHY,0,0.0
2026-01-03 19:00:00,esp32-field-01,NORMAL_BALANCED,30.96,2322,31.1,68.9,HEALTHY,29.26,62.6,0.0,0.2,4.68,10.1,0,Tomato (Vegetative),0.85,50.0,74.3,HEALTHY,0,0.0
2026-01-03 20:00:00,esp32-field-01,NORMAL_BALANCED,30.95,2316,31.16,68.84,HEALTHY,26.06,64.6,0.0,0.34,4.5,4.8,0,Tomato (Vegetative),0.85,50.0,74.3,HEALTHY,0,0.0
2026-01-03 21:00:00,esp32-field-01,NORMAL_BALANCED,30.95,2342,30.75,69.25,HEALTHY,24.22,69.6,0.0,0.75,4.43,6.3,0,Tomato (Vegetative),0.85,50.0,74.3,HEALTHY,0,0.0
2026-01-03 22:00:00,esp32-field-01,NORMAL_BALANCED,30.94,2311,32.28,67.72,HEALTHY,21.69,71.6,0.0,0.73,3.51,6.9,0,Tomato (Vegetative),0.85,50.0,74.3,HEALTHY,0,0.0
2026-01-03 23:00:00,esp32-field-01,NORMAL_BALANCED,30.93,2311,31.71,68.29,HEALTHY,21.82,71.9,0.0,1.45,3.81,4.7,0,Tomato (Vegetative),0.85,50.0,74.3,HEALTHY,0,0.0
2026-01-04 00:00:00,esp32-field-01,NORMAL_BALANCED,30.93,2331,30.24,69.76,HEALTHY,20.48,75.9,0.0,2.16,3.52,2.5,0,Tomato (Vegetative),0.85,50.0,74.3,HEALTHY,0,0.0
2026-01-04 01:00:00,esp32-field-01,NORMAL_BALANCED,30.92,2322,31.69,68.31,HEALTHY,20.78,78.8,0.0,0.39,3.11,0.5,0,Tomato (Vegetative),0.85,50.0,74.3,HEALTHY,0,0.0
2026-01-04 02:00:00,esp32-field-01,NORMAL_BALANCED,30.92,2330,29.92,70.08,HEALTHY,20.29,84.7,0.0,1.31,3.08,7.2,0,Tomato (Vegetative),0.85,50.0,74.3,HEALTHY,0,0.0
2026-01-04 03:00:00,esp32-field-01,NORMAL_BALANCED,30.91,2307,32.34,67.66,HEALTHY,18.58,80.2,0.0,0.03,2.72,2.8,0,Tomato (Vegetative),0.85,50.0,74.2,HEALTHY,0,0.0
2026-01-04 04:00:00,esp32-field-01,NORMAL_BALANCED,30.91,2305,31.98,68.02,HEALTHY,20.25,79.2,0.0,4.09,3.74,4.0,0,Tomato (Vegetative),0.85,50.0,74.2,HEALTHY,0,0.0
2026-01-04 05:00:00,esp32-field-01,NORMAL_BALANCED,30.9,2303,31.76,68.24,HEALTHY,22.3,75.7,0.0,0.08,3.88,1.5,0,Tomato (Vegetative),0.85,50.0,74.2,HEALTHY,0,0.0
2026-01-04 06:00:00,esp32-field-01,NORMAL_BALANCED,30.89,2305,30.95,69.05,HEALTHY,22.29,68.4,0.0,2.01,3.81,1.3,0,Tomato (Vegetative),0.85,50.0,74.2,HEALTHY,0,0.0
2026-01-04 07:00:00,esp32-field-01,NORMAL_BALANCED,30.87,2288,31.73,68.27,HEALTHY,24.26,68.3,0.0,3.69,3.85,1.6,0,Tomato (Vegetative),0.85,50.0,74.2,HEALTHY,0,0.0
2026-01-04 08:00:00,esp32-field-01,NORMAL_BALANCED,30.81,2324,30.85,69.15,HEALTHY,25.81,62.2,0.0,0.35,4.81,4.2,0,Tomato (Vegetative),0.85,50.0,74.2,HEALTHY,0,0.0
2026-01-04 09:00:00,esp32-field-01,NORMAL_BALANCED,30.73,2276,31.84,68.16,HEALTHY,27.66,61.0,0.0,2.24,4.33,0.2,0,Tomato (Vegetative),0.85,50.0,74.2,HEALTHY,0,0.0
2026-01-04 10:00:00,esp32-field-01,NORMAL_BALANCED,30.63,2344,30.33,69.67,HEALTHY,29.87,52.3,0.0,0.7,4.74,8.8,0,Tomato (Vegetative),0.85,50.0,74.2,HEALTHY,0,0.0
2026-01-04 11:00:00,esp32-field-01,NORMAL_BALANCED,30.63,2345,29.73,70.27,HEALTHY,29.31,56.7,0.6,0.93,5.05,74.8,1,Tomato (Vegetative),0.85,50.0,75.4,HEALTHY,0,0.0
2026-01-04 12:00:00,esp32-field-01,NORMAL_BALANCED,30.5,2331,30.69,69.31,HEALTHY,31.1,49.0,0.0,1.92,5.2,0.8,0,Tomato (Vegetative),0.85,50.0,74.2,HEALTHY,0,0.0
2026-01-04 13:00:00,esp32-field-01,NORMAL_BALANCED,30.42,2376,29.08,70.92,HEALTHY,31.04,52.1,0.2,0.65,5.16,68.9,1,Tomato (Vegetative),0.85,50.0,74.6,HEALTHY,0,0.0
2026-01-04 14:00:00,esp32-field-01,NORMAL_BALANCED,30.31,2368,29.19,70.81,HEALTHY,31.63,52.6,0.0,1.47,4.93,0.9,0,Tomato (Vegetative),0.85,50.0,74.1,HEALTHY,0,0.0
2026-01-04 15:00:00,esp32-field-01,NORMAL_BALANCED,30.23,2322,31.0,69.0,HEALTHY,30.28,51.0,0.0,3.04,4.87,0.5,0,Tomato (Vegetative),0.85,50.0,74.1,HEALTHY,0,0.0
2026-01-04 16:00:00,esp32-field-01,NORMAL_BALANCED,30.16,2345,28.79,71.21,HEALTHY,30.94,51.9,0.0,0.23,5.08,0.9,0,Tomato (Vegetative),0.85,50.0,74.1,HEALTHY,0,0.0
2026-01-04 17:00:00,esp32-field-01,NORMAL_BALANCED,30.13,2350,29.76,70.24,HEALTHY,30.31,54.9,0.0,1.58,4.65,2.4,0,Tomato (Vegetative),0.85,50.0,74.1,HEALTHY,0,0.0
2026-01-04 18:00:00,esp32-field-01,NORMAL_BALANCED,30.13,2328,30.94,69.06,HEALTHY,29.18,60.0,0.0,0.81,5.13,7.4,0,Tomato (Vegetative),0.85,50.0,74.1,HEALTHY,0,0.0
2026-01-04 19:00:00,esp32-field-01,NORMAL_BALANCED,30.13,2349,28.91,71.09,HEALTHY,25.89,62.4,0.0,0.42,4.0,2.8,0,Tomato (Vegetative),0.85,50.0,74.1,HEALTHY,0,0.0
2026-01-04 20:00:00,esp32-field-01,NORMAL_BALANCED,30.12,2309,32.22,67.78,HEALTHY,25.32,67.6,0.0,1.98,3.85,8.3,0,Tomato (Vegetative),0.85,50.0,74.1,HEALTHY,0,0.0
2026-01-04 21:00:00,esp32-field-01,NORMAL_BALANCED,30.11,2331,30.26,69.74,HEALTHY,23.38,75.3,0.0,0.17,3.75,4.4,0,Tomato (Vegetative),0.85,50.0,74.1,HEALTHY,0,0.0
2026-01-04 22:00:00,esp32-field-01,NORMAL_BALANCED,30.11,2324,29.66,70.34,HEALTHY,22.56,77.0,0.0,0.48,3.82,3.6,0,Tomato (Vegetative),0.85,50.0,74.1,HEALTHY,0,0.0
2026-01-04 23:00:00,esp32-field-01,NORMAL_BALANCED,30.1,2334,30.75,69.25,HEALTHY,22.56,75.4,0.0,3.09,3.8,2.3,0,Tomato (Vegetative),0.85,50.0,74.0,HEALTHY,0,0.0
2026-01-05 00:00:00,esp32-field-01,NORMAL_BALANCED,30.09,2370,28.76,71.24,HEALTHY,21.39,79.1,0.0,4.33,3.44,13.2,0,Tomato (Vegetative),0.85,50.0,74.0,HEALTHY,0,0.0
2026-01-05 01:00:00,esp32-field-01,NORMAL_BALANCED,30.09,2322,30.99,69.01,HEALTHY,20.3,76.8,0.0,4.33,3.54,10.6,0,Tomato (Vegetative),0.85,50.0,74.0,HEALTHY,0,0.0
2026-01-05 02:00:00,esp32-field-01,NORMAL_BALANCED,30.08,2332,29.71,70.29,HEALTHY,20.66,78.7,0.0,0.12,3.36,0.4,0,Tomato (Vegetative),0.85,50.0,74.0,HEALTHY,0,0.0
2026-01-05 03:00:00,esp32-field-01,NORMAL_BALANCED,30.07,2330,30.77,69.23,HEALTHY,21.1,79.0,0.0,0.58,3.3,4.7,0,Tomato (Vegetative),0.85,50.0,74.0,HEALTHY,0,0.0
2026-01-05 04:00:00,esp32-field-01,NORMAL_BALANCED,30.07,2299,31.2,68.8,HEALTHY,20.86,80.7,0.0,3.1,3.24,3.0,0,Tomato (Vegetative),0.85,50.0,74.0,HEALTHY,0,0.0
2026-01-05 05:00:00,esp32-field-01,NORMAL_BALANCED,30.06,2350,28.52,71.48,HEALTHY,20.53,74.6,0.0,0.53,3.25,1.0,0,Tomato (Vegetative),0.85,50.0,74.0,HEALTHY,0,0.0
2026-01-05 06:00:00,esp32-field-01,NORMAL_BALANCED,30.06,2343,30.6,69.4,HEALTHY,23.69,72.0,0.0,7.09,3.81,0.5,0,Tomato (Vegetative),0.85,50.0,74.0,HEALTHY,0,0.0
2026-01-05 07:00:00,esp32-field-01,NORMAL_BALANCED,30.03,2344,29.63,70.37,HEALTHY,25.58,67.3,0.0,2.27,4.0,0.6,0,Tomato (Vegetative),0.85,50.0,74.0,HEALTHY,0,0.0
2026-01-05 08:00:00,esp32-field-01,NORMAL_BALANCED,29.98,2362,30.36,69.64,HEALTHY,26.99,63.6,0.0,0.38,4.15,0.8,0,Tomato (Vegetative),0.85,50.0,74.0,HEALTHY,0,0.0
2026-01-05 09:00:00,esp32-field-01,NORMAL_BALANCED,29.9,2347,30.33,69.67,HEALTHY,28.21,59.6,0.0,2.97,4.46,9.3,0,Tomato (Vegetative),0.85,50.0,74.0,HEALTHY,0,0.0
2026-01-05 10:00:00,esp32-field-01,NORMAL_BALANCED,29.81,2361,29.22,70.78,HEALTHY,28.88,55.5,0.0,0.13,4.32,2.1,0,Tomato (Vegetative),0.85,50.0,73.9,HEALTHY,0,0.0
2026-01-05 11:00:00,esp32-field-01,NORMAL_BALANCED,29.68,2313,30.74,69.26,HEALTHY,29.5,54.4,0.0,2.61,5.06,2.7,0,Tomato (Vegetative),0.85,50.0,73.9,HEALTHY,0,0.0
2026-01-05 12:00:00,esp32-field-01,NORMAL_BALANCED,29.55,2338,30.44,69.56,HEALTHY,31.6,51.1,0.0,1.85,5.25,6.1,0,Tomato (Vegetative),0.85,50.0,73.9,HEALTHY,0,0.0
2026-01-05 13:00:00,esp32-field-01,NORMAL_BALANCED,29.42,2344,29.13,70.87,HEALTHY,32.4,54.0,0.0,3.08,5.4,6.4,0,Tomato (Vegetative),0.85,50.0,73.9,HEALTHY,0,0.0
2026-01-05 14:00:00,esp32-field-01,NORMAL_BALANCED,29.48,2349,29.5,70.5,HEALTHY,32.26,49.0,0.8,2.64,5.22,78.0,1,Tomato (Vegetative),0.85,50.0,75.5,HEALTHY,0,0.0
2026-01-05 15:00:00,esp32-field-01,NORMAL_BALANCED,29.39,2361,29.56,70.44,HEALTHY,32.25,55.9,0.0,4.94,5.13,2.3,0,Tomato (Vegetative),0.85,50.0,73.9,HEALTHY,0,0.0
2026-01-05 16:00:00,esp32-field-01,NORMAL_BALANCED,29.33,2387,27.88,72.12,HEALTHY,30.19,50.9,0.0,0.1,4.92,3.7,0,Tomato (Vegetative),0.85,50.0,73.9,HEALTHY,0,0.0
2026-01-05 17:00:00,esp32-field-01,NORMAL_BALANCED,29.29,2338,29.24,70.76,HEALTHY,29.85,55.3,0.0,0.48,5.21,1.8,0,Tomato (Vegetative),0.85,50.0,73.9,HEALTHY,0,0.0
2026-01-05 18:00:00,esp32-field-01,NORMAL_BALANCED,29.29,2341,29.11,70.89,HEALTHY,28.88,54.9,0.0,1.59,4.84,3.4,0,Tomato (Vegetative),0.85,50.0,73.9,HEALTHY,0,0.0
2026-01-05 19:00:00,esp32-field-01,NORMAL_BALANCED,29.28,2353,28.73,71.27,HEALTHY,28.85,58.4,0.0,3.37,4.28,1.6,0,Tomato (Vegetative),0.85,50.0,73.8,HEALTHY,0,0.0
2026-01-05 20:00:00,esp32-field-01,NORMAL_BALANCED,29.28,2345,29.49,70.51,HEALTHY,25.53,61.9,0.0,5.17,4.49,1.9,0,Tomato (Vegetative),0.85,50.0,73.8,HEALTHY,0,0.0
2026-01-05 21:00:00,esp32-field-01,NORMAL_BALANCED,29.27,2349,30.33,69.67,HEALTHY,24.85,70.0,0.0,3.8,4.17,0.1,0,Tomato (Vegetative),0.85,50.0,73.8,HEALTHY,0,0.0
2026-01-05 22:00:00,esp32-field-01,NORMAL_BALANCED,29.26,2380,27.99,72.01,HEALTHY,23.34,70.8,0.0,0.1,4.22,2.0,0,Tomato (Vegetative),0.85,50.0,73.8,HEALTHY,0,0.0
2026-01-05 23:00:00,esp32-field-01,NORMAL_BALANCED,29.26,2390,27.32,72.68,HEALTHY,21.45,70.9,0.0,1.78,3.35,1.0,0,Tomato (Vegetative),0.85,50.0,73.8,HEALTHY,0,0.0
2026-01-06 00:00:00,esp32-field-01,NORMAL_BALANCED,29.25,2319,31.17,68.83,HEALTHY,21.14,75.6,0.0,0.23,3.4,13.0,0,Tomato (Vegetative),0.85,50.0,73.8,HEALTHY,0,0.0
2026-01-06 01:00:00,esp32-field-01,NORMAL_BALANCED,29.24,2378,27.61,72.39,HEALTHY,20.05,79.6,0.0,0.05,3.29,1.3,0,Tomato (Vegetative),0.85,50.0,73.8,HEALTHY,0,0.0
2026-01-06 02:00:00,esp32-field-01,NORMAL_BALANCED,29.24,2339,29.46,70.54,HEALTHY,19.49,84.5,0.0,0.27,3.31,0.7,0,Tomato (Vegetative),0.85,50.0,73.8,HEALTHY,0,0.0
2026-01-06 03:00:00,esp32-field-01,NORMAL_BALANCED,29.23,2349,29.55,70.45,HEALTHY,20.25,77.9,0.0,0.62,3.45,4.9,0,Tomato (Vegetative),0.85,50.0,73.8,HEALTHY,0,0.0
2026-01-06 04:00:00,esp32-field-01,NORMAL_BALANCED,29.23,2360,28.4,71.6,HEALTHY,21.47,83.2,0.0,0.13,3.3,3.9,0,Tomato (Vegetative),0.85,50.0,73.8,HEALTHY,0,0.0
2026-01-06 05:00:00,esp32-field-01,NORMAL_BALANCED,29.22,2333,29.57,70.43,HEALTHY,21.74,81.0,0.0,5.52,3.94,16.8,0,Tomato (Vegetative),0.85,50.0,73.8,HEALTHY,0,0.0
2026-01-06 06:00:00,esp32-field-01,NORMAL_BALANCED,29.21,2367,27.72,72.28,HEALTHY,23.39,71.9,0.0,2.04,3.36,3.9,0,Tomato (Vegetative),0.85,50.0,73.7,HEALTHY,0,0.0
2026-01-06 07:00:00,esp32-field-01,NORMAL_BALANCED,29.18,2340,28.82,71.18,HEALTHY,24.6,71.5,0.0,3.46,4.4,6.2,0,Tomato (Vegetative),0.85,50.0,73.7,HEALTHY,0,0.0
2026-01-06 08:00:00,esp32-field-01,NORMAL_BALANCED,29.13,2346,29.39,70.61,HEALTHY,25.6,68.7,0.0,1.89,4.48,0.4,0,Tomato (Vegetative),0.85,50.0,73.7,HEALTHY,0,0.0
2026-01-06 09:00:00,esp32-field-01,NORMAL_BALANCED,29.05,2399,26.77,73.23,HEALTHY,27.93,60.2,0.0,0.27,4.71,2.7,0,Tomato (Vegetative),0.85,50.0,73.7,HEALTHY,0,0.0
2026-01-06 10:00:00,esp32-field-01,NORMAL_BALANCED,28.94,2375,27.69,72.31,HEALTHY,28.94,54.3,0.0,5.25,4.97,0.4,0,Tomato (Vegetative),0.85,50.0,73.7,HEALTHY,0,0.0
2026-01-06 11:00:00,esp32-field-01,NORMAL_BALANCED,28.81,2356,28.42,71.58,HEALTHY,30.3,51.2,0.0,1.44,5.14,0.9,0,Tomato (Vegetative),0.85,50.0,73.7,HEALTHY,0,0.0
2026-01-06 12:00:00,esp32-field-01,NORMAL_BALANCED,28.67,2371,28.43,71.57,HEALTHY,31.56,51.2,0.0,1.32,5.62,4.9,0,Tomato (Vegetative),0.85,50.0,73.7,HEALTHY,0,0.0
2026-01-06 13:00:00,esp32-field-01,NORMAL_BALANCED,28.54,2361,28.59,71.41,HEALTHY,31.75,50.4,0.0,0.9,5.31,0.4,0,Tomato (Vegetative),0.85,50.0,73.7,HEALTHY,0,0.0
2026-01-06 14:00:00,esp32-field-01,NORMAL_BALANCED,28.43,2383,27.73,72.27,HEALTHY,32.31,52.3,0.0,1.01,5.31,2.2,0,Tomato (Vegetative),0.85,50.0,73.7,HEALTHY,0,0.0
2026-01-06 15:00:00,esp32-field-01,NORMAL_BALANCED,28.33,2395,27.49,72.51,HEALTHY,32.57,47.9,0.0,1.67,5.41,0.3,0,Tomato (Vegetative),0.85,50.0,73.7,HEALTHY,0,0.0
2026-01-06 16:00:00,esp32-field-01,NORMAL_BALANCED,28.27,2360,29.04,70.96,HEALTHY,31.08,54.2,0.0,1.03,5.14,3.4,0,Tomato (Vegetative),0.85,50.0,73.6,HEALTHY,0,0.0
2026-01-06 17:00:00,esp32-field-01,NORMAL_BALANCED,28.24,2397,27.32,72.68,HEALTHY,31.02,57.4,0.0,0.17,5.17,3.2,0,Tomato (Vegetative),0.85,50.0,73.6,HEALTHY,0,0.0
2026-01-06 18:00:00,esp32-field-01,NORMAL_BALANCED,28.24,2362,29.07,70.93,HEALTHY,28.82,61.5,0.0,0.59,4.77,1.6,0,Tomato (Vegetative),0.85,50.0,73.6,HEALTHY,0,0.0
2026-01-06 19:00:00,esp32-field-01,NORMAL_BALANCED,28.23,2353,28.33,71.67,HEALTHY,27.34,64.6,0.0,0.59,4.38,0.0,0,Tomato (Vegetative),0.85,50.0,73.6,HEALTHY,0,0.0
2026-01-06 20:00:00,esp32-field-01,NORMAL_BALANCED,28.22,2359,28.36,71.64,HEALTHY,24.85,62.5,0.0,0.39,3.48,1.4,0,Tomato (Vegetative),0.85,50.0,73.6,HEALTHY,0,0.0
2026-01-06 21:00:00,esp32-field-01,NORMAL_BALANCED,28.21,2360,27.95,72.05,HEALTHY,23.97,74.5,0.0,0.04,4.12,2.0,0,Tomato (Vegetative),0.85,50.0,73.6,HEALTHY,0,0.0
2026-01-06 22:00:00,esp32-field-01,NORMAL_BALANCED,28.21,2378,28.0,72.0,HEALTHY,21.93,75.1,0.0,2.51,4.15,4.3,0,Tomato (Vegetative),0.85,50.0,73.6,HEALTHY,0,0.0
2026-01-06 23:00:00,esp32-field-01,NORMAL_BALANCED,28.2,2348,28.12,71.88,HEALTHY,21.23,74.9,0.0,2.44,3.01,1.1,0,Tomato (Vegetative),0.85,50.0,73.6,HEALTHY,0,0.0
2026-01-07 00:00:00,esp32-field-01,NORMAL_BALANCED,28.19,2390,27.42,72.58,HEALTHY,21.08,75.5,0.0,0.3,3.64,0.4,0,Tomato (Vegetative),0.85,50.0,73.6,HEALTHY,0,0.0
2026-01-07 01:00:00,esp32-field-01,NORMAL_BALANCED,28.19,2357,28.54,71.46,HEALTHY,19.78,80.3,0.0,2.46,2.8,2.0,0,Tomato (Vegetative),0.85,50.0,73.5,HEALTHY,0,0.0
2026-01-07 02:00:00,esp32-field-01,NORMAL_BALANCED,28.18,2348,28.58,71.42,HEALTHY,20.04,80.3,0.0,0.39,3.37,6.5,0,Tomato (Vegetative),0.85,50.0,73.5,HEALTHY,0,0.0
2026-01-07 03:00:00,esp32-field-01,NORMAL_BALANCED,28.18,2361,28.89,71.11,HEALTHY,19.33,77.8,0.0,1.65,2.94,1.7,0,Tomato (Vegetative),0.85,50.0,73.5,HEALTHY,0,0.0
2026-01-07 04:00:00,esp32-field-01,NORMAL_BALANCED,28.17,2373,29.15,70.85,HEALTHY,20.26,75.0,0.0,0.37,3.35,6.0,0,Tomato (Vegetative),0.85,50.0,73.5,HEALTHY,0,0.0
2026-01-07 05:00:00,esp32-field-01,NORMAL_BALANCED,28.17,2318,30.23,69.77,HEALTHY,21.37,72.2,0.0,1.78,3.43,0.4,0,Tomato (Vegetative),0.85,50.0,73.5,HEALTHY,0,0.0
2026-01-07 06:00:00,esp32-field-01,NORMAL_BALANCED,28.16,2377,27.28,72.72,HEALTHY,21.66,73.9,0.0,0.13,3.91,0.2,0,Tomato (Vegetative),0.85,50.0,73.5,HEALTHY,0,0.0
2026-01-07 07:00:00,esp32-field-01,NORMAL_BALANCED,28.13,2378,26.89,73.11,HEALTHY,24.47,67.0,0.0,1.14,4.01,3.2,0,Tomato (Vegetative),0.85,50.0,73.5,HEALTHY,0,0.0
2026-01-07 08:00:00,esp32-field-01,NORMAL_BALANCED,28.08,2393,27.29,72.71,HEALTHY,25.14,69.2,0.0,1.24,4.17,0.2,0,Tomato (Vegetative),0.85,50.0,73.5,HEALTHY,0,0.0
2026-01-07 09:00:00,esp32-field-01,NORMAL_BALANCED,28.01,2350,29.0,71.0,HEALTHY,27.48,58.9,0.0,3.93,4.25,4.8,0,Tomato (Vegetative),0.85,50.0,73.5,HEALTHY,0,0.0
2026-01-07 10:00:00,esp32-field-01,NORMAL_BALANCED,27.91,2387,27.49,72.51,HEALTHY,28.01,60.5,0.0,0.14,4.56,2.9,0,Tomato (Vegetative),0.85,50.0,73.5,HEALTHY,0,0.0
2026-01-07 11:00:00,esp32-field-01,NORMAL_BALANCED,27.79,2385,26.73,73.27,HEALTHY,30.74,56.8,0.0,1.21,4.77,8.3,0,Tomato (Vegetative),0.85,50.0,73.5,HEALTHY,0,0.0
2026-01-07 12:00:00,esp32-field-01,NORMAL_BALANCED,27.66,2390,27.35,72.65,HEALTHY,30.08,53.0,0.0,7.27,5.48,2.1,0,Tomato (Vegetative),0.85,50.0,73.4,HEALTHY,0,0.0
2026-01-07 13:00:00,esp32-field-01,NORMAL_BALANCED,27.53,2379,27.29,72.71,HEALTHY,31.85,50.3,0.0,2.34,5.38,4.9,0,Tomato (Vegetative),0.85,50.0,73.4,HEALTHY,0,0.0
2026-01-07 14:00:00,esp32-field-01,NORMAL_BALANCED,27.42,2389,27.24,72.76,HEALTHY,31.83,51.3,0.0,1.54,4.92,11.1,0,Tomato (Vegetative),0.85,50.0,73.4,HEALTHY,0,0.0
2026-01-07 15:00:00,esp32-field-01,NORMAL_BALANCED,27.32,2373,27.77,72.23,HEALTHY,31.78,52.6,0.0,0.76,5.48,2.1,0,Tomato (Vegetative),0.85,50.0,73.4,HEALTHY,0,0.0
2026-01-07 16:00:00,esp32-field-01,NORMAL_BALANCED,27.26,2429,24.95,75.05,HEALTHY,30.5,52.2,0.0,0.56,5.06,1.7,0,Tomato (Vegetative),0.85,50.0,73.4,HEALTHY,0,0.0
2026-01-07 17:00:00,esp32-field-01,NORMAL_BALANCED,27.22,2362,28.2,71.8,HEALTHY,29.4,55.9,0.0,2.28,5.13,0.2,0,Tomato (Vegetative),0.85,50.0,73.4,HEALTHY,0,0.0
2026-01-07 18:00:00,esp32-field-01,NORMAL_BALANCED,27.22,2383,26.93,73.07,HEALTHY,28.96,57.9,0.0,0.23,4.59,0.8,0,Tomato (Vegetative),0.85,50.0,73.4,HEALTHY,0,0.0
2026-01-07 19:00:00,esp32-field-01,NORMAL_BALANCED,27.22,2393,27.22,72.78,HEALTHY,27.28,61.5,0.0,0.55,4.45,2.9,0,Tomato (Vegetative),0.85,50.0,73.4,HEALTHY,0,0.0
2026-01-07 20:00:00,esp32-field-01,NORMAL_BALANCED,27.21,2384,27.91,72.09,HEALTHY,27.6,61.6,0.0,2.64,4.4,1.6,0,Tomato (Vegetative),0.85,50.0,73.4,HEALTHY,0,0.0
2026-01-07 21:00:00,esp32-field-01,NORMAL_BALANCED,27.2,2370,27.52,72.48,HEALTHY,24.04,62.4,0.0,0.02,3.75,0.7,0,Tomato (Vegetative),0.85,50.0,73.3,HEALTHY,0,0.0
2026-01-07 22:00:00,esp32-field-01,NORMAL_BALANCED,27.2,2361,28.13,71.87,HEALTHY,22.98,75.5,0.0,0.24,3.67,2.0,0,Tomato (Vegetative),0.85,50.0,73.3,HEALTHY,0,0.0
2026-01-07 23:00:00,esp32-field-01,NORMAL_BALANCED,27.19,2404,27.02,72.98,HEALTHY,20.8,71.6,0.0,2.32,3.73,9.3,0,Tomato (Vegetative),0.85,50.0,73.3,HEALTHY,0,0.0
2026-01-08 00:00:00,esp32-field-01,NORMAL_BALANCED,27.18,2383,28.31,71.69,HEALTHY,20.02,79.7,0.0,0.93,3.11,7.0,0,Tomato (Vegetative),0.85,50.0,73.3,HEALTHY,0,0.0
2026-01-08 01:00:00,esp32-field-01,NORMAL_BALANCED,27.18,2395,26.58,73.42,HEALTHY,21.12,83.4,0.0,1.08,3.42,4.0,0,Tomato (Vegetative),0.85,50.0,73.3,HEALTHY,0,0.0
2026-01-08 02:00:00,esp32-field-01,NORMAL_BALANCED,27.17,2414,26.53,73.47,HEALTHY,20.06,79.1,0.0,4.7,3.29,0.0,0,Tomato (Vegetative),0.85,50.0,73.3,HEALTHY,0,0.0
2026-01-08 03:00:00,esp32-field-01,NORMAL_BALANCED,27.17,2371,27.6,72.4,HEALTHY,21.04,77.8,0.0,1.62,3.14,0.3,0,Tomato (Vegetative),0.85,50.0,73.3,HEALTHY,0,0.0
2026-01-08 04:00:00,esp32-field-01,NORMAL_BALANCED,27.16,2373,27.39,72.61,HEALTHY,21.42,80.5,0.0,0.35,3.27,1.4,0,Tomato (Vegetative),0.85,50.0,73.3,HEALTHY,0,0.0
2026-01-08 05:00:00,esp32-field-01,NORMAL_BALANCED,27.15,2384,27.9,72.1,HEALTHY,22.08,81.0,0.0,1.31,3.41,2.8,0,Tomato (Vegetative),0.85,50.0,73.3,HEALTHY,0,0.0
2026-01-08 06:00:00,esp32-field-01,NORMAL_BALANCED,27.15,2388,25.76,74.24,HEALTHY,23.42,71.6,0.0,0.7,3.57,0.8,0,Tomato (Vegetative),0.85,50.0,73.3,HEALTHY,0,0.0
2026-01-08 07:00:00,esp32-field-01,NORMAL_BALANCED,27.12,2387,27.77,72.23,HEALTHY,24.29,68.2,0.0,2.96,4.0,5.1,0,Tomato (Vegetative),0.85,50.0,73.2,HEALTHY,0,0.0
2026-01-08 08:00:00,esp32-field-01,NORMAL_BALANCED,27.07,2385,27.33,72.67,HEALTHY,25.43,66.2,0.0,0.29,4.29,3.2,0,Tomato (Vegetative),0.85,50.0,73.2,HEALTHY,0,0.0
2026-01-08 09:00:00,esp32-field-01,NORMAL_BALANCED,26.99,2410,27.46,72.54,HEALTHY,27.83,59.5,0.0,1.98,4.36,5.5,0,Tomato (Vegetative),0.85,50.0,73.2,HEALTHY,0,0.0
2026-01-08 10:00:00,esp32-field-01,NORMAL_BALANCED,26.9,2406,26.4,73.6,HEALTHY,29.75,58.9,0.0,1.52,4.37,6.2,0,Tomato (Vegetative),0.85,50.0,73.2,HEALTHY,0,0.0
2026-01-08 11:00:00,esp32-field-01,NORMAL_BALANCED,26.78,2380,27.25,72.75,HEALTHY,30.1,52.3,0.0,1.44,4.72,4.0,0,Tomato (Vegetative),0.85,50.0,73.2,HEALTHY,0,0.0
2026-01-08 12:00:00,esp32-field-01,NORMAL_BALANCED,26.66,2403,25.5,74.5,HEALTHY,30.42,51.7,0.0,2.05,4.92,0.1,0,Tomato (Vegetative),0.85,50.0,73.2,HEALTHY,0,0.0
2026-01-08 13:00:00,esp32-field-01,NORMAL_BALANCED,26.52,2424,26.2,73.8,HEALTHY,32.3,49.6,0.0,0.75,5.65,2.7,0,Tomato (Vegetative),0.85,50.0,73.2,HEALTHY,0,0.0
2026-01-08 14:00:00,esp32-field-01,NORMAL_BALANCED,26.41,2367,28.18,71.82,HEALTHY,31.47,46.2,0.0,1.33,5.4,0.3,0,Tomato (Vegetative),0.85,50.0,73.2,HEALTHY,0,0.0
2026-01-08 15:00:00,esp32-field-01,NORMAL_BALANCED,26.39,2375,27.36,72.64,HEALTHY,32.88,55.5,0.0,0.47,5.83,4.9,0,Tomato (Vegetative),0.85,50.0,73.2,HEALTHY,1,40.0
2026-01-08 16:00:00,esp32-field-01,NORMAL_BALANCED,26.39,2396,26.04,73.96,HEALTHY,31.19,54.8,0.0,1.09,4.88,4.7,0,Tomato (Vegetative),0.85,50.0,73.2,HEALTHY,1,25.0
2026-01-08 17:00:00,esp32-field-01,NORMAL_BALANCED,26.41,2391,26.91,73.09,HEALTHY,30.18,54.1,0.0,1.54,5.25,8.1,0,Tomato (Vegetative),0.85,50.0,73.2,HEALTHY,1,25.0
2026-01-08 18:00:00,esp32-field-01,NORMAL_BALANCED,26.48,2376,26.59,73.41,HEALTHY,30.59,59.6,0.0,1.25,5.16,0.7,0,Tomato (Vegetative),0.85,50.0,73.1,HEALTHY,1,30.0
2026-01-08 19:00:00,esp32-field-01,NORMAL_BALANCED,26.54,2387,26.86,73.14,HEALTHY,28.28,60.6,0.0,0.99,4.48,1.8,0,Tomato (Vegetative),0.85,50.0,73.1,HEALTHY,1,30.0
2026-01-08 20:00:00,esp32-field-01,NORMAL_BALANCED,26.55,2402,26.27,73.73,HEALTHY,26.1,65.2,0.1,0.91,4.25,67.9,1,Tomato (Vegetative),0.85,50.0,73.3,HEALTHY,0,0.0
2026-01-08 21:00:00,esp32-field-01,NORMAL_BALANCED,26.54,2413,26.16,73.84,HEALTHY,25.02,71.1,0.0,0.84,3.87,1.4,0,Tomato (Vegetative),0.85,50.0,73.1,HEALTHY,0,0.0
2026-01-08 22:00:00,esp32-field-01,NORMAL_BALANCED,26.54,2417,25.66,74.34,HEALTHY,23.74,77.6,0.0,0.41,3.51,0.3,0,Tomato (Vegetative),0.85,50.0,73.1,HEALTHY,0,0.0
2026-01-08 23:00:00,esp32-field-01,NORMAL_BALANCED,26.53,2393,26.86,73.14,HEALTHY,22.94,75.0,0.0,1.47,3.94,4.6,0,Tomato (Vegetative),0.85,50.0,73.1,HEALTHY,0,0.0
2026-01-09 00:00:00,esp32-field-01,NORMAL_BALANCED,26.53,2403,25.67,74.33,HEALTHY,20.22,79.5,0.0,0.3,2.95,10.3,0,Tomato (Vegetative),0.85,50.0,73.1,HEALTHY,0,0.0
2026-01-09 01:00:00,esp32-field-01,NORMAL_BALANCED,26.52,2413,26.71,73.29,HEALTHY,20.09,80.4,0.0,1.17,3.25,1.6,0,Tomato (Vegetative),0.85,50.0,73.1,HEALTHY,0,0.0
2026-01-09 02:00:00,esp32-field-01,NORMAL_BALANCED,26.51,2400,26.34,73.66,HEALTHY,20.39,78.9,0.0,0.15,3.02,0.7,0,Tomato (Vegetative),0.85,50.0,73.1,HEALTHY,0,0.0
2026-01-09 03:00:00,esp32-field-01,NORMAL_BALANCED,26.51,2417,26.5,73.5,HEALTHY,20.99,81.9,0.0,5.73,3.22,1.3,0,Tomato (Vegetative),0.85,50.0,73.0,HEALTHY,0,0.0
2026-01-09 04:00:00,esp32-field-01,NORMAL_BALANCED,26.57,2396,26.17,73.83,HEALTHY,20.89,80.7,0.3,2.07,3.57,74.6,1,Tomato (Vegetative),0.85,50.0,73.6,HEALTHY,0,0.0
2026-01-09 05:00:00,esp32-field-01,NORMAL_BALANCED,26.56,2386,28.17,71.83,HEALTHY,22.87,76.6,0.0,0.5,4.15,1.3,0,Tomato (Vegetative),0.85,50.0,73.0,HEALTHY,0,0.0
2026-01-09 06:00:00,esp32-field-01,NORMAL_BALANCED,26.55,2372,27.57,72.43,HEALTHY,22.68,67.0,0.0,0.33,3.4,1.7,0,Tomato (Vegetative),0.85,50.0,73.0,HEALTHY,0,0.0
2026-01-09 07:00:00,esp32-field-01,NORMAL_BALANCED,26.53,2393,27.38,72.62,HEALTHY,25.18,65.4,0.0,1.43,3.38,0.5,0,Tomato (Vegetative),0.85,50.0,73.0,HEALTHY,0,0.0
2026-01-09 08:00:00,esp32-field-01,NORMAL_BALANCED,26.48,2418,26.04,73.96,HEALTHY,25.81,71.4,0.0,1.98,4.21,1.4,0,Tomato (Vegetative),0.85,50.0,73.0,HEALTHY,0,0.0
2026-01-09 09:00:00,esp32-field-01,NORMAL_BALANCED,26.47,2386,26.44,73.56,HEALTHY,27.79,59.8,0.0,8.75,4.22,1.2,0,Tomato (Vegetative),0.85,50.0,73.0,HEALTHY,1,30.0
2026-01-09 10:00:00,esp32-field-01,NORMAL_BALANCED,26.41,2391,26.8,73.2,HEALTHY,28.82,60.5,0.0,0.12,5.3,6.6,0,Tomato (Vegetative),0.85,50.0,73.0,HEALTHY,1,25.0
2026-01-09 11:00:00,esp32-field-01,NORMAL_BALANCED,26.36,2406,25.68,74.32,HEALTHY,30.44,56.2,0.0,1.12,4.64,6.4,0,Tomato (Vegetative),0.85,50.0,73.0,HEALTHY,1,25.0
2026-01-09 12:00:00,esp32-field-01,NORMAL_BALANCED,26.28,2419,26.2,73.8,HEALTHY,32.34,50.0,0.0,1.29,5.38,1.7,0,Tomato (Vegetative),0.85,50.0,73.0,HEALTHY,1,25.0
2026-01-09 13:00:00,esp32-field-01,NORMAL_BALANCED,26.22,2398,27.17,72.83,HEALTHY,31.16,51.3,0.0,0.29,4.74,0.2,0,Tomato (Vegetative),0.85,50.0,73.0,HEALTHY,1,25.0
2026-01-09 14:00:00,esp32-field-01,NORMAL_BALANCED,26.17,2403,26.74,73.26,HEALTHY,31.74,48.5,0.0,2.14,5.08,1.6,0,Tomato (Vegetative),0.85,50.0,72.9,HEALTHY,1,25.0
2026-01-09 15:00:00,esp32-field-01,NORMAL_BALANCED,26.13,2353,27.65,72.35,HEALTHY,32.08,49.9,0.0,0.93,5.35,1.8,0,Tomato (Vegetative),0.85,50.0,72.9,HEALTHY,1,25.0
2026-01-09 16:00:00,esp32-field-01,NORMAL_BALANCED,26.16,2391,26.47,73.53,HEALTHY,31.79,51.5,0.0,3.75,4.9,4.0,0,Tomato (Vegetative),0.85,50.0,72.9,HEALTHY,1,40.0
2026-01-09 17:00:00,esp32-field-01,NORMAL_BALANCED,26.19,2372,27.84,72.16,HEALTHY,30.62,56.6,0.0,1.51,5.2,2.3,0,Tomato (Vegetative),0.85,50.0,72.9,HEALTHY,1,30.0
2026-01-09 18:00:00,esp32-field-01,NORMAL_BALANCED,26.26,2411,27.02,72.98,HEALTHY,28.8,53.2,0.0,0.38,4.78,0.2,0,Tomato (Vegetative),0.85,50.0,72.9,HEALTHY,1,30.0
2026-01-09 19:00:00,esp32-field-01,NORMAL_BALANCED,26.31,2399,25.93,74.07,HEALTHY,28.07,59.5,0.0,1.11,4.55,5.8,0,Tomato (Vegetative),0.85,50.0,72.9,HEALTHY,1,25.0
2026-01-09 20:00:00,esp32-field-01,NORMAL_BALANCED,26.35,2415,25.46,74.54,HEALTHY,25.5,65.5,0.0,0.1,4.55,6.1,0,Tomato (Vegetative),0.85,50.0,72.9,HEALTHY,1,25.0
2026-01-09 21:00:00,esp32-field-01,NORMAL_BALANCED,26.41,2381,26.92,73.08,HEALTHY,24.2,68.0,0.0,1.69,3.89,3.1,0,Tomato (Vegetative),0.85,50.0,72.9,HEALTHY,1,30.0
2026-01-09 22:00:00,esp32-field-01,NORMAL_BALANCED,26.43,2367,26.59,73.41,HEALTHY,22.35,74.8,0.1,0.56,3.56,74.2,1,Tomato (Vegetative),0.85,50.0,73.1,HEALTHY,0,0.0
2026-01-09 23:00:00,esp32-field-01,NORMAL_BALANCED,26.48,2395,26.23,73.77,HEALTHY,20.68,74.2,0.0,1.34,3.91,1.9,0,Tomato (Vegetative),0.85,50.0,72.8,HEALTHY,1,25.0
2026-01-10 00:00:00,esp32-field-01,NORMAL_BALANCED,26.53,2402,26.38,73.62,HEALTHY,21.14,84.8,0.0,1.44,3.51,0.3,0,Tomato (Vegetative),0.85,50.0,72.8,HEALTHY,1,25.0
2026-01-10 01:00:00,esp32-field-01,NORMAL_BALANCED,26.52,2395,25.42,74.58,HEALTHY,18.69,84.2,0.0,0.48,3.0,0.4,0,Tomato (Vegetative),0.85,50.0,72.8,HEALTHY,0,0.0
2026-01-10 02:00:00,esp32-field-01,NORMAL_BALANCED,26.52,2388,27.23,72.77,HEALTHY,20.19,81.3,0.0,2.58,2.87,9.3,0,Tomato (Vegetative),0.85,50.0,72.8,HEALTHY,0,0.0
2026-01-10 03:00:00,esp32-field-01,NORMAL_BALANCED,26.51,2372,27.73,72.27,HEALTHY,19.77,78.8,0.0,0.19,2.97,1.4,0,Tomato (Vegetative),0.85,50.0,72.8,HEALTHY,0,0.0
2026-01-10 04:00:00,esp32-field-01,NORMAL_BALANCED,26.51,2395,26.86,73.14,HEALTHY,20.65,76.4,0.0,1.35,3.38,1.3,0,Tomato (Vegetative),0.85,50.0,72.8,HEALTHY,0,0.0
2026-01-10 05:00:00,esp32-field-01,NORMAL_BALANCED,26.5,2414,25.14,74.86,HEALTHY,22.29,74.1,0.0,1.15,3.69,0.2,0,Tomato (Vegetative),0.85,50.0,72.8,HEALTHY,0,0.0
2026-01-10 06:00:00,esp32-field-01,NORMAL_BALANCED,26.49,2419,25.67,74.33,HEALTHY,22.62,72.7,0.0,1.58,3.69,3.9,0,Tomato (Vegetative),0.85,50.0,72.8,HEALTHY,0,0.0
2026-01-10 07:00:00,esp32-field-01,NORMAL_BALANCED,26.53,2385,25.79,74.21,HEALTHY,25.04,65.9,0.0,0.89,4.27,4.7,0,Tomato (Vegetative),0.85,50.0,72.8,HEALTHY,1,30.0
2026-01-10 08:00:00,esp32-field-01,NORMAL_BALANCED,26.48,2406,26.42,73.58,HEALTHY,25.75,65.6,0.0,1.08,4.09,2.2,0,Tomato (Vegetative),0.85,50.0,72.8,HEALTHY,0,0.0
2026-01-10 09:00:00,esp32-field-01,NORMAL_BALANCED,26.51,2412,25.16,74.84,HEALTHY,26.83,61.7,0.0,0.73,3.81,0.0,0,Tomato (Vegetative),0.85,50.0,72.8,HEALTHY,1,40.0
2026-01-10 10:00:00,esp32-field-01,NORMAL_BALANCED,26.4,2414,26.03,73.97,HEALTHY,27.86,60.7,0.0,0.04,4.97,2.0,0,Tomato (Vegetative),0.85,50.0,72.7,HEALTHY,0,0.0
2026-01-10 11:00:00,esp32-field-01,NORMAL_BALANCED,27.0,2404,26.72,73.28,HEALTHY,30.25,51.6,3.4,8.56,4.8,67.8,1,Tomato (Vegetative),0.85,50.0,79.5,HEALTHY,0,0.0
2026-01-10 12:00:00,esp32-field-01,NORMAL_BALANCED,26.89,2396,28.27,71.73,HEALTHY,30.96,48.2,0.0,0.25,4.63,2.3,0,Tomato (Vegetative),0.85,50.0,72.7,HEALTHY,0,0.0
2026-01-10 13:00:00,esp32-field-01,NORMAL_BALANCED,26.77,2383,26.07,73.93,HEALTHY,31.64,53.6,0.0,0.63,4.85,0.2,0,Tomato (Vegetative),0.85,50.0,72.7,HEALTHY,0,0.0
2026-01-10 14:00:00,esp32-field-01,NORMAL_BALANCED,26.66,2405,27.54,72.46,HEALTHY,32.52,49.6,0.0,0.77,4.98,2.0,0,Tomato (Vegetative),0.85,50.0,72.7,HEALTHY,0,0.0
2026-01-10 15:00:00,esp32-field-01,NORMAL_BALANCED,26.57,2409,26.12,73.88,HEALTHY,31.48,47.3,0.0,4.99,5.08,0.8,0,Tomato (Vegetative),0.85,50.0,72.7,HEALTHY,0,0.0
2026-01-10 16:00:00,esp32-field-01,NORMAL_BALANCED,26.51,2393,26.81,73.19,HEALTHY,31.52,51.1,0.0,3.14,5.16,1.0,0,Tomato (Vegetative),0.85,50.0,72.7,HEALTHY,0,0.0
2026-01-10 17:00:00,esp32-field-01,NORMAL_BALANCED,26.48,2385,25.8,74.2,HEALTHY,30.42,57.0,0.0,0.73,4.55,4.3,0,Tomato (Vegetative),0.85,50.0,72.7,HEALTHY,0,0.0
2026-01-10 18:00:00,esp32-field-01,NORMAL_BALANCED,26.57,2380,27.5,72.5,HEALTHY,31.2,60.5,0.0,4.69,4.96,2.6,0,Tomato (Vegetative),0.85,50.0,72.7,HEALTHY,1,40.0
2026-01-10 19:00:00,esp32-field-01,NORMAL_BALANCED,26.9,2392,27.66,72.34,HEALTHY,27.97,53.8,1.6,4.15,4.68,74.2,1,Tomato (Vegetative),0.85,50.0,75.9,HEALTHY,0,0.0
2026-01-10 20:00:00,esp32-field-01,NORMAL_BALANCED,26.89,2374,27.58,72.42,HEALTHY,25.32,61.6,0.0,0.01,3.93,9.5,0,Tomato (Vegetative),0.85,50.0,72.6,HEALTHY,0,0.0
2026-01-10 21:00:00,esp32-field-01,NORMAL_BALANCED,26.89,2397,27.44,72.56,HEALTHY,25.05,70.7,0.0,2.1,4.18,0.5,0,Tomato (Vegetative),0.85,50.0,72.6,HEALTHY,0,0.0
2026-01-10 22:00:00,esp32-field-01,NORMAL_BALANCED,26.88,2402,26.17,73.83,HEALTHY,23.25,75.2,0.0,0.78,3.75,1.6,0,Tomato (Vegetative),0.85,50.0,72.6,HEALTHY,0,0.0
2026-01-10 23:00:00,esp32-field-01,NORMAL_BALANCED,26.87,2396,26.73,73.27,HEALTHY,21.37,70.9,0.0,2.37,3.51,2.1,0,Tomato (Vegetative),0.85,50.0,72.6,HEALTHY,0,0.0
2026-01-11 00:00:00,esp32-field-01,NORMAL_BALANCED,26.87,2402,26.12,73.88,HEALTHY,19.68,76.1,0.0,0.78,2.99,7.9,0,Tomato (Vegetative),0.85,50.0,72.6,HEALTHY,0,0.0
2026-01-11 01:00:00,esp32-field-01,NORMAL_BALANCED,26.86,2408,26.18,73.82,HEALTHY,20.65,81.1,0.0,0.66,3.03,2.8,0,Tomato (Vegetative),0.85,50.0,72.6,HEALTHY,0,0.0
2026-01-11 02:00:00,esp32-field-01,NORMAL_BALANCED,26.86,2386,27.85,72.15,HEALTHY,17.89,80.5,0.0,0.42,3.34,3.4,0,Tomato (Vegetative),0.85,50.0,72.6,HEALTHY,0,0.0
2026-01-11 03:00:00,esp32-field-01,NORMAL_BALANCED,26.85,2418,25.38,74.62,HEALTHY,20.6,82.1,0.0,0.47,4.02,4.5,0,Tomato (Vegetative),0.85,50.0,72.6,HEALTHY,0,0.0
2026-01-11 04:00:00,esp32-field-01,NORMAL_BALANCED,27.21,2362,27.97,72.03,HEALTHY,20.44,78.4,1.7,2.62,3.1,79.0,1,Tomato (Vegetative),0.85,50.0,76.0,HEALTHY,0,0.0
2026-01-11 05:00:00,esp32-field-01,NORMAL_BALANCED,27.2,2404,26.96,73.04,HEALTHY,22.33,73.4,0.0,2.77,3.44,0.9,0,Tomato (Vegetative),0.85,50.0,72.5,HEALTHY,0,0.0
2026-01-11 06:00:00,esp32-field-01,NORMAL_BALANCED,27.19,2412,27.14,72.86,HEALTHY,22.54,74.6,0.0,0.14,3.61,10.0,0,Tomato (Vegetative),0.85,50.0,72.5,HEALTHY,0,0.0
2026-01-11 07:00:00,esp32-field-01,NORMAL_BALANCED,27.16,2358,28.15,71.85,HEALTHY,25.44,71.2,0.0,4.52,4.35,4.3,0,Tomato (Vegetative),0.85,50.0,72.5,HEALTHY,0,0.0
2026-01-11 08:00:00,esp32-field-01,NORMAL_BALANCED,27.11,2427,24.84,75.16,HEALTHY,26.74,66.5,0.0,4.71,4.62,1.3,0,Tomato (Vegetative),0.85,50.0,72.5,HEALTHY,0,0.0
2026-01-11 09:00:00,esp32-field-01,NORMAL_BALANCED,27.03,2387,26.91,73.09,HEALTHY,27.17,58.1,0.0,2.59,4.26,1.6,0,Tomato (Vegetative),0.85,50.0,72.5,HEALTHY,0,0.0
2026-01-11 10:00:00,esp32-field-01,NORMAL_BALANCED,26.93,2397,26.34,73.66,HEALTHY,29.34,60.1,0.0,1.4,4.72,3.4,0,Tomato (Vegetative),0.85,50.0,72.5,HEALTHY,0,0.0
2026-01-11 11:00:00,esp32-field-01,NORMAL_BALANCED,26.82,2361,28.13,71.87,HEALTHY,29.63,57.2,0.0,3.31,4.49,0.7,0,Tomato (Vegetative),0.85,50.0,72.5,HEALTHY,0,0.0
2026-01-11 12:00:00,esp32-field-01,NORMAL_BALANCED,26.7,2403,25.48,74.52,HEALTHY,30.21,52.1,0.0,0.02,4.63,5.4,0,Tomato (Vegetative),0.85,50.0,72.5,HEALTHY,0,0.0
2026-01-11 13:00:00,esp32-field-01,NORMAL_BALANCED,26.6,2406,26.44,73.56,HEALTHY,31.64,48.0,0.0,0.01,4.47,2.7,0,Tomato (Vegetative),0.85,50.0,72.5,HEALTHY,0,0.0
2026-01-11 14:00:00,esp32-field-01,NORMAL_BALANCED,26.48,2405,26.29,73.71,HEALTHY,31.97,47.0,0.0,1.11,5.44,4.4,0,Tomato (Vegetative),0.85,50.0,72.5,HEALTHY,0,0.0
2026-01-11 15:00:00,esp32-field-01,NORMAL_BALANCED,26.58,2397,27.12,72.88,HEALTHY,31.87,54.4,0.9,2.91,4.84,65.0,1,Tomato (Vegetative),0.85,50.0,74.2,HEALTHY,0,0.0
2026-01-11 16:00:00,esp32-field-01,NORMAL_BALANCED,26.52,2427,25.21,74.79,HEALTHY,30.08,49.9,0.0,0.09,4.83,1.9,0,Tomato (Vegetative),0.85,50.0,72.4,HEALTHY,0,0.0
2026-01-11 17:00:00,esp32-field-01,NORMAL_BALANCED,26.49,2411,26.81,73.19,HEALTHY,30.28,51.2,0.0,1.46,4.74,0.5,0,Tomato (Vegetative),0.85,50.0,72.4,HEALTHY,0,0.0
2026-01-11 18:00:00,esp32-field-01,NORMAL_BALANCED,26.56,2424,25.75,74.25,HEALTHY,29.35,60.4,0.0,3.74,5.14,1.3,0,Tomato (Vegetative),0.85,50.0,72.4,HEALTHY,1,30.0
2026-01-11 19:00:00,esp32-field-01,NORMAL_BALANCED,26.55,2371,28.17,71.83,HEALTHY,27.5,58.4,0.0,0.42,4.4,2.3,0,Tomato (Vegetative),0.85,50.0,72.4,HEALTHY,0,0.0
2026-01-11 20:00:00,esp32-field-01,NORMAL_BALANCED,26.54,2407,25.03,74.97,HEALTHY,26.59,63.5,0.0,0.27,4.84,0.1,0,Tomato (Vegetative),0.85,50.0,72.4,HEALTHY,0,0.0
2026-01-11 21:00:00,esp32-field-01,NORMAL_BALANCED,26.54,2426,25.26,74.74,HEALTHY,24.26,70.0,0.0,0.33,4.01,9.7,0,Tomato (Vegetative),0.85,50.0,72.4,HEALTHY,0,0.0
2026-01-11 22:00:00,esp32-field-01,NORMAL_BALANCED,26.53,2403,26.56,73.44,HEALTHY,22.5,72.9,0.0,3.58,3.68,4.7,0,Tomato (Vegetative),0.85,50.0,72.4,HEALTHY,0,0.0
2026-01-11 23:00:00,esp32-field-01,NORMAL_BALANCED,26.52,2417,25.76,74.24,HEALTHY,21.77,75.4,0.0,1.54,3.21,0.9,0,Tomato (Vegetative),0.85,50.0,72.4,HEALTHY,0,0.0
2026-01-12 00:00:00,esp32-field-01,NORMAL_BALANCED,26.52,2412,26.35,73.65,HEALTHY,20.8,81.9,0.0,0.38,3.51,3.0,0,Tomato (Vegetative),0.85,50.0,72.4,HEALTHY,0,0.0
2026-01-12 01:00:00,esp32-field-01,NORMAL_BALANCED,26.85,2397,27.12,72.88,HEALTHY,19.89,79.1,1.6,2.91,2.99,69.2,1,Tomato (Vegetative),0.85,50.0,75.5,HEALTHY,0,0.0
2026-01-12 02:00:00,esp32-field-01,NORMAL_BALANCED,26.85,2431,25.35,74.65,HEALTHY,19.87,76.6,0.0,4.52,2.81,7.5,0,Tomato (Vegetative),0.85,50.0,72.3,HEALTHY,0,0.0
2026-01-12 03:00:00,esp32-field-01,NORMAL_BALANCED,26.84,2410,25.85,74.15,HEALTHY,20.49,75.5,0.0,3.76,3.65,0.6,0,Tomato (Vegetative),0.85,50.0,72.3,HEALTHY,0,0.0
2026-01-12 04:00:00,esp32-field-01,NORMAL_BALANCED,26.84,2348,28.42,71.58,HEALTHY,20.14,78.5,0.0,1.31,3.21,9.0,0,Tomato (Vegetative),0.85,50.0,72.3,HEALTHY,0,0.0
2026-01-12 05:00:00,esp32-field-01,NORMAL_BALANCED,26.83,2396,26.6,73.4,HEALTHY,21.19,78.0,0.0,0.82,3.62,6.7,0,Tomato (Vegetative),0.85,50.0,72.3,HEALTHY,0,0.0
2026-01-12 06:00:00,esp32-field-01,NORMAL_BALANCED,26.82,2431,24.74,75.26,HEALTHY,24.06,73.5,0.0,2.9,3.55,1.2,0,Tomato (Vegetative),0.85,50.0,72.3,HEALTHY,0,0.0
2026-01-12 07:00:00,esp32-field-01,NORMAL_BALANCED,26.8,2363,27.39,72.61,HEALTHY,24.11,71.3,0.0,3.13,4.15,0.5,0,Tomato (Vegetative),0.85,50.0,72.3,HEALTHY,0,0.0
2026-01-12 08:00:00,esp32-field-01,NORMAL_BALANCED,26.75,2396,25.88,74.12,HEALTHY,26.22,66.7,0.0,0.38,3.6,10.8,0,Tomato (Vegetative),0.85,50.0,72.3,HEALTHY,0,0.0
2026-01-12 09:00:00,esp32-field-01,NORMAL_BALANCED,26.67,2375,27.58,72.42,HEALTHY,28.41,63.2,0.0,1.87,4.53,1.2,0,Tomato (Vegetative),0.85,50.0,72.3,HEALTHY,0,0.0
2026-01-12 10:00:00,esp32-field-01,NORMAL_BALANCED,26.58,2415,25.91,74.09,HEALTHY,29.32,61.1,0.0,1.18,4.31,0.2,0,Tomato (Vegetative),0.85,50.0,72.3,HEALTHY,0,0.0
2026-01-12 11:00:00,esp32-field-01,NORMAL_BALANCED,26.47,2413,27.1,72.9,HEALTHY,30.64,54.7,0.0,0.16,4.55,4.3,0,Tomato (Vegetative),0.85,50.0,72.2,HEALTHY,0,0.0
2026-01-12 12:00:00,esp32-field-01,NORMAL_BALANCED,26.42,2417,26.08,73.92,HEALTHY,33.37,54.7,0.0,1.78,5.64,7.6,0,Tomato (Vegetative),0.85,50.0,72.2,HEALTHY,1,40.0
2026-01-12 13:00:00,esp32-field-01,NORMAL_BALANCED,26.35,2391,27.27,72.73,HEALTHY,32.24,47.7,0.0,0.56,5.39,2.4,0,Tomato (Vegetative),0.85,50.0,72.2,HEALTHY,1,30.0
2026-01-12 14:00:00,esp32-field-01,NORMAL_BALANCED,26.31,2437,26.35,73.65,HEALTHY,31.63,49.3,0.0,1.82,5.09,0.0,0,Tomato (Vegetative),0.85,50.0,72.2,HEALTHY,1,30.0
2026-01-12 15:00:00,esp32-field-01,NORMAL_BALANCED,26.29,2386,25.77,74.23,HEALTHY,33.4,55.3,0.0,4.89,4.95,0.4,0,Tomato (Vegetative),0.85,50.0,72.2,HEALTHY,1,30.0
2026-01-12 16:00:00,esp32-field-01,NORMAL_BALANCED,26.32,2394,26.66,73.34,HEALTHY,31.96,49.2,0.0,2.39,4.91,3.4,0,Tomato (Vegetative),0.85,50.0,72.2,HEALTHY,1,40.0
2026-01-12 17:00:00,esp32-field-01,NORMAL_BALANCED,26.34,2423,25.95,74.05,HEALTHY,30.26,54.6,0.0,0.74,4.72,0.1,0,Tomato (Vegetative),0.85,50.0,72.2,HEALTHY,1,25.0
2026-01-12 18:00:00,esp32-field-01,NORMAL_BALANCED,26.4,2431,25.51,74.49,HEALTHY,27.94,55.9,0.0,0.5,4.9,4.6,0,Tomato (Vegetative),0.85,50.0,72.2,HEALTHY,1,25.0
2026-01-12 19:00:00,esp32-field-01,NORMAL_BALANCED,26.46,2389,27.38,72.62,HEALTHY,27.93,60.7,0.0,0.81,4.86,0.7,0,Tomato (Vegetative),0.85,50.0,72.2,HEALTHY,1,30.0
2026-01-12 20:00:00,esp32-field-01,NORMAL_BALANCED,26.52,2420,25.45,74.55,HEALTHY,25.88,64.9,0.0,1.19,4.11,0.3,0,Tomato (Vegetative),0.85,50.0,72.2,HEALTHY,1,30.0
2026-01-12 21:00:00,esp32-field-01,NORMAL_BALANCED,26.51,2431,25.95,74.05,HEALTHY,24.51,65.3,0.0,1.49,4.0,4.0,0,Tomato (Vegetative),0.85,50.0,72.2,HEALTHY,0,0.0
2026-01-12 22:00:00,esp32-field-01,NORMAL_BALANCED,26.51,2427,26.19,73.81,HEALTHY,23.34,69.5,0.0,0.84,3.86,0.2,0,Tomato (Vegetative),0.85,50.0,72.1,HEALTHY,0,0.0
2026-01-12 23:00:00,esp32-field-01,NORMAL_BALANCED,26.5,2389,27.66,72.34,HEALTHY,23.19,77.5,0.0,1.67,3.52,1.8,0,Tomato (Vegetative),0.85,50.0,72.1,HEALTHY,0,0.0
2026-01-13 00:00:00,esp32-field-01,NORMAL_BALANCED,26.49,2436,25.34,74.66,HEALTHY,22.57,77.7,0.0,4.2,3.39,0.7,0,Tomato (Vegetative),0.85,50.0,72.1,HEALTHY,0,0.0
2026-01-13 01:00:00,esp32-field-01,NORMAL_BALANCED,26.56,2395,27.13,72.87,HEALTHY,19.24,83.3,0.0,1.94,3.12,0.7,0,Tomato (Vegetative),0.85,50.0,72.1,HEALTHY,1,30.0
2026-01-13 02:00:00,esp32-field-01,NORMAL_BALANCED,26.55,2385,26.2,73.8,HEALTHY,19.29,77.8,0.0,0.85,3.08,7.4,0,Tomato (Vegetative),0.85,50.0,72.1,HEALTHY,0,0.0
2026-01-13 03:00:00,esp32-field-01,NORMAL_BALANCED,26.54,2384,27.58,72.42,HEALTHY,20.22,79.3,0.0,0.14,3.66,3.8,0,Tomato (Vegetative),0.85,50.0,72.1,HEALTHY,0,0.0
2026-01-13 04:00:00,esp32-field-01,NORMAL_BALANCED,26.54,2407,27.08,72.92,HEALTHY,20.64,76.2,0.0,0.92,3.12,0.2,0,Tomato (Vegetative),0.85,50.0,72.1,HEALTHY,0,0.0
2026-01-13 05:00:00,esp32-field-01,NORMAL_BALANCED,26.53,2386,26.7,73.3,HEALTHY,22.04,76.7,0.0,2.01,3.21,4.1,0,Tomato (Vegetative),0.85,50.0,72.1,HEALTHY,0,0.0
2026-01-13 06:00:00,esp32-field-01,NORMAL_BALANCED,26.53,2403,26.77,73.23,HEALTHY,23.03,72.9,0.0,0.69,3.91,0.9,0,Tomato (Vegetative),0.85,50.0,72.1,HEALTHY,0,0.0
2026-01-13 07:00:00,esp32-field-01,NORMAL_BALANCED,26.5,2406,25.68,74.32,HEALTHY,25.95,67.0,0.0,1.57,4.4,1.8,0,Tomato (Vegetative),0.85,50.0,72.0,HEALTHY,0,0.0
2026-01-13 08:00:00,esp32-field-01,NORMAL_BALANCED,26.53,2386,27.12,72.88,HEALTHY,26.6,63.3,0.0,0.17,4.3,7.9,0,Tomato (Vegetative),0.85,50.0,72.0,HEALTHY,1,40.0
2026-01-13 09:00:00,esp32-field-01,NORMAL_BALANCED,26.45,2391,26.89,73.11,HEALTHY,28.59,61.3,0.0,0.01,4.82,4.9,0,Tomato (Vegetative),0.85,50.0,72.0,HEALTHY,0,0.0
2026-01-13 10:00:00,esp32-field-01,NORMAL_BALANCED,26.42,2400,25.5,74.5,HEALTHY,29.55,59.6,0.0,2.64,4.56,6.2,0,Tomato (Vegetative),0.85,50.0,72.0,HEALTHY,1,30.0
2026-01-13 11:00:00,esp32-field-01,NORMAL_BALANCED,26.35,2355,28.74,71.26,HEALTHY,30.08,52.3,0.0,1.69,4.9,5.9,0,Tomato (Vegetative),0.85,50.0,72.0,HEALTHY,1,25.0
2026-01-13 12:00:00,esp32-field-01,NORMAL_BALANCED,26.3,2400,27.08,72.92,HEALTHY,29.74,46.2,0.0,1.01,4.54,1.5,0,Tomato (Vegetative),0.85,50.0,72.0,HEALTHY,1,25.0
2026-01-13 13:00:00,esp32-field-01,NORMAL_BALANCED,26.25,2401,26.02,73.98,HEALTHY,31.6,51.6,0.0,1.4,4.91,2.2,0,Tomato (Vegetative),0.85,50.0,72.0,HEALTHY,1,30.0
2026-01-13 14:00:00,esp32-field-01,NORMAL_BALANCED,26.2,2358,27.27,72.73,HEALTHY,31.54,53.0,0.0,0.8,4.9,12.9,0,Tomato (Vegetative),0.85,50.0,72.0,HEALTHY,1,25.0
2026-01-13 15:00:00,esp32-field-01,NORMAL_BALANCED,26.17,2404,26.18,73.82,HEALTHY,31.19,51.8,0.0,1.14,4.38,3.0,0,Tomato (Vegetative),0.85,50.0,72.0,HEALTHY,1,25.0
2026-01-13 16:00:00,esp32-field-01,NORMAL_BALANCED,26.2,2386,26.23,73.77,HEALTHY,32.55,52.9,0.0,2.17,5.25,0.4,0,Tomato (Vegetative),0.85,50.0,72.0,HEALTHY,1,40.0
2026-01-13 17:00:00,esp32-field-01,NORMAL_BALANCED,26.22,2406,26.99,73.01,HEALTHY,30.21,52.5,0.0,0.02,5.39,0.9,0,Tomato (Vegetative),0.85,50.0,72.0,HEALTHY,1,25.0
2026-01-13 18:00:00,esp32-field-01,NORMAL_BALANCED,26.31,2422,26.02,73.98,HEALTHY,29.09,57.4,0.0,0.9,5.01,4.7,0,Tomato (Vegetative),0.85,50.0,71.9,HEALTHY,1,40.0
2026-01-13 19:00:00,esp32-field-01,NORMAL_BALANCED,26.39,2412,25.85,74.15,HEALTHY,27.53,60.6,0.0,0.3,4.22,2.0,0,Tomato (Vegetative),0.85,50.0,71.9,HEALTHY,1,40.0
2026-01-13 20:00:00,esp32-field-01,NORMAL_BALANCED,26.44,2409,25.84,74.16,HEALTHY,25.61,68.0,0.0,1.23,4.01,17.6,0,Tomato (Vegetative),0.85,50.0,71.9,HEALTHY,1,25.0
2026-01-13 21:00:00,esp32-field-01,NORMAL_BALANCED,26.5,2426,25.39,74.61,HEALTHY,25.53,70.9,0.0,3.97,3.76,1.3,0,Tomato (Vegetative),0.85,50.0,71.9,HEALTHY,1,30.0
2026-01-13 22:00:00,esp32-field-01,NORMAL_BALANCED,26.5,2399,27.06,72.94,HEALTHY,22.2,73.2,0.0,1.31,3.96,4.4,0,Tomato (Vegetative),0.85,50.0,71.9,HEALTHY,0,0.0
2026-01-13 23:00:00,esp32-field-01,NORMAL_BALANCED,26.56,2382,27.78,72.22,HEALTHY,20.96,75.7,0.0,0.33,3.65,0.6,0,Tomato (Vegetative),0.85,50.0,71.9,HEALTHY,1,30.0
2026-01-14 00:00:00,esp32-field-01,NORMAL_BALANCED,26.55,2385,26.48,73.52,HEALTHY,20.96,82.2,0.0,1.5,3.65,2.6,0,Tomato (Vegetative),0.85,50.0,71.9,HEALTHY,0,0.0
2026-01-14 01:00:00,esp32-field-01,NORMAL_BALANCED,26.55,2392,25.92,74.08,HEALTHY,19.61,77.9,0.0,3.58,2.9,1.7,0,Tomato (Vegetative),0.85,50.0,71.9,HEALTHY,0,0.0
2026-01-14 02:00:00,esp32-field-01,NORMAL_BALANCED,26.54,2373,27.28,72.72,HEALTHY,20.02,77.7,0.0,2.39,3.61,3.2,0,Tomato (Vegetative),0.85,50.0,71.9,HEALTHY,0,0.0
2026-01-14 03:00:00,esp32-field-01,NORMAL_BALANCED,26.53,2392,25.82,74.18,HEALTHY,20.32,80.9,0.0,0.37,2.99,3.6,0,Tomato (Vegetative),0.85,50.0,71.8,HEALTHY,0,0.0
2026-01-14 04:00:00,esp32-field-01,NORMAL_BALANCED,26.53,2429,25.77,74.23,HEALTHY,21.24,79.4,0.0,0.14,3.59,0.6,0,Tomato (Vegetative),0.85,50.0,71.8,HEALTHY,0,0.0
2026-01-14 05:00:00,esp32-field-01,NORMAL_BALANCED,26.52,2410,26.31,73.69,HEALTHY,22.0,71.7,0.0,3.29,3.58,6.8,0,Tomato (Vegetative),0.85,50.0,71.8,HEALTHY,0,0.0
2026-01-14 06:00:00,esp32-field-01,NORMAL_BALANCED,26.51,2373,27.44,72.56,HEALTHY,22.8,73.3,0.0,0.1,3.76,2.6,0,Tomato (Vegetative),0.85,50.0,71.8,HEALTHY,0,0.0
2026-01-14 07:00:00,esp32-field-01,NORMAL_BALANCED,26.49,2387,26.38,73.62,HEALTHY,23.74,68.3,0.0,0.56,3.82,2.5,0,Tomato (Vegetative),0.85,50.0,71.8,HEALTHY,0,0.0
2026-01-14 08:00:00,esp32-field-01,NORMAL_BALANCED,26.52,2404,25.12,74.88,HEALTHY,26.48,66.6,0.0,2.72,4.61,0.1,0,Tomato (Vegetative),0.85,50.0,71.8,HEALTHY,1,40.0
2026-01-14 09:00:00,esp32-field-01,NORMAL_BALANCED,26.44,2380,27.37,72.63,HEALTHY,27.69,59.6,0.0,1.26,4.69,2.6,0,Tomato (Vegetative),0.85,50.0,71.8,HEALTHY,0,0.0
2026-01-14 10:00:00,esp32-field-01,NORMAL_BALANCED,26.4,2403,26.9,73.1,HEALTHY,29.67,61.3,0.0,1.02,5.13,1.8,0,Tomato (Vegetative),0.85,50.0,71.8,HEALTHY,1,30.0
2026-01-14 11:00:00,esp32-field-01,NORMAL_BALANCED,26.33,2388,27.26,72.74,HEALTHY,30.2,52.8,0.0,0.27,5.18,8.5,0,Tomato (Vegetative),0.85,50.0,71.8,HEALTHY,1,25.0
2026-01-14 12:00:00,esp32-field-01,NORMAL_BALANCED,26.27,2369,27.86,72.14,HEALTHY,30.86,52.2,0.0,0.8,4.8,5.0,0,Tomato (Vegetative),0.85,50.0,71.8,HEALTHY,1,30.0
2026-01-14 13:00:00,esp32-field-01,NORMAL_BALANCED,26.21,2384,26.61,73.39,HEALTHY,32.16,53.8,0.0,1.15,5.41,9.7,0,Tomato (Vegetative),0.85,50.0,71.8,HEALTHY,1,30.0
2026-01-14 14:00:00,esp32-field-01,NORMAL_BALANCED,26.17,2412,25.86,74.14,HEALTHY,31.78,51.0,0.0,0.66,5.08,2.7,0,Tomato (Vegetative),0.85,50.0,71.7,HEALTHY,1,30.0
2026-01-14 15:00:00,esp32-field-01,NORMAL_BALANCED,26.16,2409,25.3,74.7,HEALTHY,31.94,52.4,0.0,5.61,5.36,2.1,0,Tomato (Vegetative),0.85,50.0,71.7,HEALTHY,1,40.0
2026-01-14 16:00:00,esp32-field-01,NORMAL_BALANCED,26.16,2399,25.88,74.12,HEALTHY,31.89,52.6,0.0,2.82,5.36,1.9,0,Tomato (Vegetative),0.85,50.0,71.7,HEALTHY,1,30.0
2026-01-14 17:00:00,esp32-field-01,NORMAL_BALANCED,26.2,2393,26.72,73.28,HEALTHY,31.39,51.9,0.0,0.81,4.99,4.7,0,Tomato (Vegetative),0.85,50.0,71.7,HEALTHY,1,30.0
2026-01-14 18:00:00,esp32-field-01,NORMAL_BALANCED,26.27,2407,25.13,74.87,HEALTHY,27.92,53.2,0.0,0.53,4.39,1.2,0,Tomato (Vegetative),0.85,50.0,71.7,HEALTHY,1,30.0
2026-01-14 19:00:00,esp32-field-01,NORMAL_BALANCED,26.33,2409,26.1,73.9,HEALTHY,27.69,61.8,0.0,1.44,4.35,3.7,0,Tomato (Vegetative),0.85,50.0,71.7,HEALTHY,1,30.0
2026-01-14 20:00:00,esp32-field-01,NORMAL_BALANCED,26.41,2403,26.38,73.62,HEALTHY,25.26,65.9,0.0,0.13,3.83,2.0,0,Tomato (Vegetative),0.85,50.0,71.7,HEALTHY,1,40.0
2026-01-14 21:00:00,esp32-field-01,NORMAL_BALANCED,26.47,2419,25.6,74.4,HEALTHY,23.84,65.4,0.0,1.64,3.72,14.4,0,Tomato (Vegetative),0.85,50.0,71.7,HEALTHY,1,30.0
2026-01-14 22:00:00,esp32-field-01,NORMAL_BALANCED,26.53,2417,26.19,73.81,HEALTHY,21.65,69.5,0.0,1.02,3.37,4.1,0,Tomato (Vegetative),0.85,50.0,71.7,HEALTHY,1,30.0
2026-01-14 23:00:00,esp32-field-01,NORMAL_BALANCED,26.52,2405,26.31,73.69,HEALTHY,20.56,73.3,0.0,4.54,3.71,0.7,0,Tomato (Vegetative),0.85,50.0,71.7,HEALTHY,0,0.0
2026-01-15 00:00:00,esp32-field-01,NORMAL_BALANCED,26.52,2416,25.81,74.19,HEALTHY,19.93,83.5,0.0,0.7,3.18,2.4,0,Tomato (Vegetative),0.85,50.0,71.6,HEALTHY,0,0.0
2026-01-15 01:00:00,esp32-field-01,NORMAL_BALANCED,26.51,2407,26.08,73.92,HEALTHY,19.79,77.4,0.0,3.93,3.05,1.0,0,Tomato (Vegetative),0.85,50.0,71.6,HEALTHY,0,0.0
2026-01-15 02:00:00,esp32-field-01,NORMAL_BALANCED,26.51,2399,26.83,73.17,HEALTHY,20.31,83.0,0.0,1.22,3.15,0.3,0,Tomato (Vegetative),0.85,50.0,71.6,HEALTHY,0,0.0
2026-01-15 03:00:00,esp32-field-01,NORMAL_BALANCED,26.5,2407,26.26,73.74,HEALTHY,19.43,81.2,0.0,0.0,3.24,0.9,0,Tomato (Vegetative),0.85,50.0,71.6,HEALTHY,0,0.0
2026-01-15 04:00:00,esp32-field-01,NORMAL_BALANCED,26.5,2387,27.16,72.84,HEALTHY,21.07,76.4,0.0,0.15,3.52,1.3,0,Tomato (Vegetative),0.85,50.0,71.6,HEALTHY,0,0.0
2026-01-15 05:00:00,esp32-field-01,NORMAL_BALANCED,26.58,2367,26.43,73.57,HEALTHY,21.1,73.9,0.0,2.14,3.48,1.9,0,Tomato (Vegetative),0.85,50.0,71.6,HEALTHY,1,40.0
2026-01-15 06:00:00,esp32-field-01,NORMAL_BALANCED,26.57,2370,26.69,73.31,HEALTHY,22.65,75.4,0.0,0.34,3.57,0.1,0,Tomato (Vegetative),0.85,50.0,71.6,HEALTHY,0,0.0
2026-01-15 07:00:00,esp32-field-01,NORMAL_BALANCED,26.55,2395,26.55,73.45,HEALTHY,24.46,71.1,0.0,0.86,3.79,2.4,0,Tomato (Vegetative),0.85,50.0,71.6,HEALTHY,0,0.0
2026-01-15 08:00:00,esp32-field-01,NORMAL_BALANCED,26.5,2429,25.28,74.72,HEALTHY,26.2,61.1,0.0,0.18,4.16,3.9,0,Tomato (Vegetative),0.85,50.0,71.6,HEALTHY,0,0.0
2026-01-15 09:00:00,esp32-field-01,NORMAL_BALANCED,26.47,2410,25.97,74.03,HEALTHY,28.41,59.9,0.0,0.41,4.95,4.4,0,Tomato (Vegetative),0.85,50.0,71.5,HEALTHY,1,25.0
2026-01-15 10:00:00,esp32-field-01,NORMAL_BALANCED,26.43,2395,25.86,74.14,HEALTHY,29.15,53.9,0.0,0.14,4.44,1.7,0,Tomato (Vegetative),0.85,50.0,71.5,HEALTHY,1,25.0
2026-01-15 11:00:00,esp32-field-01,NORMAL_BALANCED,26.38,2415,26.55,73.45,HEALTHY,30.31,55.0,0.0,0.57,4.87,3.4,0,Tomato (Vegetative),0.85,50.0,71.5,HEALTHY,1,30.0
2026-01-15 12:00:00,esp32-field-01,NORMAL_BALANCED,26.3,2408,27.0,73.0,HEALTHY,32.36,53.7,0.0,1.7,5.17,1.8,0,Tomato (Vegetative),0.85,50.0,71.5,HEALTHY,1,25.0
2026-01-15 13:00:00,esp32-field-01,NORMAL_BALANCED,26.27,2397,25.63,74.37,HEALTHY,31.03,47.3,0.0,2.7,4.99,1.3,0,Tomato (Vegetative),0.85,50.0,71.5,HEALTHY,1,40.0
2026-01-15 14:00:00,esp32-field-01,NORMAL_BALANCED,26.26,2426,24.94,75.06,HEALTHY,31.85,52.0,0.0,0.89,4.9,1.3,0,Tomato (Vegetative),0.85,50.0,71.5,HEALTHY,1,40.0
2026-01-15 15:00:00,esp32-field-01,NORMAL_BALANCED,26.22,2372,27.43,72.57,HEALTHY,32.64,52.5,0.0,2.12,5.39,5.1,0,Tomato (Vegetative),0.85,50.0,71.5,HEALTHY,1,25.0
2026-01-15 16:00:00,esp32-field-01,NORMAL_BALANCED,26.22,2409,26.33,73.67,HEALTHY,32.42,51.3,0.0,0.32,5.39,1.0,0,Tomato (Vegetative),0.85,50.0,71.5,HEALTHY,1,30.0
2026-01-15 17:00:00,esp32-field-01,NORMAL_BALANCED,26.28,2389,26.25,73.75,HEALTHY,29.95,55.4,0.0,0.22,4.58,9.0,0,Tomato (Vegetative),0.85,50.0,71.5,HEALTHY,1,40.0
2026-01-15 18:00:00,esp32-field-01,NORMAL_BALANCED,26.34,2378,27.86,72.14,HEALTHY,28.83,59.8,0.0,1.61,4.68,4.0,0,Tomato (Vegetative),0.85,50.0,71.5,HEALTHY,1,30.0
2026-01-15 19:00:00,esp32-field-01,NORMAL_BALANCED,26.39,2423,26.15,73.85,HEALTHY,28.02,61.3,0.0,0.12,4.48,0.3,0,Tomato (Vegetative),0.85,50.0,71.5,HEALTHY,1,25.0
2026-01-15 20:00:00,esp32-field-01,NORMAL_BALANCED,26.47,2425,25.22,74.78,HEALTHY,26.42,66.1,0.0,1.26,4.79,0.6,0,Tomato (Vegetative),0.85,50.0,71.4,HEALTHY,1,40.0
2026-01-15 21:00:00,esp32-field-01,NORMAL_BALANCED,26.52,2383,26.15,73.85,HEALTHY,23.96,70.8,0.0,1.28,3.88,13.6,0,Tomato (Vegetative),0.85,50.0,71.4,HEALTHY,1,25.0
2026-01-15 22:00:00,esp32-field-01,NORMAL_BALANCED,26.52,2406,25.65,74.35,HEALTHY,23.72,72.3,0.0,2.46,4.16,1.4,0,Tomato (Vegetative),0.85,50.0,71.4,HEALTHY,0,0.0
2026-01-15 23:00:00,esp32-field-01,NORMAL_BALANCED,26.51,2382,26.95,73.05,HEALTHY,20.69,68.5,0.0,2.6,3.23,5.0,0,Tomato (Vegetative),0.85,50.0,71.4,HEALTHY,0,0.0
2026-01-16 00:00:00,esp32-field-01,NORMAL_BALANCED,26.5,2411,25.59,74.41,HEALTHY,19.24,78.5,0.0,0.97,3.22,0.1,0,Tomato (Vegetative),0.85,50.0,71.4,HEALTHY,0,0.0
2026-01-16 01:00:00,esp32-field-01,NORMAL_BALANCED,26.5,2399,26.64,73.36,HEALTHY,20.25,80.6,0.0,1.42,3.18,0.4,0,Tomato (Vegetative),0.85,50.0,71.4,HEALTHY,0,0.0
2026-01-16 02:00:00,esp32-field-01,NORMAL_BALANCED,26.55,2384,27.28,72.72,HEALTHY,20.34,81.8,0.0,2.53,2.77,5.4,0,Tomato (Vegetative),0.85,50.0,71.4,HEALTHY,1,25.0
2026-01-16 03:00:00,esp32-field-01,NORMAL_BALANCED,26.54,2366,28.11,71.89,HEALTHY,21.32,78.6,0.0,0.51,4.03,0.7,0,Tomato (Vegetative),0.85,50.0,71.4,HEALTHY,0,0.0
2026-01-16 04:00:00,esp32-field-01,NORMAL_BALANCED,26.54,2397,25.84,74.16,HEALTHY,20.84,76.9,0.0,0.15,3.23,3.7,0,Tomato (Vegetative),0.85,50.0,71.4,HEALTHY,0,0.0
2026-01-16 05:00:00,esp32-field-01,NORMAL_BALANCED,26.53,2398,25.74,74.26,HEALTHY,21.72,74.0,0.0,0.57,3.13,0.3,0,Tomato (Vegetative),0.85,50.0,71.3,HEALTHY,0,0.0
2026-01-16 06:00:00,esp32-field-01,NORMAL_BALANCED,26.53,2426,25.15,74.85,HEALTHY,21.52,73.1,0.0,0.43,3.38,1.7,0,Tomato (Vegetative),0.85,50.0,71.3,HEALTHY,0,0.0
2026-01-16 07:00:00,esp32-field-01,NORMAL_BALANCED,26.5,2387,26.68,73.32,HEALTHY,24.68,68.3,0.0,0.59,4.3,3.6,0,Tomato (Vegetative),0.85,50.0,71.3,HEALTHY,0,0.0
2026-01-16 08:00:00,esp32-field-01,NORMAL_BALANCED,26.5,2389,27.82,72.18,HEALTHY,25.53,64.4,0.0,1.45,4.45,1.4,0,Tomato (Vegetative),0.85,50.0,71.3,HEALTHY,1,25.0
2026-01-16 09:00:00,esp32-field-01,NORMAL_BALANCED,26.48,2392,25.66,74.34,HEALTHY,27.86,58.2,0.0,0.26,4.32,1.6,0,Tomato (Vegetative),0.85,50.0,71.3,HEALTHY,1,25.0
2026-01-16 10:00:00,esp32-field-01,NORMAL_BALANCED,26.46,2419,25.55,74.45,HEALTHY,30.39,59.9,0.0,0.08,5.19,4.9,0,Tomato (Vegetative),0.85,50.0,71.3,HEALTHY,1,40.0
2026-01-16 11:00:00,esp32-field-01,NORMAL_BALANCED,26.4,2396,27.0,73.0,HEALTHY,30.59,53.5,0.0,1.28,4.91,0.1,0,Tomato (Vegetative),0.85,50.0,71.3,HEALTHY,1,30.0
2026-01-16 12:00:00,esp32-field-01,NORMAL_BALANCED,26.36,2384,28.3,71.7,HEALTHY,31.67,50.3,0.0,0.68,5.38,3.6,0,Tomato (Vegetative),0.85,50.0,71.3,HEALTHY,1,40.0
2026-01-16 13:00:00,esp32-field-01,NORMAL_BALANCED,26.3,2408,26.05,73.95,HEALTHY,31.82,47.7,0.0,0.45,4.85,1.1,0,Tomato (Vegetative),0.85,50.0,71.3,HEALTHY,1,25.0
2026-01-16 14:00:00,esp32-field-01,NORMAL_BALANCED,26.25,2398,25.42,74.58,HEALTHY,31.65,47.7,0.0,2.13,4.81,6.1,0,Tomato (Vegetative),0.85,50.0,71.3,HEALTHY,1,25.0
2026-01-16 15:00:00,esp32-field-01,NORMAL_BALANCED,26.22,2414,26.8,73.2,HEALTHY,31.97,47.5,0.0,0.47,5.32,0.5,0,Tomato (Vegetative),0.85,50.0,71.2,HEALTHY,1,30.0
2026-01-16 16:00:00,esp32-field-01,NORMAL_BALANCED,26.22,2407,25.19,74.81,HEALTHY,30.59,51.8,0.0,1.54,4.84,0.6,0,Tomato (Vegetative),0.85,50.0,71.2,HEALTHY,1,25.0
2026-01-16 17:00:00,esp32-field-01,NORMAL_BALANCED,26.28,2389,26.56,73.44,HEALTHY,30.85,55.2,0.0,0.07,4.87,0.3,0,Tomato (Vegetative),0.85,50.0,71.2,HEALTHY,1,40.0
2026-01-16 18:00:00,esp32-field-01,NORMAL_BALANCED,26.37,2395,26.0,74.0,HEALTHY,29.93,56.6,0.0,6.69,4.78,0.5,0,Tomato (Vegetative),0.85,50.0,71.2,HEALTHY,1,40.0
2026-01-16 19:00:00,esp32-field-01,NORMAL_BALANCED,26.43,2428,24.78,75.22,HEALTHY,29.14,61.4,0.0,1.04,4.29,3.3,0,Tomato (Vegetative),0.85,50.0,71.2,HEALTHY,1,30.0
2026-01-16 20:00:00,esp32-field-01,NORMAL_BALANCED,26.48,2391,27.42,72.58,HEALTHY,25.73,66.4,0.0,1.02,4.76,1.9,0,Tomato (Vegetative),0.85,50.0,71.2,HEALTHY,1,25.0
2026-01-16 21:00:00,esp32-field-01,NORMAL_BALANCED,26.56,2413,26.33,73.67,HEALTHY,24.65,75.1,0.0,0.22,3.95,10.0,0,Tomato (Vegetative),0.85,50.0,71.2,HEALTHY,1,40.0
2026-01-16 22:00:00,esp32-field-01,NORMAL_BALANCED,26.55,2376,27.13,72.87,HEALTHY,24.18,74.3,0.0,2.2,4.35,1.0,0,Tomato (Vegetative),0.85,50.0,71.2,HEALTHY,0,0.0
2026-01-16 23:00:00,esp32-field-01,NORMAL_BALANCED,26.55,2408,25.75,74.25,HEALTHY,22.72,77.3,0.0,1.99,3.74,0.1,0,Tomato (Vegetative),0.85,50.0,71.2,HEALTHY,0,0.0
2026-01-17 00:00:00,esp32-field-01,NORMAL_BALANCED,26.58,2365,28.11,71.89,HEALTHY,19.32,76.9,0.2,1.49,2.62,65.0,1,Tomato (Vegetative),0.85,50.0,71.6,HEALTHY,0,0.0
2026-01-17 01:00:00,esp32-field-01,NORMAL_BALANCED,26.58,2385,26.73,73.27,HEALTHY,19.6,80.0,0.0,0.11,3.4,2.1,0,Tomato (Vegetative),0.85,50.0,71.2,HEALTHY,0,0.0
2026-01-17 02:00:00,esp32-field-01,NORMAL_BALANCED,26.57,2409,25.98,74.02,HEALTHY,19.88,81.9,0.0,1.8,3.32,2.2,0,Tomato (Vegetative),0.85,50.0,71.1,HEALTHY,0,0.0
2026-01-17 03:00:00,esp32-field-01,NORMAL_BALANCED,26.57,2375,27.09,72.91,HEALTHY,20.31,80.4,0.0,0.48,3.32,0.0,0,Tomato (Vegetative),0.85,50.0,71.1,HEALTHY,0,0.0
2026-01-17 04:00:00,esp32-field-01,NORMAL_BALANCED,26.56,2373,27.5,72.5,HEALTHY,20.64,78.1,0.0,0.63,3.11,2.4,0,Tomato (Vegetative),0.85,50.0,71.1,HEALTHY,0,0.0
2026-01-17 05:00:00,esp32-field-01,NORMAL_BALANCED,26.55,2407,25.52,74.48,HEALTHY,21.96,77.8,0.0,1.87,3.73,0.0,0,Tomato (Vegetative),0.85,50.0,71.1,HEALTHY,0,0.0
2026-01-17 06:00:00,esp32-field-01,NORMAL_BALANCED,26.55,2408,26.99,73.01,HEALTHY,23.82,72.8,0.0,1.19,3.87,0.3,0,Tomato (Vegetative),0.85,50.0,71.1,HEALTHY,0,0.0
2026-01-17 07:00:00,esp32-field-01,NORMAL_BALANCED,26.52,2402,26.5,73.5,HEALTHY,23.33,68.1,0.0,0.29,3.72,0.3,0,Tomato (Vegetative),0.85,50.0,71.1,HEALTHY,0,0.0
2026-01-17 08:00:00,esp32-field-01,NORMAL_BALANCED,26.47,2405,25.61,74.39,HEALTHY,26.89,65.8,0.0,1.72,4.04,3.3,0,Tomato (Vegetative),0.85,50.0,71.1,HEALTHY,0,0.0
2026-01-17 09:00:00,esp32-field-01,NORMAL_BALANCED,26.49,2375,27.9,72.1,HEALTHY,27.27,61.7,0.0,2.1,4.15,3.6,0,Tomato (Vegetative),0.85,50.0,71.1,HEALTHY,1,40.0
2026-01-17 10:00:00,esp32-field-01,NORMAL_BALANCED,26.47,2425,26.75,73.25,HEALTHY,28.68,53.2,0.0,4.96,4.89,0.4,0,Tomato (Vegetative),0.85,50.0,71.1,HEALTHY,1,40.0
2026-01-17 11:00:00,esp32-field-01,NORMAL_BALANCED,26.45,2408,26.48,73.52,HEALTHY,29.79,54.9,0.0,1.52,4.59,0.8,0,Tomato (Vegetative),0.85,50.0,71.0,HEALTHY,1,40.0
2026-01-17 12:00:00,esp32-field-01,NORMAL_BALANCED,26.42,2411,26.76,73.24,HEALTHY,32.3,48.0,0.0,0.22,4.98,2.4,0,Tomato (Vegetative),0.85,50.0,71.0,HEALTHY,1,40.0
2026-01-17 13:00:00,esp32-field-01,NORMAL_BALANCED,26.37,2399,26.63,73.37,HEALTHY,30.86,52.0,0.0,3.63,4.75,1.3,0,Tomato (Vegetative),0.85,50.0,71.0,HEALTHY,1,30.0
2026-01-17 14:00:00,esp32-field-01,NORMAL_BALANCED,26.33,2414,26.61,73.39,HEALTHY,31.64,52.2,0.0,0.55,5.14,3.4,0,Tomato (Vegetative),0.85,50.0,71.0,HEALTHY,1,30.0
2026-01-17 15:00:00,esp32-field-01,NORMAL_BALANCED,26.3,2384,26.66,73.34,HEALTHY,31.97,45.9,0.0,0.12,5.4,1.9,0,Tomato (Vegetative),0.85,50.0,71.0,HEALTHY,1,30.0
2026-01-17 16:00:00,esp32-field-01,NORMAL_BALANCED,26.33,2395,26.14,73.86,HEALTHY,29.75,50.3,0.0,0.73,4.57,1.6,0,Tomato (Vegetative),0.85,50.0,71.0,HEALTHY,1,40.0
2026-01-17 17:00:00,esp32-field-01,NORMAL_BALANCED,26.37,2362,28.32,71.68,HEALTHY,31.8,48.7,0.0,0.33,4.84,0.4,0,Tomato (Vegetative),0.85,50.0,71.0,HEALTHY,1,30.0
2026-01-17 18:00:00,esp32-field-01,NORMAL_BALANCED,26.43,2404,25.66,74.34,HEALTHY,27.82,54.9,0.0,0.35,4.42,4.0,0,Tomato (Vegetative),0.85,50.0,71.0,HEALTHY,1,30.0
2026-01-17 19:00:00,esp32-field-01,NORMAL_BALANCED,26.48,2411,25.22,74.78,HEALTHY,27.37,59.0,0.0,1.35,4.16,3.4,0,Tomato (Vegetative),0.85,50.0,71.0,HEALTHY,1,25.0
2026-01-17 20:00:00,esp32-field-01,NORMAL_BALANCED,26.54,2395,26.68,73.32,HEALTHY,25.84,62.1,0.0,1.33,3.99,4.2,0,Tomato (Vegetative),0.85,50.0,71.0,HEALTHY,1,30.0
2026-01-17 21:00:00,esp32-field-01,NORMAL_BALANCED,26.54,2381,26.98,73.02,HEALTHY,23.87,70.1,0.0,0.2,4.0,8.5,0,Tomato (Vegetative),0.85,50.0,71.0,HEALTHY,0,0.0
2026-01-17 22:00:00,esp32-field-01,NORMAL_BALANCED,26.53,2390,26.63,73.37,HEALTHY,23.31,66.2,0.0,2.49,3.94,2.0,0,Tomato (Vegetative),0.85,50.0,70.9,HEALTHY,0,0.0
2026-01-17 23:00:00,esp32-field-01,NORMAL_BALANCED,26.52,2411,26.34,73.66,HEALTHY,22.35,80.6,0.0,1.37,3.4,0.2,0,Tomato (Vegetative),0.85,50.0,70.9,HEALTHY,0,0.0
2026-01-18 00:00:00,esp32-field-01,NORMAL_BALANCED,26.52,2408,26.85,73.15,HEALTHY,20.38,77.8,0.0,2.41,3.4,1.3,0,Tomato (Vegetative),0.85,50.0,70.9,HEALTHY,0,0.0
2026-01-18 01:00:00,esp32-field-01,NORMAL_BALANCED,26.51,2423,25.44,74.56,HEALTHY,20.35,80.7,0.0,1.17,3.62,9.5,0,Tomato (Vegetative),0.85,50.0,70.9,HEALTHY,0,0.0
2026-01-18 02:00:00,esp32-field-01,NORMAL_BALANCED,26.5,2400,26.01,73.99,HEALTHY,19.1,80.7,0.0,0.39,3.12,2.2,0,Tomato (Vegetative),0.85,50.0,70.9,HEALTHY,0,0.0
2026-01-18 03:00:00,esp32-field-01,NORMAL_BALANCED,26.5,2365,26.73,73.27,HEALTHY,20.37,78.5,0.0,0.08,3.19,1.5,0,Tomato (Vegetative),0.85,50.0,70.9,HEALTHY,0,0.0
2026-01-18 04:00:00,esp32-field-01,NORMAL_BALANCED,26.55,2408,25.61,74.39,HEALTHY,21.57,77.0,0.0,1.28,3.49,0.2,0,Tomato (Vegetative),0.85,50.0,70.9,HEALTHY,1,25.0
2026-01-18 05:00:00,esp32-field-01,NORMAL_BALANCED,26.54,2365,27.27,72.73,HEALTHY,21.53,77.1,0.0,0.9,3.61,2.2,0,Tomato (Vegetative),0.85,50.0,70.9,HEALTHY,0,0.0
2026-01-18 06:00:00,esp32-field-01,NORMAL_BALANCED,26.54,2395,27.43,72.57,HEALTHY,23.5,72.3,0.0,1.76,3.99,0.2,0,Tomato (Vegetative),0.85,50.0,70.9,HEALTHY,0,0.0
2026-01-18 07:00:00,esp32-field-01,NORMAL_BALANCED,26.51,2404,26.23,73.77,HEALTHY,23.6,68.5,0.0,1.59,3.71,1.6,0,Tomato (Vegetative),0.85,50.0,70.8,HEALTHY,0,0.0
2026-01-18 08:00:00,esp32-field-01,NORMAL_BALANCED,26.46,2418,25.64,74.36,HEALTHY,26.37,65.1,0.0,1.44,4.25,0.2,0,Tomato (Vegetative),0.85,50.0,70.8,HEALTHY,0,0.0
2026-01-18 09:00:00,esp32-field-01,NORMAL_BALANCED,26.48,2399,26.51,73.49,HEALTHY,26.61,63.9,0.0,1.56,4.13,3.0,0,Tomato (Vegetative),0.85,50.0,70.8,HEALTHY,1,40.0
2026-01-18 10:00:00,esp32-field-01,NORMAL_BALANCED,26.47,2376,27.33,72.67,HEALTHY,27.93,53.2,0.0,1.3,4.36,1.6,0,Tomato (Vegetative),0.85,50.0,70.8,HEALTHY,1,40.0
2026-01-18 11:00:00,esp32-field-01,NORMAL_BALANCED,26.41,2385,26.73,73.27,HEALTHY,30.27,53.0,0.0,1.26,5.41,2.9,0,Tomato (Vegetative),0.85,50.0,70.8,HEALTHY,1,30.0
2026-01-18 12:00:00,esp32-field-01,NORMAL_BALANCED,26.37,2382,28.03,71.97,HEALTHY,30.79,49.1,0.0,1.35,4.92,1.3,0,Tomato (Vegetative),0.85,50.0,70.8,HEALTHY,1,40.0
2026-01-18 13:00:00,esp32-field-01,NORMAL_BALANCED,26.35,2415,26.61,73.39,HEALTHY,30.94,47.9,0.0,0.44,4.82,5.3,0,Tomato (Vegetative),0.85,50.0,70.8,HEALTHY,1,40.0
2026-01-18 14:00:00,esp32-field-01,NORMAL_BALANCED,26.29,2380,26.95,73.05,HEALTHY,32.43,54.4,0.0,0.21,5.4,2.0,0,Tomato (Vegetative),0.85,50.0,70.8,HEALTHY,1,25.0
2026-01-18 15:00:00,esp32-field-01,NORMAL_BALANCED,26.26,2414,25.55,74.45,HEALTHY,32.19,52.6,0.0,0.58,5.16,0.3,0,Tomato (Vegetative),0.85,50.0,70.8,HEALTHY,1,30.0
2026-01-18 16:00:00,esp32-field-01,NORMAL_BALANCED,26.29,2381,26.33,73.67,HEALTHY,29.66,55.0,0.0,2.97,5.03,0.1,0,Tomato (Vegetative),0.85,50.0,70.8,HEALTHY,1,40.0
2026-01-18 17:00:00,esp32-field-01,NORMAL_BALANCED,26.31,2406,25.65,74.35,HEALTHY,30.82,55.5,0.0,0.59,5.28,0.9,0,Tomato (Vegetative),0.85,50.0,70.8,HEALTHY,1,25.0
2026-01-18 18:00:00,esp32-field-01,NORMAL_BALANCED,26.38,2385,27.87,72.13,HEALTHY,29.37,52.9,0.0,0.14,4.35,0.3,0,Tomato (Vegetative),0.85,50.0,70.7,HEALTHY,1,30.0
2026-01-18 19:00:00,esp32-field-01,NORMAL_BALANCED,26.43,2414,26.34,73.66,HEALTHY,28.22,57.1,0.0,0.52,4.93,1.1,0,Tomato (Vegetative),0.85,50.0,70.7,HEALTHY,1,25.0
2026-01-18 20:00:00,esp32-field-01,NORMAL_BALANCED,26.48,2381,27.28,72.72,HEALTHY,26.88,67.9,0.0,0.39,4.1,0.2,0,Tomato (Vegetative),0.85,50.0,70.7,HEALTHY,1,25.0
2026-01-18 21:00:00,esp32-field-01,NORMAL_BALANCED,26.53,2406,26.38,73.62,HEALTHY,23.49,73.9,0.0,2.44,3.83,2.9,0,Tomato (Vegetative),0.85,50.0,70.7,HEALTHY,1,25.0
2026-01-18 22:00:00,esp32-field-01,NORMAL_BALANCED,26.52,2377,26.85,73.15,HEALTHY,23.53,75.1,0.0,1.96,3.78,3.3,0,Tomato (Vegetative),0.85,50.0,70.7,HEALTHY,0,0.0
2026-01-18 23:00:00,esp32-field-01,NORMAL_BALANCED,26.51,2412,25.28,74.72,HEALTHY,22.0,73.9,0.0,0.4,3.11,4.1,0,Tomato (Vegetative),0.85,50.0,70.7,HEALTHY,0,0.0
2026-01-19 00:00:00,esp32-field-01,NORMAL_BALANCED,26.51,2407,25.95,74.05,HEALTHY,20.88,78.2,0.0,0.3,3.71,5.6,0,Tomato (Vegetative),0.85,50.0,70.7,HEALTHY,0,0.0
2026-01-19 01:00:00,esp32-field-01,NORMAL_BALANCED,26.5,2398,26.71,73.29,HEALTHY,20.52,79.4,0.0,0.57,3.13,0.9,0,Tomato (Vegetative),0.85,50.0,70.7,HEALTHY,0,0.0
2026-01-19 02:00:00,esp32-field-01,NORMAL_BALANCED,26.5,2399,26.61,73.39,HEALTHY,19.6,81.1,0.0,1.04,3.25,1.2,0,Tomato (Vegetative),0.85,50.0,70.7,HEALTHY,0,0.0
2026-01-19 03:00:00,esp32-field-01,NORMAL_BALANCED,26.55,2422,25.67,74.33,HEALTHY,21.75,82.0,0.0,4.57,3.36,0.4,0,Tomato (Vegetative),0.85,50.0,70.7,HEALTHY,1,25.0
2026-01-19 04:00:00,esp32-field-01,NORMAL_BALANCED,26.54,2405,27.01,72.99,HEALTHY,20.53,79.7,0.0,0.13,3.47,2.7,0,Tomato (Vegetative),0.85,50.0,70.6,HEALTHY,0,0.0
2026-01-19 05:00:00,esp32-field-01,NORMAL_BALANCED,26.53,2386,26.94,73.06,HEALTHY,22.8,77.6,0.0,0.14,3.58,0.7,0,Tomato (Vegetative),0.85,50.0,70.6,HEALTHY,0,0.0
2026-01-19 06:00:00,esp32-field-01,NORMAL_BALANCED,26.53,2380,27.09,72.91,HEALTHY,22.14,76.7,0.0,5.96,3.14,4.7,0,Tomato (Vegetative),0.85,50.0,70.6,HEALTHY,0,0.0
2026-01-19 07:00:00,esp32-field-01,NORMAL_BALANCED,26.5,2395,26.34,73.66,HEALTHY,22.77,66.9,0.0,0.59,3.57,1.1,0,Tomato (Vegetative),0.85,50.0,70.6,HEALTHY,0,0.0
2026-01-19 08:00:00,esp32-field-01,NORMAL_BALANCED,26.45,2398,26.72,73.28,HEALTHY,26.53,62.4,0.0,1.31,4.53,11.4,0,Tomato (Vegetative),0.85,50.0,70.6,HEALTHY,0,0.0
2026-01-19 09:00:00,esp32-field-01,NORMAL_BALANCED,26.45,2390,26.62,73.38,HEALTHY,26.38,60.8,0.0,0.81,3.95,0.4,0,Tomato (Vegetative),0.85,50.0,70.6,HEALTHY,1,30.0
2026-01-19 10:00:00,esp32-field-01,NORMAL_BALANCED,26.41,2395,26.87,73.13,HEALTHY,27.85,53.0,0.0,0.81,4.34,3.1,0,Tomato (Vegetative),0.85,50.0,70.6,HEALTHY,1,25.0
2026-01-19 11:00:00,esp32-field-01,NORMAL_BALANCED,26.35,2390,26.05,73.95,HEALTHY,30.62,56.5,0.0,0.71,4.83,0.0,0,Tomato (Vegetative),0.85,50.0,70.6,HEALTHY,1,25.0
2026-01-19 12:00:00,esp32-field-01,NORMAL_BALANCED,26.27,2392,26.04,73.96,HEALTHY,31.53,53.7,0.0,0.19,5.13,1.7,0,Tomato (Vegetative),0.85,50.0,70.6,HEALTHY,1,25.0
2026-01-19 13:00:00,esp32-field-01,NORMAL_BALANCED,26.24,2426,25.57,74.43,HEALTHY,30.75,49.0,0.0,0.4,5.05,15.5,0,Tomato (Vegetative),0.85,50.0,70.5,HEALTHY,1,40.0
2026-01-19 14:00:00,esp32-field-01,NORMAL_BALANCED,26.19,2392,27.09,72.91,HEALTHY,31.93,47.9,0.0,2.23,5.38,6.3,0,Tomato (Vegetative),0.85,50.0,70.5,HEALTHY,1,30.0
2026-01-19 15:00:00,esp32-field-01,NORMAL_BALANCED,26.17,2391,27.08,72.92,HEALTHY,31.78,51.1,0.0,0.15,4.73,5.8,0,Tomato (Vegetative),0.85,50.0,70.5,HEALTHY,1,25.0
2026-01-19 16:00:00,esp32-field-01,NORMAL_BALANCED,26.2,2405,26.11,73.89,HEALTHY,30.26,52.4,0.0,0.87,4.72,1.4,0,Tomato (Vegetative),0.85,50.0,70.5,HEALTHY,1,40.0
2026-01-19 17:00:00,esp32-field-01,NORMAL_BALANCED,26.23,2406,26.42,73.58,HEALTHY,30.88,54.0,0.0,0.27,4.91,1.2,0,Tomato (Vegetative),0.85,50.0,70.5,HEALTHY,1,30.0
2026-01-19 18:00:00,esp32-field-01,NORMAL_BALANCED,26.29,2397,26.62,73.38,HEALTHY,28.94,54.3,0.0,0.36,4.51,2.0,0,Tomato (Vegetative),0.85,50.0,70.5,HEALTHY,1,25.0
2026-01-19 19:00:00,esp32-field-01,NORMAL_BALANCED,26.37,2388,27.68,72.32,HEALTHY,28.43,61.3,0.0,2.11,5.22,9.1,0,Tomato (Vegetative),0.85,50.0,70.5,HEALTHY,1,40.0
2026-01-19 20:00:00,esp32-field-01,NORMAL_BALANCED,26.45,2361,27.86,72.14,HEALTHY,26.88,64.5,0.0,0.77,4.09,0.4,0,Tomato (Vegetative),0.85,50.0,70.5,HEALTHY,1,40.0
2026-01-19 21:00:00,esp32-field-01,NORMAL_BALANCED,26.5,2421,26.53,73.47,HEALTHY,23.19,68.5,0.0,0.75,3.85,0.6,0,Tomato (Vegetative),0.85,50.0,70.5,HEALTHY,1,25.0
2026-01-19 22:00:00,esp32-field-01,NORMAL_BALANCED,26.5,2450,24.59,75.41,HEALTHY,24.67,72.9,0.0,1.5,3.4,3.0,0,Tomato (Vegetative),0.85,50.0,70.5,HEALTHY,0,0.0
2026-01-19 23:00:00,esp32-field-01,NORMAL_BALANCED,26.56,2406,25.78,74.22,HEALTHY,20.02,77.0,0.0,1.24,3.46,5.1,0,Tomato (Vegetative),0.85,50.0,70.5,HEALTHY,1,30.0
2026-01-20 00:00:00,esp32-field-01,NORMAL_BALANCED,26.55,2422,26.28,73.72,HEALTHY,20.49,80.9,0.0,1.54,3.24,1.1,0,Tomato (Vegetative),0.85,50.0,70.4,HEALTHY,0,0.0
2026-01-20 01:00:00,esp32-field-01,NORMAL_BALANCED,26.55,2367,27.58,72.42,HEALTHY,20.78,78.3,0.0,0.3,3.49,4.8,0,Tomato (Vegetative),0.85,50.0,70.4,HEALTHY,0,0.0
2026-01-20 02:00:00,esp32-field-01,NORMAL_BALANCED,26.54,2401,26.08,73.92,HEALTHY,19.22,82.9,0.0,0.13,3.14,1.5,0,Tomato (Vegetative),0.85,50.0,70.4,HEALTHY,0,0.0
2026-01-20 03:00:00,esp32-field-01,NORMAL_BALANCED,26.53,2414,26.79,73.21,HEALTHY,19.65,76.8,0.0,0.26,3.16,7.8,0,Tomato (Vegetative),0.85,50.0,70.4,HEALTHY,0,0.0
2026-01-20 04:00:00,esp32-field-01,NORMAL_BALANCED,26.53,2395,26.18,73.82,HEALTHY,21.89,84.0,0.0,0.7,3.42,1.2,0,Tomato (Vegetative),0.85,50.0,70.4,HEALTHY,0,0.0
2026-01-20 05:00:00,esp32-field-01,NORMAL_BALANCED,26.52,2417,25.29,74.71,HEALTHY,22.59,77.2,0.0,0.45,4.03,0.2,0,Tomato (Vegetative),0.85,50.0,70.4,HEALTHY,0,0.0
2026-01-20 06:00:00,esp32-field-01,NORMAL_BALANCED,26.51,2402,26.43,73.57,HEALTHY,22.9,74.5,0.0,0.65,3.77,2.0,0,Tomato (Vegetative),0.85,50.0,70.4,HEALTHY,0,0.0
2026-01-20 07:00:00,esp32-field-01,NORMAL_BALANCED,26.49,2389,27.6,72.4,HEALTHY,25.04,67.5,0.0,0.68,4.31,5.7,0,Tomato (Vegetative),0.85,50.0,70.4,HEALTHY,0,0.0
2026-01-20 08:00:00,esp32-field-01,NORMAL_BALANCED,26.5,2393,26.05,73.95,HEALTHY,25.77,67.7,0.0,2.07,4.13,1.8,0,Tomato (Vegetative),0.85,50.0,70.4,HEALTHY,1,30.0
2026-01-20 09:00:00,esp32-field-01,NORMAL_BALANCED,26.42,2381,25.71,74.29,HEALTHY,27.89,57.6,0.0,0.99,4.56,4.1,0,Tomato (Vegetative),0.85,50.0,70.3,HEALTHY,0,0.0
2026-01-20 10:00:00,esp32-field-01,NORMAL_BALANCED,26.38,2423,25.1,74.9,HEALTHY,30.3,58.1,0.0,0.0,4.81,0.7,0,Tomato (Vegetative),0.85,50.0,70.3,HEALTHY,1,30.0
2026-01-20 11:00:00,esp32-field-01,NORMAL_BALANCED,26.36,2398,27.07,72.93,HEALTHY,30.17,51.9,0.0,4.19,4.8,5.8,0,Tomato (Vegetative),0.85,50.0,70.3,HEALTHY,1,40.0
2026-01-20 12:00:00,esp32-field-01,NORMAL_BALANCED,26.33,2380,26.49,73.51,HEALTHY,29.89,54.2,0.0,0.6,4.69,0.4,0,Tomato (Vegetative),0.85,50.0,70.3,HEALTHY,1,40.0
2026-01-20 13:00:00,esp32-field-01,NORMAL_BALANCED,26.29,2411,26.02,73.98,HEALTHY,32.51,55.8,0.0,0.13,5.6,5.7,0,Tomato (Vegetative),0.85,50.0,70.3,HEALTHY,1,40.0
2026-01-20 14:00:00,esp32-field-01,NORMAL_BALANCED,26.22,2402,26.67,73.33,HEALTHY,32.36,47.9,0.0,0.06,5.77,0.7,0,Tomato (Vegetative),0.85,50.0,70.3,HEALTHY,1,25.0
2026-01-20 15:00:00,esp32-field-01,NORMAL_BALANCED,26.21,2417,25.72,74.28,HEALTHY,32.38,48.3,0.0,0.32,5.5,3.6,0,Tomato (Vegetative),0.85,50.0,70.3,HEALTHY,1,40.0
2026-01-20 16:00:00,esp32-field-01,NORMAL_BALANCED,26.2,2389,26.48,73.52,HEALTHY,32.94,55.1,0.0,5.25,5.03,2.9,0,Tomato (Vegetative),0.85,50.0,70.3,HEALTHY,1,25.0
2026-01-20 17:00:00,esp32-field-01,NORMAL_BALANCED,26.23,2400,26.88,73.12,HEALTHY,30.65,53.3,0.0,0.49,4.95,1.6,0,Tomato (Vegetative),0.85,50.0,70.3,HEALTHY,1,25.0
2026-01-20 18:00:00,esp32-field-01,NORMAL_BALANCED,26.29,2377,26.31,73.69,HEALTHY,28.61,60.8,0.0,0.22,4.91,4.9,0,Tomato (Vegetative),0.85,50.0,70.3,HEALTHY,1,30.0
2026-01-20 19:00:00,esp32-field-01,NORMAL_BALANCED,26.34,2412,25.87,74.13,HEALTHY,27.57,61.0,0.0,0.02,4.32,7.6,0,Tomato (Vegetative),0.85,50.0,70.2,HEALTHY,1,25.0
2026-01-20 20:00:00,esp32-field-01,NORMAL_BALANCED,26.39,2426,25.73,74.27,HEALTHY,25.17,68.1,0.0,2.29,3.92,1.9,0,Tomato (Vegetative),0.85,50.0,70.2,HEALTHY,1,25.0
2026-01-20 21:00:00,esp32-field-01,NORMAL_BALANCED,26.48,2394,26.41,73.59,HEALTHY,24.34,70.7,0.0,0.94,3.8,11.9,0,Tomato (Vegetative),0.85,50.0,70.2,HEALTHY,1,40.0
2026-01-20 22:00:00,esp32-field-01,NORMAL_BALANCED,26.53,2403,26.08,73.92,HEALTHY,22.64,68.5,0.0,0.61,3.64,2.5,0,Tomato (Vegetative),0.85,50.0,70.2,HEALTHY,1,25.0
2026-01-20 23:00:00,esp32-field-01,NORMAL_BALANCED,26.52,2426,25.6,74.4,HEALTHY,22.05,77.4,0.0,2.83,4.25,2.2,0,Tomato (Vegetative),0.85,50.0,70.2,HEALTHY,0,0.0
2026-01-21 00:00:00,esp32-field-01,NORMAL_BALANCED,26.51,2398,25.82,74.18,HEALTHY,20.28,76.7,0.0,1.19,3.23,0.6,0,Tomato (Vegetative),0.85,50.0,70.2,HEALTHY,0,0.0
2026-01-21 01:00:00,esp32-field-01,NORMAL_BALANCED,26.51,2403,26.85,73.15,HEALTHY,19.72,80.1,0.0,1.14,3.08,4.1,0,Tomato (Vegetative),0.85,50.0,70.2,HEALTHY,0,0.0
2026-01-21 02:00:00,esp32-field-01,NORMAL_BALANCED,26.5,2384,26.43,73.57,HEALTHY,20.75,79.2,0.0,0.26,3.28,4.9,0,Tomato (Vegetative),0.85,50.0,70.2,HEALTHY,0,0.0
2026-01-21 03:00:00,esp32-field-01,NORMAL_BALANCED,26.5,2412,25.21,74.79,HEALTHY,20.32,77.2,0.0,1.66,3.0,1.9,0,Tomato (Vegetative),0.85,50.0,70.2,HEALTHY,0,0.0
2026-01-21 04:00:00,esp32-field-01,NORMAL_BALANCED,26.55,2407,25.76,74.24,HEALTHY,20.54,75.4,0.0,0.9,3.48,16.2,0,Tomato (Vegetative),0.85,50.0,70.2,HEALTHY,1,25.0
2026-01-21 05:00:00,esp32-field-01,NORMAL_BALANCED,26.54,2378,27.59,72.41,HEALTHY,21.54,74.6,0.0,0.05,3.85,0.1,0,Tomato (Vegetative),0.85,50.0,70.2,HEALTHY,0,0.0
2026-01-21 06:00:00,esp32-field-01,NORMAL_BALANCED,26.53,2375,27.14,72.86,HEALTHY,23.06,70.4,0.0,4.11,3.67,0.4,0,Tomato (Vegetative),0.85,50.0,70.1,HEALTHY,0,0.0
2026-01-21 07:00:00,esp32-field-01,NORMAL_BALANCED,26.51,2384,26.98,73.02,HEALTHY,25.44,66.6,0.0,3.98,3.81,4.3,0,Tomato (Vegetative),0.85,50.0,70.1,HEALTHY,0,0.0
2026-01-21 08:00:00,esp32-field-01,NORMAL_BALANCED,26.46,2414,25.59,74.41,HEALTHY,25.89,63.4,0.0,1.9,3.94,3.1,0,Tomato (Vegetative),0.85,50.0,70.1,HEALTHY,0,0.0
2026-01-21 09:00:00,esp32-field-01,NORMAL_BALANCED,26.47,2372,26.99,73.01,HEALTHY,27.72,63.8,0.0,0.37,4.43,8.9,0,Tomato (Vegetative),0.85,50.0,70.1,HEALTHY,1,40.0
2026-01-21 10:00:00,esp32-field-01,NORMAL_BALANCED,26.43,2406,26.27,73.73,HEALTHY,28.73,56.1,0.0,0.69,4.75,1.0,0,Tomato (Vegetative),0.85,50.0,70.1,HEALTHY,1,30.0
2026-01-21 11:00:00,esp32-field-01,NORMAL_BALANCED,26.39,2398,26.3,73.7,HEALTHY,30.98,56.0,0.0,0.21,4.6,8.2,0,Tomato (Vegetative),0.85,50.0,70.1,HEALTHY,1,30.0
2026-01-21 12:00:00,esp32-field-01,NORMAL_BALANCED,26.33,2400,26.72,73.28,HEALTHY,31.24,45.2,0.0,3.0,5.11,4.8,0,Tomato (Vegetative),0.85,50.0,70.1,HEALTHY,1,30.0
2026-01-21 13:00:00,esp32-field-01,NORMAL_BALANCED,26.3,2405,25.86,74.14,HEALTHY,31.73,48.6,0.0,3.15,5.12,1.6,0,Tomato (Vegetative),0.85,50.0,70.1,HEALTHY,1,40.0
2026-01-21 14:00:00,esp32-field-01,NORMAL_BALANCED,26.25,2433,24.21,75.79,HEALTHY,31.62,52.3,0.0,1.43,5.13,3.2,0,Tomato (Vegetative),0.85,50.0,70.1,HEALTHY,1,30.0
2026-01-21 15:00:00,esp32-field-01,NORMAL_BALANCED,26.22,2402,26.21,73.79,HEALTHY,31.29,46.7,0.0,4.22,5.01,1.2,0,Tomato (Vegetative),0.85,50.0,70.0,HEALTHY,1,25.0
2026-01-21 16:00:00,esp32-field-01,NORMAL_BALANCED,26.22,2411,25.19,74.81,HEALTHY,31.15,50.4,0.0,0.2,4.84,2.2,0,Tomato (Vegetative),0.85,50.0,70.0,HEALTHY,1,25.0
2026-01-21 17:00:00,esp32-field-01,NORMAL_BALANCED,26.25,2417,26.13,73.87,HEALTHY,29.83,54.1,0.0,0.04,4.54,1.7,0,Tomato (Vegetative),0.85,50.0,70.0,HEALTHY,1,30.0
2026-01-21 18:00:00,esp32-field-01,NORMAL_BALANCED,26.32,2426,25.07,74.93,HEALTHY,27.33,56.3,0.0,1.07,4.69,9.8,0,Tomato (Vegetative),0.85,50.0,70.0,HEALTHY,1,30.0
2026-01-21 19:00:00,esp32-field-01,NORMAL_BALANCED,26.37,2374,27.72,72.28,HEALTHY,26.79,59.4,0.0,1.3,3.93,0.2,0,Tomato (Vegetative),0.85,50.0,70.0,HEALTHY,1,25.0
2026-01-21 20:00:00,esp32-field-01,NORMAL_BALANCED,26.45,2405,25.94,74.06,HEALTHY,27.28,64.4,0.0,1.47,4.04,4.7,0,Tomato (Vegetative),0.85,50.0,70.0,HEALTHY,1,40.0
2026-01-21 21:00:00,esp32-field-01,NORMAL_BALANCED,26.54,2389,26.9,73.1,HEALTHY,24.46,73.5,0.0,0.51,3.83,16.2,0,Tomato (Vegetative),0.85,50.0,70.0,HEALTHY,1,40.0
2026-01-21 22:00:00,esp32-field-01,NORMAL_BALANCED,26.53,2410,26.05,73.95,HEALTHY,22.95,72.1,0.0,0.21,3.63,3.3,0,Tomato (Vegetative),0.85,50.0,70.0,HEALTHY,0,0.0
2026-01-21 23:00:00,esp32-field-01,NORMAL_BALANCED,26.53,2382,27.0,73.0,HEALTHY,22.0,76.1,0.0,1.83,3.03,1.2,0,Tomato (Vegetative),0.85,50.0,70.0,HEALTHY,0,0.0
2026-01-22 00:00:00,esp32-field-01,NORMAL_BALANCED,26.52,2427,25.44,74.56,HEALTHY,20.6,77.1,0.0,1.84,3.34,0.2,0,Tomato (Vegetative),0.85,50.0,70.0,HEALTHY,0,0.0
2026-01-22 01:00:00,esp32-field-01,NORMAL_BALANCED,26.51,2373,26.94,73.06,HEALTHY,20.45,81.4,0.0,0.21,3.28,1.5,0,Tomato (Vegetative),0.85,50.0,70.0,HEALTHY,0,0.0
2026-01-22 02:00:00,esp32-field-01,NORMAL_BALANCED,26.51,2353,28.82,71.18,HEALTHY,20.18,77.6,0.0,0.59,3.46,5.5,0,Tomato (Vegetative),0.85,50.0,69.9,HEALTHY,0,0.0
2026-01-22 03:00:00,esp32-field-01,NORMAL_BALANCED,26.5,2417,26.57,73.43,HEALTHY,19.67,78.6,0.0,2.06,3.12,0.4,0,Tomato (Vegetative),0.85,50.0,69.9,HEALTHY,0,0.0
2026-01-22 04:00:00,esp32-field-01,NORMAL_BALANCED,27.47,2386,27.27,72.73,HEALTHY,22.35,78.9,4.6,7.62,3.5,85.9,1,Tomato (Vegetative),0.85,50.0,79.1,HEALTHY,0,0.0
2026-01-22 05:00:00,esp32-field-01,NORMAL_BALANCED,27.47,2347,28.48,71.52,HEALTHY,22.88,73.4,0.0,1.7,3.61,8.3,0,Tomato (Vegetative),0.85,50.0,69.9,HEALTHY,0,0.0
2026-01-22 06:00:00,esp32-field-01,NORMAL_BALANCED,27.46,2399,26.55,73.45,HEALTHY,22.94,70.0,0.0,0.01,3.94,3.8,0,Tomato (Vegetative),0.85,50.0,69.9,HEALTHY,0,0.0
2026-01-22 07:00:00,esp32-field-01,NORMAL_BALANCED,27.44,2380,27.03,72.97,HEALTHY,24.29,71.4,0.0,0.47,3.47,1.3,0,Tomato (Vegetative),0.85,50.0,69.9,HEALTHY,0,0.0
2026-01-22 08:00:00,esp32-field-01,NORMAL_BALANCED,27.39,2386,26.89,73.11,HEALTHY,25.9,63.6,0.0,2.26,4.02,14.9,0,Tomato (Vegetative),0.85,50.0,69.9,HEALTHY,0,0.0
2026-01-22 09:00:00,esp32-field-01,NORMAL_BALANCED,27.31,2395,27.55,72.45,HEALTHY,26.78,60.7,0.0,2.86,4.39,7.2,0,Tomato (Vegetative),0.85,50.0,69.9,HEALTHY,0,0.0
2026-01-22 10:00:00,esp32-field-01,NORMAL_BALANCED,27.21,2364,28.65,71.35,HEALTHY,30.75,54.2,0.0,0.45,4.48,0.0,0,Tomato (Vegetative),0.85,50.0,69.9,HEALTHY,0,0.0
2026-01-22 11:00:00,esp32-field-01,NORMAL_BALANCED,27.09,2394,27.05,72.95,HEALTHY,31.48,55.4,0.0,3.98,4.98,1.1,0,Tomato (Vegetative),0.85,50.0,69.8,HEALTHY,0,0.0
2026-01-22 12:00:00,esp32-field-01,NORMAL_BALANCED,26.98,2360,27.72,72.28,HEALTHY,30.6,56.9,0.0,0.27,4.46,1.8,0,Tomato (Vegetative),0.85,50.0,69.8,HEALTHY,0,0.0
2026-01-22 13:00:00,esp32-field-01,NORMAL_BALANCED,26.86,2387,26.8,73.2,HEALTHY,31.97,52.5,0.0,0.46,5.03,4.3,0,Tomato (Vegetative),0.85,50.0,69.8,HEALTHY,0,0.0
2026-01-22 14:00:00,esp32-field-01,NORMAL_BALANCED,26.74,2396,26.52,73.48,HEALTHY,32.53,45.3,0.0,10.44,5.25,1.7,0,Tomato (Vegetative),0.85,50.0,69.8,HEALTHY,0,0.0
2026-01-22 15:00:00,esp32-field-01,NORMAL_BALANCED,26.65,2394,27.35,72.65,HEALTHY,33.96,46.9,0.0,0.21,5.18,1.7,0,Tomato (Vegetative),0.85,50.0,69.8,HEALTHY,0,0.0
2026-01-22 16:00:00,esp32-field-01,NORMAL_BALANCED,26.59,2377,27.52,72.48,HEALTHY,32.11,48.8,0.0,0.21,5.33,6.9,0,Tomato (Vegetative),0.85,50.0,69.8,HEALTHY,0,0.0
2026-01-22 17:00:00,esp32-field-01,NORMAL_BALANCED,26.55,2414,26.65,73.35,HEALTHY,30.57,46.8,0.0,0.86,5.12,0.6,0,Tomato (Vegetative),0.85,50.0,69.8,HEALTHY,0,0.0
2026-01-22 18:00:00,esp32-field-01,NORMAL_BALANCED,26.6,2373,26.88,73.12,HEALTHY,28.87,53.2,0.2,1.38,4.4,74.2,1,Tomato (Vegetative),0.85,50.0,70.2,HEALTHY,0,0.0
2026-01-22 19:00:00,esp32-field-01,NORMAL_BALANCED,26.59,2385,27.55,72.45,HEALTHY,27.74,62.4,0.0,0.1,4.85,0.3,0,Tomato (Vegetative),0.85,50.0,69.8,HEALTHY,0,0.0
2026-01-22 20:00:00,esp32-field-01,NORMAL_BALANCED,26.58,2412,26.45,73.55,HEALTHY,27.04,64.5,0.0,5.95,4.54,7.4,0,Tomato (Vegetative),0.85,50.0,69.8,HEALTHY,0,0.0
2026-01-22 21:00:00,esp32-field-01,NORMAL_BALANCED,26.57,2383,26.91,73.09,HEALTHY,24.82,66.2,0.0,1.65,4.28,1.3,0,Tomato (Vegetative),0.85,50.0,69.8,HEALTHY,0,0.0
2026-01-22 22:00:00,esp32-field-01,NORMAL_BALANCED,26.56,2387,27.05,72.95,HEALTHY,23.0,73.4,0.0,0.22,3.81,2.6,0,Tomato (Vegetative),0.85,50.0,69.7,HEALTHY,0,0.0
2026-01-22 23:00:00,esp32-field-01,NORMAL_BALANCED,26.56,2418,26.65,73.35,HEALTHY,22.13,72.6,0.0,0.04,3.88,3.0,0,Tomato (Vegetative),0.85,50.0,69.7,HEALTHY,0,0.0
2026-01-23 00:00:00,esp32-field-01,NORMAL_BALANCED,26.55,2383,27.18,72.82,HEALTHY,21.13,83.6,0.0,3.06,3.85,3.9,0,Tomato (Vegetative),0.85,50.0,69.7,HEALTHY,0,0.0
2026-01-23 01:00:00,esp32-field-01,NORMAL_BALANCED,26.55,2405,26.5,73.5,HEALTHY,19.33,77.1,0.0,0.34,3.06,0.3,0,Tomato (Vegetative),0.85,50.0,69.7,HEALTHY,0,0.0
2026-01-23 02:00:00,esp32-field-01,NORMAL_BALANCED,26.54,2407,26.8,73.2,HEALTHY,20.35,82.0,0.0,1.78,3.46,1.0,0,Tomato (Vegetative),0.85,50.0,69.7,HEALTHY,0,0.0
2026-01-23 03:00:00,esp32-field-01,NORMAL_BALANCED,26.53,2375,27.41,72.59,HEALTHY,19.65,79.6,0.0,1.38,2.97,1.2,0,Tomato (Vegetative),0.85,50.0,69.7,HEALTHY,0,0.0
2026-01-23 04:00:00,esp32-field-01,NORMAL_BALANCED,26.53,2365,28.18,71.82,HEALTHY,21.55,79.4,0.0,0.03,3.47,1.1,0,Tomato (Vegetative),0.85,50.0,69.7,HEALTHY,0,0.0
2026-01-23 05:00:00,esp32-field-01,NORMAL_BALANCED,26.52,2391,26.5,73.5,HEALTHY,21.71,77.2,0.0,1.46,3.35,0.7,0,Tomato (Vegetative),0.85,50.0,69.7,HEALTHY,0,0.0
2026-01-23 06:00:00,esp32-field-01,NORMAL_BALANCED,26.52,2387,27.19,72.81,HEALTHY,22.53,70.9,0.0,0.65,3.43,2.6,0,Tomato (Vegetative),0.85,50.0,69.7,HEALTHY,0,0.0
2026-01-23 07:00:00,esp32-field-01,NORMAL_BALANCED,26.49,2424,25.43,74.57,HEALTHY,25.34,68.5,0.0,0.33,4.41,6.3,0,Tomato (Vegetative),0.85,50.0,69.7,HEALTHY,0,0.0
2026-01-23 08:00:00,esp32-field-01,NORMAL_BALANCED,26.53,2372,27.98,72.02,HEALTHY,25.31,66.5,0.0,0.61,3.42,5.1,0,Tomato (Vegetative),0.85,50.0,69.6,HEALTHY,1,40.0
2026-01-23 09:00:00,esp32-field-01,NORMAL_BALANCED,26.46,2419,26.07,73.93,HEALTHY,26.91,58.3,0.0,3.86,4.48,0.5,0,Tomato (Vegetative),0.85,50.0,69.6,HEALTHY,0,0.0
2026-01-23 10:00:00,esp32-field-01,NORMAL_BALANCED,26.43,2377,27.61,72.39,HEALTHY,30.38,58.5,0.0,0.91,5.17,0.1,0,Tomato (Vegetative),0.85,50.0,69.6,HEALTHY,1,40.0
2026-01-23 11:00:00,esp32-field-01,NORMAL_BALANCED,26.39,2394,26.56,73.44,HEALTHY,29.48,59.3,0.0,3.27,4.68,0.4,0,Tomato (Vegetative),0.85,50.0,69.6,HEALTHY,1,30.0
2026-01-23 12:00:00,esp32-field-01,NORMAL_BALANCED,26.34,2436,24.79,75.21,HEALTHY,32.26,48.6,0.0,4.13,4.78,4.3,0,Tomato (Vegetative),0.85,50.0,69.6,HEALTHY,1,30.0
2026-01-23 13:00:00,esp32-field-01,NORMAL_BALANCED,26.3,2403,25.42,74.58,HEALTHY,30.86,49.6,0.4,2.95,5.14,65.0,1,Tomato (Vegetative),0.85,50.0,70.4,HEALTHY,0,0.0
2026-01-23 14:00:00,esp32-field-01,NORMAL_BALANCED,26.25,2396,26.13,73.87,HEALTHY,32.74,49.6,0.0,3.66,5.34,2.6,0,Tomato (Vegetative),0.85,50.0,69.6,HEALTHY,1,30.0
2026-01-23 15:00:00,esp32-field-01,NORMAL_BALANCED,26.21,2379,27.24,72.76,HEALTHY,31.65,50.2,0.0,0.1,5.27,1.3,0,Tomato (Vegetative),0.85,50.0,69.6,HEALTHY,1,25.0
2026-01-23 16:00:00,esp32-field-01,NORMAL_BALANCED,26.21,2380,27.7,72.3,HEALTHY,30.99,50.9,0.0,5.98,5.3,1.3,0,Tomato (Vegetative),0.85,50.0,69.6,HEALTHY,1,30.0
2026-01-23 17:00:00,esp32-field-01,NORMAL_BALANCED,26.25,2384,26.86,73.14,HEALTHY,31.13,56.6,0.0,0.1,4.86,2.0,0,Tomato (Vegetative),0.85,50.0,69.5,HEALTHY,1,30.0
2026-01-23 18:00:00,esp32-field-01,NORMAL_BALANCED,26.32,2393,27.09,72.91,HEALTHY,29.38,56.0,0.0,8.37,4.8,2.3,0,Tomato (Vegetative),0.85,50.0,69.5,HEALTHY,1,30.0
2026-01-23 19:00:00,esp32-field-01,NORMAL_BALANCED,26.38,2373,27.07,72.93,HEALTHY,28.17,60.5,0.0,0.25,4.7,7.2,0,Tomato (Vegetative),0.85,50.0,69.5,HEALTHY,1,30.0
2026-01-23 20:00:00,esp32-field-01,NORMAL_BALANCED,26.46,2374,27.61,72.39,HEALTHY,26.6,62.4,0.0,4.79,4.18,6.4,0,Tomato (Vegetative),0.85,50.0,69.5,HEALTHY,1,40.0
2026-01-23 21:00:00,esp32-field-01,NORMAL_BALANCED,26.54,2384,26.55,73.45,HEALTHY,23.63,74.6,0.0,0.88,3.76,3.8,0,Tomato (Vegetative),0.85,50.0,69.5,HEALTHY,1,40.0
2026-01-23 22:00:00,esp32-field-01,NORMAL_BALANCED,26.53,2392,26.57,73.43,HEALTHY,22.71,70.6,0.0,2.01,3.64,2.7,0,Tomato (Vegetative),0.85,50.0,69.5,HEALTHY,0,0.0
2026-01-23 23:00:00,esp32-field-01,NORMAL_BALANCED,26.53,2400,26.95,73.05,HEALTHY,21.56,75.9,0.0,0.21,3.55,1.7,0,Tomato (Vegetative),0.85,50.0,69.5,HEALTHY,0,0.0
2026-01-24 00:00:00,esp32-field-01,NORMAL_BALANCED,26.52,2416,26.41,73.59,HEALTHY,20.52,80.0,0.0,0.43,3.68,0.7,0,Tomato (Vegetative),0.85,50.0,69.5,HEALTHY,0,0.0
2026-01-24 01:00:00,esp32-field-01,NORMAL_BALANCED,26.52,2379,27.26,72.74,HEALTHY,20.33,80.9,0.0,0.92,3.26,8.0,0,Tomato (Vegetative),0.85,50.0,69.5,HEALTHY,0,0.0
2026-01-24 02:00:00,esp32-field-01,NORMAL_BALANCED,26.51,2402,26.25,73.75,HEALTHY,19.36,82.9,0.0,0.2,3.1,8.1,0,Tomato (Vegetative),0.85,50.0,69.5,HEALTHY,0,0.0
2026-01-24 03:00:00,esp32-field-01,NORMAL_BALANCED,26.5,2374,27.86,72.14,HEALTHY,21.13,75.9,0.0,5.01,3.28,9.8,0,Tomato (Vegetative),0.85,50.0,69.5,HEALTHY,0,0.0
2026-01-24 04:00:00,esp32-field-01,NORMAL_BALANCED,26.78,2420,25.57,74.43,HEALTHY,19.51,78.0,1.3,10.23,2.92,73.5,1,Tomato (Vegetative),0.85,50.0,72.0,HEALTHY,0,0.0
2026-01-24 05:00:00,esp32-field-01,NORMAL_BALANCED,26.77,2411,26.55,73.45,HEALTHY,22.03,75.1,0.0,0.53,3.72,3.6,0,Tomato (Vegetative),0.85,50.0,69.4,HEALTHY,0,0.0
2026-01-24 06:00:00,esp32-field-01,NORMAL_BALANCED,26.76,2390,26.97,73.03,HEALTHY,23.89,74.5,0.0,0.18,4.06,0.4,0,Tomato (Vegetative),0.85,50.0,69.4,HEALTHY,0,0.0
2026-01-24 07:00:00,esp32-field-01,NORMAL_BALANCED,26.73,2374,26.91,73.09,HEALTHY,24.5,71.9,0.0,2.52,4.23,0.7,0,Tomato (Vegetative),0.85,50.0,69.4,HEALTHY,0,0.0
2026-01-24 08:00:00,esp32-field-01,NORMAL_BALANCED,26.68,2400,26.6,73.4,HEALTHY,26.19,61.8,0.0,6.1,4.33,1.5,0,Tomato (Vegetative),0.85,50.0,69.4,HEALTHY,0,0.0
2026-01-24 09:00:00,esp32-field-01,NORMAL_BALANCED,26.6,2393,27.28,72.72,HEALTHY,29.81,61.4,0.0,3.5,4.68,9.2,0,Tomato (Vegetative),0.85,50.0,69.4,HEALTHY,0,0.0
2026-01-24 10:00:00,esp32-field-01,NORMAL_BALANCED,26.5,2419,25.65,74.35,HEALTHY,29.24,56.3,0.0,2.95,4.56,2.3,0,Tomato (Vegetative),0.85,50.0,69.4,HEALTHY,0,0.0
2026-01-24 11:00:00,esp32-field-01,NORMAL_BALANCED,26.45,2444,23.97,76.03,HEALTHY,29.33,57.5,0.0,0.05,4.91,0.9,0,Tomato (Vegetative),0.85,50.0,69.4,HEALTHY,1,30.0
2026-01-24 12:00:00,esp32-field-01,NORMAL_BALANCED,26.39,2401,26.47,73.53,HEALTHY,31.29,49.3,0.0,2.91,4.84,5.8,0,Tomato (Vegetative),0.85,50.0,69.4,HEALTHY,1,30.0
2026-01-24 13:00:00,esp32-field-01,NORMAL_BALANCED,26.76,2404,26.99,73.01,HEALTHY,31.92,48.2,2.3,3.93,5.13,71.6,1,Tomato (Vegetative),0.85,50.0,73.9,HEALTHY,0,0.0
2026-01-24 14:00:00,esp32-field-01,NORMAL_BALANCED,26.66,2386,26.56,73.44,HEALTHY,31.47,46.7,0.0,0.9,4.63,1.0,0,Tomato (Vegetative),0.85,50.0,69.3,HEALTHY,0,0.0
2026-01-24 15:00:00,esp32-field-01,NORMAL_BALANCED,26.57,2433,25.46,74.54,HEALTHY,31.26,50.9,0.0,1.13,5.02,1.3,0,Tomato (Vegetative),0.85,50.0,69.3,HEALTHY,0,0.0
2026-01-24 16:00:00,esp32-field-01,NORMAL_BALANCED,26.5,2400,26.61,73.39,HEALTHY,31.46,50.6,0.0,1.33,5.35,2.4,0,Tomato (Vegetative),0.85,50.0,69.3,HEALTHY,0,0.0
2026-01-24 17:00:00,esp32-field-01,NORMAL_BALANCED,26.47,2376,27.47,72.53,HEALTHY,30.39,56.4,0.0,0.17,5.55,4.5,0,Tomato (Vegetative),0.85,50.0,69.3,HEALTHY,0,0.0
2026-01-24 18:00:00,esp32-field-01,NORMAL_BALANCED,26.56,2390,26.96,73.04,HEALTHY,29.35,59.2,0.0,0.13,4.49,1.0,0,Tomato (Vegetative),0.85,50.0,69.3,HEALTHY,1,40.0
2026-01-24 19:00:00,esp32-field-01,NORMAL_BALANCED,26.55,2419,26.34,73.66,HEALTHY,26.95,59.1,0.0,0.03,4.75,3.7,0,Tomato (Vegetative),0.85,50.0,69.3,HEALTHY,0,0.0
2026-01-24 20:00:00,esp32-field-01,NORMAL_BALANCED,26.54,2391,26.79,73.21,HEALTHY,25.71,61.5,0.0,2.87,4.23,0.2,0,Tomato (Vegetative),0.85,50.0,69.3,HEALTHY,0,0.0
2026-01-24 21:00:00,esp32-field-01,NORMAL_BALANCED,26.53,2416,25.47,74.53,HEALTHY,23.79,71.8,0.0,4.32,3.84,0.7,0,Tomato (Vegetative),0.85,50.0,69.3,HEALTHY,0,0.0
2026-01-24 22:00:00,esp32-field-01,NORMAL_BALANCED,26.53,2372,27.22,72.78,HEALTHY,23.17,68.2,0.0,6.78,3.83,3.2,0,Tomato (Vegetative),0.85,50.0,69.3,HEALTHY,0,0.0
2026-01-24 23:00:00,esp32-field-01,NORMAL_BALANCED,26.52,2395,26.15,73.85,HEALTHY,21.79,79.3,0.0,2.12,3.32,1.4,0,Tomato (Vegetative),0.85,50.0,69.2,HEALTHY,0,0.0
2026-01-25 00:00:00,esp32-field-01,NORMAL_BALANCED,26.52,2422,24.77,75.23,HEALTHY,20.86,77.5,0.0,2.43,3.15,3.0,0,Tomato (Vegetative),0.85,50.0,69.2,HEALTHY,0,0.0
2026-01-25 01:00:00,esp32-field-01,NORMAL_BALANCED,26.51,2430,25.49,74.51,HEALTHY,20.41,80.5,0.0,4.38,3.31,2.9,0,Tomato (Vegetative),0.85,50.0,69.2,HEALTHY,0,0.0
2026-01-25 02:00:00,esp32-field-01,NORMAL_BALANCED,26.5,2392,25.95,74.05,HEALTHY,21.64,78.3,0.0,0.54,3.6,0.5,0,Tomato (Vegetative),0.85,50.0,69.2,HEALTHY,0,0.0
2026-01-25 03:00:00,esp32-field-01,NORMAL_BALANCED,26.5,2382,26.62,73.38,HEALTHY,18.4,78.7,0.0,1.12,2.84,2.2,0,Tomato (Vegetative),0.85,50.0,69.2,HEALTHY,0,0.0
2026-01-25 04:00:00,esp32-field-01,NORMAL_BALANCED,26.56,2397,27.03,72.97,HEALTHY,20.97,80.2,0.0,5.27,2.97,0.4,0,Tomato (Vegetative),0.85,50.0,69.2,HEALTHY,1,30.0
2026-01-25 05:00:00,esp32-field-01,NORMAL_BALANCED,26.55,2394,26.93,73.07,HEALTHY,22.45,79.0,0.0,0.35,3.41,5.5,0,Tomato (Vegetative),0.85,50.0,69.2,HEALTHY,0,0.0
2026-01-25 06:00:00,esp32-field-01,NORMAL_BALANCED,26.55,2392,25.74,74.26,HEALTHY,22.7,73.1,0.0,0.45,3.83,8.9,0,Tomato (Vegetative),0.85,50.0,69.2,HEALTHY,0,0.0
2026-01-25 07:00:00,esp32-field-01,NORMAL_BALANCED,26.53,2397,25.63,74.37,HEALTHY,23.7,68.9,0.0,0.25,3.41,4.9,0,Tomato (Vegetative),0.85,50.0,69.2,HEALTHY,0,0.0
2026-01-25 08:00:00,esp32-field-01,NORMAL_BALANCED,26.47,2415,25.76,74.24,HEALTHY,24.98,66.6,0.0,0.17,4.27,1.4,0,Tomato (Vegetative),0.85,50.0,69.2,HEALTHY,0,0.0
2026-01-25 09:00:00,esp32-field-01,NORMAL_BALANCED,26.48,2413,26.61,73.39,HEALTHY,27.19,64.4,0.0,0.71,4.6,0.6,0,Tomato (Vegetative),0.85,50.0,69.2,HEALTHY,1,40.0
2026-01-25 10:00:00,esp32-field-01,NORMAL_BALANCED,26.44,2402,26.96,73.04,HEALTHY,29.9,57.7,0.0,1.4,4.61,4.2,0,Tomato (Vegetative),0.85,50.0,69.1,HEALTHY,1,25.0
2026-01-25 11:00:00,esp32-field-01,NORMAL_BALANCED,26.37,2430,24.62,75.38,HEALTHY,29.34,54.0,0.0,2.71,5.01,3.3,0,Tomato (Vegetative),0.85,50.0,69.1,HEALTHY,1,25.0
2026-01-25 12:00:00,esp32-field-01,NORMAL_BALANCED,26.34,2372,27.13,72.87,HEALTHY,31.91,51.6,0.0,2.99,4.81,0.2,0,Tomato (Vegetative),0.85,50.0,69.1,HEALTHY,1,40.0
2026-01-25 13:00:00,esp32-field-01,NORMAL_BALANCED,26.28,2410,26.9,73.1,HEALTHY,33.34,53.5,0.0,0.33,5.07,5.6,0,Tomato (Vegetative),0.85,50.0,69.1,HEALTHY,1,25.0
2026-01-25 14:00:00,esp32-field-01,NORMAL_BALANCED,26.24,2379,27.09,72.91,HEALTHY,32.26,50.8,0.0,5.1,4.86,1.7,0,Tomato (Vegetative),0.85,50.0,69.1,HEALTHY,1,30.0
2026-01-25 15:00:00,esp32-field-01,NORMAL_BALANCED,26.23,2408,27.06,72.94,HEALTHY,31.04,53.1,0.0,1.82,5.32,0.1,0,Tomato (Vegetative),0.85,50.0,69.1,HEALTHY,1,40.0
2026-01-25 16:00:00,esp32-field-01,NORMAL_BALANCED,26.23,2416,26.2,73.8,HEALTHY,31.14,46.8,0.0,2.48,4.79,2.2,0,Tomato (Vegetative),0.85,50.0,69.1,HEALTHY,1,25.0
2026-01-25 17:00:00,esp32-field-01,NORMAL_BALANCED,26.29,2457,25.21,74.79,HEALTHY,29.47,51.2,0.0,1.73,4.83,0.3,0,Tomato (Vegetative),0.85,50.0,69.1,HEALTHY,1,40.0
2026-01-25 18:00:00,esp32-field-01,NORMAL_BALANCED,26.38,2412,25.21,74.79,HEALTHY,29.44,57.2,0.0,0.06,4.9,0.2,0,Tomato (Vegetative),0.85,50.0,69.1,HEALTHY,1,40.0
2026-01-25 19:00:00,esp32-field-01,NORMAL_BALANCED,26.46,2381,27.02,72.98,HEALTHY,28.58,59.9,0.0,1.51,4.69,3.3,0,Tomato (Vegetative),0.85,50.0,69.0,HEALTHY,1,40.0
2026-01-25 20:00:00,esp32-field-01,NORMAL_BALANCED,26.54,2389,27.17,72.83,HEALTHY,25.9,65.1,0.0,1.1,4.26,0.0,0,Tomato (Vegetative),0.85,50.0,69.0,HEALTHY,1,40.0
2026-01-25 21:00:00,esp32-field-01,NORMAL_BALANCED,26.54,2363,26.85,73.15,HEALTHY,22.97,74.0,0.0,0.41,3.75,1.9,0,Tomato (Vegetative),0.85,50.0,69.0,HEALTHY,0,0.0
2026-01-25 22:00:00,esp32-field-01,NORMAL_BALANCED,26.53,2389,26.94,73.06,HEALTHY,21.83,69.9,0.0,1.64,3.42,5.3,0,Tomato (Vegetative),0.85,50.0,69.0,HEALTHY,0,0.0
2026-01-25 23:00:00,esp32-field-01,NORMAL_BALANCED,26.67,2408,27.41,72.59,HEALTHY,22.27,77.0,0.7,1.97,3.78,83.4,1,Tomato (Vegetative),0.85,50.0,70.4,HEALTHY,0,0.0
2026-01-26 00:00:00,esp32-field-01,NORMAL_BALANCED,26.67,2407,26.02,73.98,HEALTHY,21.15,73.8,0.0,7.01,3.37,3.5,0,Tomato (Vegetative),0.85,50.0,69.0,HEALTHY,0,0.0
2026-01-26 01:00:00,esp32-field-01,NORMAL_BALANCED,26.66,2410,26.4,73.6,HEALTHY,18.94,82.3,0.0,0.34,3.01,6.4,0,Tomato (Vegetative),0.85,50.0,69.0,HEALTHY,0,0.0
2026-01-26 02:00:00,esp32-field-01,NORMAL_BALANCED,26.65,2379,26.32,73.68,HEALTHY,20.5,80.0,0.0,0.33,3.28,1.5,0,Tomato (Vegetative),0.85,50.0,69.0,HEALTHY,0,0.0
2026-01-26 03:00:00,esp32-field-01,NORMAL_BALANCED,26.65,2383,26.3,73.7,HEALTHY,19.33,79.6,0.0,0.09,3.52,1.9,0,Tomato (Vegetative),0.85,50.0,69.0,HEALTHY,0,0.0
2026-01-26 04:00:00,esp32-field-01,NORMAL_BALANCED,26.64,2416,26.72,73.28,HEALTHY,21.23,74.1,0.0,2.24,3.48,2.2,0,Tomato (Vegetative),0.85,50.0,69.0,HEALTHY,0,0.0
2026-01-26 05:00:00,esp32-field-01,NORMAL_BALANCED,26.64,2390,26.71,73.29,HEALTHY,23.2,75.8,0.0,1.92,3.48,0.1,0,Tomato (Vegetative),0.85,50.0,69.0,HEALTHY,0,0.0
2026-01-26 06:00:00,esp32-field-01,NORMAL_BALANCED,26.63,2414,26.06,73.94,HEALTHY,22.99,73.8,0.0,0.84,3.73,17.3,0,Tomato (Vegetative),0.85,50.0,68.9,HEALTHY,0,0.0
2026-01-26 07:00:00,esp32-field-01,NORMAL_BALANCED,26.6,2395,26.85,73.15,HEALTHY,24.25,65.4,0.0,0.46,4.34,1.3,0,Tomato (Vegetative),0.85,50.0,68.9,HEALTHY,0,0.0
2026-01-26 08:00:00,esp32-field-01,NORMAL_BALANCED,26.55,2392,26.95,73.05,HEALTHY,25.46,65.2,0.0,1.88,4.37,10.4,0,Tomato (Vegetative),0.85,50.0,68.9,HEALTHY,0,0.0
2026-01-26 09:00:00,esp32-field-01,NORMAL_BALANCED,26.47,2391,26.98,73.02,HEALTHY,28.12,58.4,0.0,1.46,4.56,2.0,0,Tomato (Vegetative),0.85,50.0,68.9,HEALTHY,0,0.0
2026-01-26 10:00:00,esp32-field-01,NORMAL_BALANCED,26.43,2387,27.08,72.92,HEALTHY,30.17,56.0,0.0,5.07,4.48,0.7,0,Tomato (Vegetative),0.85,50.0,68.9,HEALTHY,1,25.0
2026-01-26 11:00:00,esp32-field-01,NORMAL_BALANCED,26.36,2401,26.48,73.52,HEALTHY,30.88,55.8,0.0,2.76,5.0,12.3,0,Tomato (Vegetative),0.85,50.0,68.9,HEALTHY,1,25.0
2026-01-26 12:00:00,esp32-field-01,NORMAL_BALANCED,26.29,2387,26.63,73.37,HEALTHY,30.96,52.4,0.0,0.4,5.13,2.1,0,Tomato (Vegetative),0.85,50.0,68.9,HEALTHY,1,25.0
2026-01-26 13:00:00,esp32-field-01,NORMAL_BALANCED,26.21,2422,25.87,74.13,HEALTHY,32.27,52.4,0.0,1.69,5.56,9.6,0,Tomato (Vegetative),0.85,50.0,68.9,HEALTHY,1,25.0
2026-01-26 14:00:00,esp32-field-01,NORMAL_BALANCED,26.19,2411,26.02,73.98,HEALTHY,32.64,50.3,0.0,0.92,5.24,6.6,0,Tomato (Vegetative),0.85,50.0,68.9,HEALTHY,1,40.0
2026-01-26 15:00:00,esp32-field-01,NORMAL_BALANCED,26.17,2394,26.02,73.98,HEALTHY,31.85,51.1,0.0,1.67,4.62,3.6,0,Tomato (Vegetative),0.85,50.0,68.8,HEALTHY,1,30.0
2026-01-26 16:00:00,esp32-field-01,NORMAL_BALANCED,26.16,2406,27.29,72.71,HEALTHY,32.98,53.6,0.0,4.66,5.11,4.2,0,Tomato (Vegetative),0.85,50.0,68.8,HEALTHY,1,25.0
2026-01-26 17:00:00,esp32-field-01,NORMAL_BALANCED,26.22,2359,27.46,72.54,HEALTHY,31.27,51.9,0.0,1.6,5.19,0.4,0,Tomato (Vegetative),0.85,50.0,68.8,HEALTHY,1,40.0
2026-01-26 18:00:00,esp32-field-01,NORMAL_BALANCED,26.28,2363,26.57,73.43,HEALTHY,29.15,56.4,0.0,3.2,4.66,2.5,0,Tomato (Vegetative),0.85,50.0,68.8,HEALTHY,1,25.0
2026-01-26 19:00:00,esp32-field-01,NORMAL_BALANCED,26.36,2383,27.18,72.82,HEALTHY,27.61,58.7,0.0,0.29,4.71,1.3,0,Tomato (Vegetative),0.85,50.0,68.8,HEALTHY,1,40.0
2026-01-26 20:00:00,esp32-field-01,NORMAL_BALANCED,26.44,2371,26.32,73.68,HEALTHY,25.59,64.1,0.0,1.36,4.2,2.3,0,Tomato (Vegetative),0.85,50.0,68.8,HEALTHY,1,40.0
2026-01-26 21:00:00,esp32-field-01,NORMAL_BALANCED,26.49,2389,26.72,73.28,HEALTHY,25.89,67.3,0.0,0.09,4.33,2.8,0,Tomato (Vegetative),0.85,50.0,68.8,HEALTHY,1,25.0
2026-01-26 22:00:00,esp32-field-01,NORMAL_BALANCED,26.55,2399,26.82,73.18,HEALTHY,23.02,66.7,0.0,1.17,3.58,2.0,0,Tomato (Vegetative),0.85,50.0,68.8,HEALTHY,1,30.0
2026-01-26 23:00:00,esp32-field-01,NORMAL_BALANCED,26.54,2373,28.31,71.69,HEALTHY,21.43,80.1,0.0,1.64,3.59,0.4,0,Tomato (Vegetative),0.85,50.0,68.8,HEALTHY,0,0.0
2026-01-27 00:00:00,esp32-field-01,NORMAL_BALANCED,26.54,2406,25.86,74.14,HEALTHY,20.93,80.1,0.0,1.02,3.36,4.7,0,Tomato (Vegetative),0.85,50.0,68.8,HEALTHY,0,0.0
2026-01-27 01:00:00,esp32-field-01,NORMAL_BALANCED,26.53,2398,26.1,73.9,HEALTHY,20.56,81.5,0.0,0.58,3.43,6.0,0,Tomato (Vegetative),0.85,50.0,68.8,HEALTHY,0,0.0
2026-01-27 02:00:00,esp32-field-01,NORMAL_BALANCED,26.53,2414,25.94,74.06,HEALTHY,19.43,77.2,0.0,0.64,3.04,1.7,0,Tomato (Vegetative),0.85,50.0,68.7,HEALTHY,0,0.0
2026-01-27 03:00:00,esp32-field-01,NORMAL_BALANCED,26.52,2416,26.04,73.96,HEALTHY,20.41,82.5,0.0,0.64,3.09,0.4,0,Tomato (Vegetative),0.85,50.0,68.7,HEALTHY,0,0.0
2026-01-27 04:00:00,esp32-field-01,NORMAL_BALANCED,26.52,2377,28.59,71.41,HEALTHY,19.87,79.8,0.0,3.0,3.53,0.8,0,Tomato (Vegetative),0.85,50.0,68.7,HEALTHY,0,0.0
2026-01-27 05:00:00,esp32-field-01,NORMAL_BALANCED,26.51,2377,27.05,72.95,HEALTHY,20.99,71.9,0.0,2.34,3.08,0.2,0,Tomato (Vegetative),0.85,50.0,68.7,HEALTHY,0,0.0
2026-01-27 06:00:00,esp32-field-01,NORMAL_BALANCED,26.5,2372,27.59,72.41,HEALTHY,24.13,73.5,0.0,1.27,3.59,1.0,0,Tomato (Vegetative),0.85,50.0,68.7,HEALTHY,0,0.0
2026-01-27 07:00:00,esp32-field-01,NORMAL_BALANCED,26.48,2377,27.09,72.91,HEALTHY,25.42,72.2,0.0,1.62,4.06,2.4,0,Tomato (Vegetative),0.85,50.0,68.7,HEALTHY,0,0.0
2026-01-27 08:00:00,esp32-field-01,NORMAL_BALANCED,26.48,2415,25.8,74.2,HEALTHY,25.82,67.7,0.0,2.22,4.14,1.0,0,Tomato (Vegetative),0.85,50.0,68.7,HEALTHY,1,25.0
2026-01-27 09:00:00,esp32-field-01,NORMAL_BALANCED,26.8,2378,27.72,72.28,HEALTHY,27.89,64.6,1.9,2.86,4.6,73.4,1,Tomato (Vegetative),0.85,50.0,72.5,HEALTHY,0,0.0
2026-01-27 10:00:00,esp32-field-01,NORMAL_BALANCED,26.7,2383,27.02,72.98,HEALTHY,28.88,60.6,0.0,0.87,4.91,6.6,0,Tomato (Vegetative),0.85,50.0,68.7,HEALTHY,0,0.0
2026-01-27 11:00:00,esp32-field-01,NORMAL_BALANCED,26.57,2386,26.85,73.15,HEALTHY,30.93,55.4,0.0,12.45,5.13,4.1,0,Tomato (Vegetative),0.85,50.0,68.7,HEALTHY,0,0.0
2026-01-27 12:00:00,esp32-field-01,NORMAL_BALANCED,26.44,2411,26.39,73.61,HEALTHY,31.43,49.0,0.0,0.29,5.16,0.6,0,Tomato (Vegetative),0.85,50.0,68.6,HEALTHY,0,0.0
2026-01-27 13:00:00,esp32-field-01,NORMAL_BALANCED,26.36,2383,27.67,72.33,HEALTHY,32.93,54.4,0.0,0.46,5.88,2.8,0,Tomato (Vegetative),0.85,50.0,68.6,HEALTHY,1,25.0
2026-01-27 14:00:00,esp32-field-01,NORMAL_BALANCED,26.31,2392,26.14,73.86,HEALTHY,32.64,45.7,0.0,6.8,5.13,1.8,0,Tomato (Vegetative),0.85,50.0,68.6,HEALTHY,1,30.0
2026-01-27 15:00:00,esp32-field-01,NORMAL_BALANCED,26.31,2402,25.92,74.08,HEALTHY,30.72,52.2,0.0,1.25,5.3,5.9,0,Tomato (Vegetative),0.85,50.0,68.6,HEALTHY,1,40.0
2026-01-27 16:00:00,esp32-field-01,NORMAL_BALANCED,26.34,2390,27.83,72.17,HEALTHY,31.82,51.1,0.0,0.56,4.65,9.8,0,Tomato (Vegetative),0.85,50.0,68.6,HEALTHY,1,40.0
2026-01-27 17:00:00,esp32-field-01,NORMAL_BALANCED,26.4,2382,27.41,72.59,HEALTHY,31.27,54.8,0.0,0.08,5.11,0.3,0,Tomato (Vegetative),0.85,50.0,68.6,HEALTHY,1,40.0
2026-01-27 18:00:00,esp32-field-01,NORMAL_BALANCED,26.47,2420,25.81,74.19,HEALTHY,30.01,58.6,0.0,5.55,5.03,2.2,0,Tomato (Vegetative),0.85,50.0,68.6,HEALTHY,1,30.0
2026-01-27 19:00:00,esp32-field-01,NORMAL_BALANCED,26.55,2400,27.38,72.62,HEALTHY,26.81,61.2,0.0,0.68,4.25,8.2,0,Tomato (Vegetative),0.85,50.0,68.6,HEALTHY,1,40.0
2026-01-27 20:00:00,esp32-field-01,NORMAL_BALANCED,26.54,2399,26.63,73.37,HEALTHY,24.94,64.1,0.0,0.11,3.7,2.7,0,Tomato (Vegetative),0.85,50.0,68.6,HEALTHY,0,0.0
2026-01-27 21:00:00,esp32-field-01,NORMAL_BALANCED,26.54,2379,26.34,73.66,HEALTHY,25.21,65.2,0.0,3.6,4.19,0.2,0,Tomato (Vegetative),0.85,50.0,68.5,HEALTHY,0,0.0
2026-01-27 22:00:00,esp32-field-01,NORMAL_BALANCED,26.53,2433,25.3,74.7,HEALTHY,23.22,73.3,0.0,0.13,3.44,2.1,0,Tomato (Vegetative),0.85,50.0,68.5,HEALTHY,0,0.0
2026-01-27 23:00:00,esp32-field-01,NORMAL_BALANCED,26.52,2403,25.98,74.02,HEALTHY,20.82,74.9,0.0,0.35,3.51,4.4,0,Tomato (Vegetative),0.85,50.0,68.5,HEALTHY,0,0.0
2026-01-28 00:00:00,esp32-field-01,NORMAL_BALANCED,26.52,2409,26.38,73.62,HEALTHY,19.42,75.5,0.0,3.47,3.04,1.9,0,Tomato (Vegetative),0.85,50.0,68.5,HEALTHY,0,0.0
2026-01-28 01:00:00,esp32-field-01,NORMAL_BALANCED,26.51,2387,27.15,72.85,HEALTHY,19.18,78.4,0.0,2.43,2.77,0.8,0,Tomato (Vegetative),0.85,50.0,68.5,HEALTHY,0,0.0
2026-01-28 02:00:00,esp32-field-01,NORMAL_BALANCED,26.51,2438,25.43,74.57,HEALTHY,20.83,78.3,0.0,3.63,3.13,1.4,0,Tomato (Vegetative),0.85,50.0,68.5,HEALTHY,0,0.0
2026-01-28 03:00:00,esp32-field-01,NORMAL_BALANCED,26.5,2398,26.12,73.88,HEALTHY,21.6,82.3,0.0,1.52,3.46,3.6,0,Tomato (Vegetative),0.85,50.0,68.5,HEALTHY,0,0.0
2026-01-28 04:00:00,esp32-field-01,NORMAL_BALANCED,26.5,2398,26.73,73.27,HEALTHY,20.61,73.0,0.0,0.56,3.26,2.1,0,Tomato (Vegetative),0.85,50.0,68.5,HEALTHY,0,0.0
2026-01-28 05:00:00,esp32-field-01,NORMAL_BALANCED,26.56,2397,26.87,73.13,HEALTHY,21.82,74.1,0.0,0.03,3.39,6.4,0,Tomato (Vegetative),0.85,50.0,68.5,HEALTHY,1,30.0
2026-01-28 06:00:00,esp32-field-01,NORMAL_BALANCED,26.55,2368,26.68,73.32,HEALTHY,22.86,75.0,0.0,0.52,3.67,1.6,0,Tomato (Vegetative),0.85,50.0,68.5,HEALTHY,0,0.0
2026-01-28 07:00:00,esp32-field-01,NORMAL_BALANCED,26.52,2396,26.76,73.24,HEALTHY,24.29,71.5,0.0,0.18,4.08,1.6,0,Tomato (Vegetative),0.85,50.0,68.5,HEALTHY,0,0.0
2026-01-28 08:00:00,esp32-field-01,NORMAL_BALANCED,26.47,2384,26.78,73.22,HEALTHY,25.47,63.8,0.0,0.65,4.31,1.4,0,Tomato (Vegetative),0.85,50.0,68.4,HEALTHY,0,0.0
2026-01-28 09:00:00,esp32-field-01,NORMAL_BALANCED,26.46,2418,24.85,75.15,HEALTHY,26.94,64.4,0.0,2.45,4.27,0.1,0,Tomato (Vegetative),0.85,50.0,68.4,HEALTHY,1,30.0
2026-01-28 10:00:00,esp32-field-01,NORMAL_BALANCED,26.45,2376,27.03,72.97,HEALTHY,28.45,57.8,0.0,0.64,4.78,7.3,0,Tomato (Vegetative),0.85,50.0,68.4,HEALTHY,1,40.0
2026-01-28 11:00:00,esp32-field-01,NORMAL_BALANCED,26.39,2426,25.46,74.54,HEALTHY,31.25,51.9,0.0,1.69,4.65,0.3,0,Tomato (Vegetative),0.85,50.0,68.4,HEALTHY,1,25.0
2026-01-28 12:00:00,esp32-field-01,NORMAL_BALANCED,26.37,2409,26.18,73.82,HEALTHY,30.77,52.1,0.0,0.12,4.62,0.8,0,Tomato (Vegetative),0.85,50.0,68.4,HEALTHY,1,40.0
2026-01-28 13:00:00,esp32-field-01,NORMAL_BALANCED,26.33,2365,27.63,72.37,HEALTHY,32.36,49.4,0.0,1.44,5.03,4.0,0,Tomato (Vegetative),0.85,50.0,68.4,HEALTHY,1,40.0
2026-01-28 14:00:00,esp32-field-01,NORMAL_BALANCED,26.27,2416,25.93,74.07,HEALTHY,32.67,46.7,0.0,0.89,5.81,0.9,0,Tomato (Vegetative),0.85,50.0,68.4,HEALTHY,1,25.0
2026-01-28 15:00:00,esp32-field-01,NORMAL_BALANCED,26.23,2404,26.77,73.23,HEALTHY,31.53,50.5,0.0,0.89,5.35,0.4,0,Tomato (Vegetative),0.85,50.0,68.4,HEALTHY,1,25.0
2026-01-28 16:00:00,esp32-field-01,NORMAL_BALANCED,26.23,2408,25.97,74.03,HEALTHY,31.23,49.4,0.0,3.45,5.04,0.9,0,Tomato (Vegetative),0.85,50.0,68.4,HEALTHY,1,30.0
2026-01-28 17:00:00,esp32-field-01,NORMAL_BALANCED,26.29,2399,25.8,74.2,HEALTHY,31.64,52.0,0.0,3.88,4.61,0.8,0,Tomato (Vegetative),0.85,50.0,68.3,HEALTHY,1,40.0
2026-01-28 18:00:00,esp32-field-01,NORMAL_BALANCED,26.35,2404,26.21,73.79,HEALTHY,27.63,57.5,0.0,1.52,4.26,2.6,0,Tomato (Vegetative),0.85,50.0,68.3,HEALTHY,1,25.0
2026-01-28 19:00:00,esp32-field-01,NORMAL_BALANCED,26.4,2369,28.4,71.6,HEALTHY,26.86,55.3,0.0,7.83,4.51,0.1,0,Tomato (Vegetative),0.85,50.0,68.3,HEALTHY,1,25.0
2026-01-28 20:00:00,esp32-field-01,NORMAL_BALANCED,26.45,2396,25.97,74.03,HEALTHY,26.35,67.8,0.0,0.41,3.82,0.1,0,Tomato (Vegetative),0.85,50.0,68.3,HEALTHY,1,25.0
2026-01-28 21:00:00,esp32-field-01,NORMAL_BALANCED,26.53,2403,26.39,73.61,HEALTHY,24.69,74.1,0.0,2.32,3.93,0.5,0,Tomato (Vegetative),0.85,50.0,68.3,HEALTHY,1,40.0
2026-01-28 22:00:00,esp32-field-01,NORMAL_BALANCED,26.52,2397,25.77,74.23,HEALTHY,22.71,75.1,0.0,0.11,3.69,2.0,0,Tomato (Vegetative),0.85,50.0,68.3,HEALTHY,0,0.0
2026-01-28 23:00:00,esp32-field-01,NORMAL_BALANCED,26.52,2410,26.9,73.1,HEALTHY,21.53,71.2,0.0,3.02,3.24,4.0,0,Tomato (Vegetative),0.85,50.0,68.3,HEALTHY,0,0.0
2026-01-29 00:00:00,esp32-field-01,NORMAL_BALANCED,26.51,2385,26.27,73.73,HEALTHY,21.58,76.1,0.0,2.1,3.7,3.8,0,Tomato (Vegetative),0.85,50.0,68.3,HEALTHY,0,0.0
2026-01-29 01:00:00,esp32-field-01,NORMAL_BALANCED,26.5,2426,26.06,73.94,HEALTHY,19.97,80.1,0.0,0.57,3.42,1.9,0,Tomato (Vegetative),0.85,50.0,68.3,HEALTHY,0,0.0
2026-01-29 02:00:00,esp32-field-01,NORMAL_BALANCED,26.5,2418,25.15,74.85,HEALTHY,20.39,83.6,0.0,2.95,3.53,0.2,0,Tomato (Vegetative),0.85,50.0,68.3,HEALTHY,0,0.0
2026-01-29 03:00:00,esp32-field-01,NORMAL_BALANCED,26.56,2407,26.02,73.98,HEALTHY,20.91,79.4,0.0,7.18,3.72,1.9,0,Tomato (Vegetative),0.85,50.0,68.2,HEALTHY,1,30.0
2026-01-29 04:00:00,esp32-field-01,NORMAL_BALANCED,26.55,2438,25.17,74.83,HEALTHY,19.77,81.5,0.0,3.83,3.08,0.8,0,Tomato (Vegetative),0.85,50.0,68.2,HEALTHY,0,0.0
2026-01-29 05:00:00,esp32-field-01,NORMAL_BALANCED,26.55,2451,23.71,76.29,HEALTHY,22.58,80.8,0.0,1.17,3.97,5.0,0,Tomato (Vegetative),0.85,50.0,68.2,HEALTHY,0,0.0
2026-01-29 06:00:00,esp32-field-01,NORMAL_BALANCED,26.54,2388,26.09,73.91,HEALTHY,22.65,72.1,0.0,0.18,3.79,2.2,0,Tomato (Vegetative),0.85,50.0,68.2,HEALTHY,0,0.0
2026-01-29 07:00:00,esp32-field-01,NORMAL_BALANCED,26.51,2430,25.91,74.09,HEALTHY,24.3,72.4,0.0,1.42,3.79,0.5,0,Tomato (Vegetative),0.85,50.0,68.2,HEALTHY,0,0.0
2026-01-29 08:00:00,esp32-field-01,NORMAL_BALANCED,26.46,2408,26.38,73.62,HEALTHY,26.37,63.6,0.0,5.37,4.17,6.8,0,Tomato (Vegetative),0.85,50.0,68.2,HEALTHY,0,0.0
2026-01-29 09:00:00,esp32-field-01,NORMAL_BALANCED,26.46,2412,26.9,73.1,HEALTHY,27.14,60.9,0.0,3.05,3.88,2.8,0,Tomato (Vegetative),0.85,50.0,68.2,HEALTHY,1,30.0
2026-01-29 10:00:00,esp32-field-01,NORMAL_BALANCED,26.42,2408,26.24,73.76,HEALTHY,29.58,57.4,0.0,0.58,4.61,0.6,0,Tomato (Vegetative),0.85,50.0,68.2,HEALTHY,1,25.0
2026-01-29 11:00:00,esp32-field-01,NORMAL_BALANCED,26.36,2392,27.73,72.27,HEALTHY,30.63,49.6,0.0,1.66,4.84,0.6,0,Tomato (Vegetative),0.85,50.0,68.2,HEALTHY,1,25.0
2026-01-29 12:00:00,esp32-field-01,NORMAL_BALANCED,26.3,2393,26.47,73.53,HEALTHY,30.62,51.8,0.0,0.2,4.79,6.8,0,Tomato (Vegetative),0.85,50.0,68.2,HEALTHY,1,30.0
2026-01-29 13:00:00,esp32-field-01,NORMAL_BALANCED,26.23,2406,26.32,73.68,HEALTHY,31.51,50.9,0.0,4.49,5.42,7.9,0,Tomato (Vegetative),0.85,50.0,68.2,HEALTHY,1,25.0
2026-01-29 14:00:00,esp32-field-01,NORMAL_BALANCED,26.21,2369,27.32,72.68,HEALTHY,31.93,50.5,0.0,1.59,5.02,6.8,0,Tomato (Vegetative),0.85,50.0,68.1,HEALTHY,1,40.0
2026-01-29 15:00:00,esp32-field-01,NORMAL_BALANCED,26.21,2406,25.67,74.33,HEALTHY,30.64,49.2,0.0,1.12,5.19,10.2,0,Tomato (Vegetative),0.85,50.0,68.1,HEALTHY,1,40.0
2026-01-29 16:00:00,esp32-field-01,NORMAL_BALANCED,26.2,2444,25.01,74.99,HEALTHY,31.07,52.3,0.0,0.42,4.94,8.9,0,Tomato (Vegetative),0.85,50.0,68.1,HEALTHY,1,25.0
2026-01-29 17:00:00,esp32-field-01,NORMAL_BALANCED,26.26,2394,26.84,73.16,HEALTHY,30.66,56.3,0.0,1.21,4.66,2.6,0,Tomato (Vegetative),0.85,50.0,68.1,HEALTHY,1,40.0
2026-01-29 18:00:00,esp32-field-01,NORMAL_BALANCED,26.33,2392,25.58,74.42,HEALTHY,29.49,59.6,0.0,0.76,4.44,8.6,0,Tomato (Vegetative),0.85,50.0,68.1,HEALTHY,1,30.0
2026-01-29 19:00:00,esp32-field-01,NORMAL_BALANCED,26.38,2398,26.93,73.07,HEALTHY,27.76,58.8,0.0,0.02,4.76,3.1,0,Tomato (Vegetative),0.85,50.0,68.1,HEALTHY,1,25.0
2026-01-29 20:00:00,esp32-field-01,NORMAL_BALANCED,26.43,2416,25.86,74.14,HEALTHY,25.55,65.9,0.0,2.84,4.3,2.3,0,Tomato (Vegetative),0.85,50.0,68.1,HEALTHY,1,25.0
2026-01-29 21:00:00,esp32-field-01,NORMAL_BALANCED,26.48,2374,28.02,71.98,HEALTHY,23.77,69.0,0.0,0.53,3.89,1.6,0,Tomato (Vegetative),0.85,50.0,68.1,HEALTHY,1,25.0
2026-01-29 22:00:00,esp32-field-01,NORMAL_BALANCED,26.56,2388,28.05,71.95,HEALTHY,22.43,70.5,0.0,6.53,3.67,0.6,0,Tomato (Vegetative),0.85,50.0,68.1,HEALTHY,1,40.0
2026-01-29 23:00:00,esp32-field-01,NORMAL_BALANCED,26.55,2381,28.2,71.8,HEALTHY,22.67,73.4,0.0,0.21,4.01,5.0,0,Tomato (Vegetative),0.85,50.0,68.0,HEALTHY,0,0.0
2026-01-30 00:00:00,esp32-field-01,NORMAL_BALANCED,26.55,2403,26.12,73.88,HEALTHY,19.78,79.2,0.0,1.03,2.37,2.2,0,Tomato (Vegetative),0.85,50.0,68.0,HEALTHY,0,0.0
2026-01-30 01:00:00,esp32-field-01,NORMAL_BALANCED,26.54,2394,26.67,73.33,HEALTHY,18.84,77.3,0.0,0.53,2.56,6.0,0,Tomato (Vegetative),0.85,50.0,68.0,HEALTHY,0,0.0
2026-01-30 02:00:00,esp32-field-01,NORMAL_BALANCED,26.54,2377,27.92,72.08,HEALTHY,19.89,76.7,0.0,1.21,3.15,0.5,0,Tomato (Vegetative),0.85,50.0,68.0,HEALTHY,0,0.0
2026-01-30 03:00:00,esp32-field-01,NORMAL_BALANCED,26.53,2419,26.1,73.9,HEALTHY,20.44,81.1,0.0,2.78,3.15,5.1,0,Tomato (Vegetative),0.85,50.0,68.0,HEALTHY,0,0.0
2026-01-30 04:00:00,esp32-field-01,NORMAL_BALANCED,26.53,2400,26.9,73.1,HEALTHY,20.85,77.3,0.0,2.22,3.74,9.3,0,Tomato (Vegetative),0.85,50.0,68.0,HEALTHY,0,0.0
2026-01-30 05:00:00,esp32-field-01,NORMAL_BALANCED,26.52,2385,27.29,72.71,HEALTHY,21.46,76.8,0.0,0.15,3.44,2.1,0,Tomato (Vegetative),0.85,50.0,68.0,HEALTHY,0,0.0
2026-01-30 06:00:00,esp32-field-01,NORMAL_BALANCED,26.51,2399,26.59,73.41,HEALTHY,23.14,73.4,0.0,1.22,4.01,7.0,0,Tomato (Vegetative),0.85,50.0,68.0,HEALTHY,0,0.0
2026-01-30 07:00:00,esp32-field-01,NORMAL_BALANCED,26.94,2395,26.76,73.24,HEALTHY,23.69,71.4,2.1,4.95,3.51,68.8,1,Tomato (Vegetative),0.85,50.0,72.2,HEALTHY,0,0.0
2026-01-30 08:00:00,esp32-field-01,NORMAL_BALANCED,26.88,2388,26.54,73.46,HEALTHY,26.02,64.9,0.0,2.52,4.26,6.3,0,Tomato (Vegetative),0.85,50.0,68.0,HEALTHY,0,0.0
2026-01-30 09:00:00,esp32-field-01,NORMAL_BALANCED,26.81,2361,26.95,73.05,HEALTHY,27.92,62.3,0.0,4.58,4.18,6.1,0,Tomato (Vegetative),0.85,50.0,68.0,HEALTHY,0,0.0
2026-01-30 10:00:00,esp32-field-01,NORMAL_BALANCED,26.7,2404,25.84,74.16,HEALTHY,29.62,55.8,0.0,1.24,4.96,6.5,0,Tomato (Vegetative),0.85,50.0,67.9,HEALTHY,0,0.0
2026-01-30 11:00:00,esp32-field-01,NORMAL_BALANCED,26.59,2370,27.53,72.47,HEALTHY,29.8,49.1,0.0,2.3,4.78,4.1,0,Tomato (Vegetative),0.85,50.0,67.9,HEALTHY,0,0.0
2026-01-30 12:00:00,esp32-field-01,NORMAL_BALANCED,26.45,2403,26.07,73.93,HEALTHY,31.67,54.2,0.0,0.73,5.3,1.0,0,Tomato (Vegetative),0.85,50.0,67.9,HEALTHY,0,0.0
2026-01-30 13:00:00,esp32-field-01,NORMAL_BALANCED,26.38,2399,26.49,73.51,HEALTHY,31.96,49.1,0.0,2.66,5.16,5.3,0,Tomato (Vegetative),0.85,50.0,67.9,HEALTHY,1,25.0
2026-01-30 14:00:00,esp32-field-01,NORMAL_BALANCED,26.36,2410,26.45,73.55,HEALTHY,32.49,48.7,0.0,0.94,5.31,3.3,0,Tomato (Vegetative),0.85,50.0,67.9,HEALTHY,1,40.0
2026-01-30 15:00:00,esp32-field-01,NORMAL_BALANCED,26.37,2423,26.37,73.63,HEALTHY,30.99,51.5,0.0,1.49,4.63,0.1,0,Tomato (Vegetative),0.85,50.0,67.9,HEALTHY,1,40.0
2026-01-30 16:00:00,esp32-field-01,NORMAL_BALANCED,26.39,2398,26.75,73.25,HEALTHY,31.68,46.6,0.4,1.9,5.23,67.6,1,Tomato (Vegetative),0.85,50.0,68.7,HEALTHY,0,0.0
2026-01-30 17:00:00,esp32-field-01,NORMAL_BALANCED,26.41,2403,26.72,73.28,HEALTHY,29.54,58.5,0.0,1.11,5.27,3.9,0,Tomato (Vegetative),0.85,50.0,67.9,HEALTHY,1,25.0
2026-01-30 18:00:00,esp32-field-01,NORMAL_BALANCED,26.5,2419,25.7,74.3,HEALTHY,28.94,57.8,0.0,1.99,4.71,0.8,0,Tomato (Vegetative),0.85,50.0,67.9,HEALTHY,1,40.0
2026-01-30 19:00:00,esp32-field-01,NORMAL_BALANCED,26.58,2398,27.03,72.97,HEALTHY,27.35,62.7,0.0,0.36,4.16,1.2,0,Tomato (Vegetative),0.85,50.0,67.8,HEALTHY,1,40.0
2026-01-30 20:00:00,esp32-field-01,NORMAL_BALANCED,26.57,2410,26.07,73.93,HEALTHY,25.76,63.6,0.0,3.91,4.15,0.2,0,Tomato (Vegetative),0.85,50.0,67.8,HEALTHY,0,0.0
2026-01-30 21:00:00,esp32-field-01,NORMAL_BALANCED,26.57,2403,26.28,73.72,HEALTHY,25.37,66.1,0.0,1.29,3.85,0.4,0,Tomato (Vegetative),0.85,50.0,67.8,HEALTHY,0,0.0
2026-01-30 22:00:00,esp32-field-01,NORMAL_BALANCED,26.56,2407,25.61,74.39,HEALTHY,22.6,72.9,0.0,0.07,3.39,11.0,0,Tomato (Vegetative),0.85,50.0,67.8,HEALTHY,0,0.0
2026-01-30 23:00:00,esp32-field-01,NORMAL_BALANCED,26.55,2416,26.41,73.59,HEALTHY,21.15,76.4,0.0,3.32,3.91,0.1,0,Tomato (Vegetative),0.85,50.0,67.8,HEALTHY,0,0.0
2026-01-31 00:00:00,esp32-field-01,NORMAL_BALANCED,26.55,2394,27.14,72.86,HEALTHY,21.01,77.8,0.0,2.85,3.37,0.5,0,Tomato (Vegetative),0.85,50.0,67.8,HEALTHY,0,0.0
2026-01-31 01:00:00,esp32-field-01,NORMAL_BALANCED,26.54,2391,27.48,72.52,HEALTHY,21.0,76.5,0.0,0.58,3.32,0.6,0,Tomato (Vegetative),0.85,50.0,67.8,HEALTHY,0,0.0
2026-01-31 02:00:00,esp32-field-01,NORMAL_BALANCED,26.54,2381,27.85,72.15,HEALTHY,20.02,77.4,0.0,1.3,3.0,0.6,0,Tomato (Vegetative),0.85,50.0,67.8,HEALTHY,0,0.0
2026-01-31 03:00:00,esp32-field-01,NORMAL_BALANCED,26.53,2390,27.17,72.83,HEALTHY,19.66,78.2,0.0,0.23,3.54,4.0,0,Tomato (Vegetative),0.85,50.0,67.8,HEALTHY,0,0.0
2026-01-31 04:00:00,esp32-field-01,NORMAL_BALANCED,26.53,2381,27.97,72.03,HEALTHY,21.48,81.0,0.0,1.86,3.44,0.9,0,Tomato (Vegetative),0.85,50.0,67.8,HEALTHY,0,0.0
2026-01-31 05:00:00,esp32-field-01,NORMAL_BALANCED,26.52,2398,26.01,73.99,HEALTHY,21.51,75.6,0.0,1.31,3.41,1.0,0,Tomato (Vegetative),0.85,50.0,67.8,HEALTHY,0,0.0
2026-01-31 06:00:00,esp32-field-01,NORMAL_BALANCED,26.51,2368,27.86,72.14,HEALTHY,23.3,72.2,0.0,1.26,3.61,0.3,0,Tomato (Vegetative),0.85,50.0,67.7,HEALTHY,0,0.0
2026-01-31 07:00:00,esp32-field-01,NORMAL_BALANCED,26.49,2414,26.85,73.15,HEALTHY,24.1,70.1,0.0,1.24,3.86,6.2,0,Tomato (Vegetative),0.85,50.0,67.7,HEALTHY,0,0.0
2026-01-31 08:00:00,esp32-field-01,NORMAL_BALANCED,26.51,2419,25.57,74.43,HEALTHY,26.09,66.2,0.0,6.87,3.98,4.9,0,Tomato (Vegetative),0.85,50.0,67.7,HEALTHY,1,30.0
2026-01-31 09:00:00,esp32-field-01,NORMAL_BALANCED,26.42,2402,25.72,74.28,HEALTHY,28.28,58.0,0.0,0.43,4.69,1.7,0,Tomato (Vegetative),0.85,50.0,67.7,HEALTHY,0,0.0
2026-01-31 10:00:00,esp32-field-01,NORMAL_BALANCED,26.37,2403,27.31,72.69,HEALTHY,29.62,57.2,0.0,0.75,4.82,0.3,0,Tomato (Vegetative),0.85,50.0,67.7,HEALTHY,1,25.0
2026-01-31 11:00:00,esp32-field-01,NORMAL_BALANCED,26.33,2386,27.78,72.22,HEALTHY,29.67,53.8,0.0,0.59,4.8,0.9,0,Tomato (Vegetative),0.85,50.0,67.7,HEALTHY,1,30.0
2026-01-31 12:00:00,esp32-field-01,NORMAL_BALANCED,26.28,2411,26.27,73.73,HEALTHY,30.63,51.0,0.0,0.51,5.34,3.0,0,Tomato (Vegetative),0.85,50.0,67.7,HEALTHY,1,40.0
2026-01-31 13:00:00,esp32-field-01,NORMAL_BALANCED,26.22,2428,25.08,74.92,HEALTHY,32.72,56.0,0.0,0.0,5.2,3.9,0,Tomato (Vegetative),0.85,50.0,67.7,HEALTHY,1,30.0
2026-01-31 14:00:00,esp32-field-01,NORMAL_BALANCED,26.17,2394,26.42,73.58,HEALTHY,32.59,52.1,0.0,0.57,5.1,3.3,0,Tomato (Vegetative),0.85,50.0,67.7,HEALTHY,1,25.0
2026-01-31 15:00:00,esp32-field-01,NORMAL_BALANCED,26.17,2431,24.92,75.08,HEALTHY,31.68,48.2,0.0,3.55,5.14,8.5,0,Tomato (Vegetative),0.85,50.0,67.7,HEALTHY,1,40.0
2026-01-31 16:00:00,esp32-field-01,NORMAL_BALANCED,26.16,2405,24.97,75.03,HEALTHY,31.29,53.2,0.0,0.31,5.49,8.0,0,Tomato (Vegetative),0.85,50.0,67.6,HEALTHY,1,25.0
2026-01-31 17:00:00,esp32-field-01,NORMAL_BALANCED,26.21,2403,27.2,72.8,HEALTHY,31.7,55.3,0.0,1.96,5.09,0.8,0,Tomato (Vegetative),0.85,50.0,67.6,HEALTHY,1,40.0
2026-01-31 18:00:00,esp32-field-01,NORMAL_BALANCED,26.27,2388,26.81,73.19,HEALTHY,28.9,57.4,0.0,0.54,4.99,0.0,0,Tomato (Vegetative),0.85,50.0,67.6,HEALTHY,1,25.0
2026-01-31 19:00:00,esp32-field-01,NORMAL_BALANCED,26.33,2409,25.54,74.46,HEALTHY,27.7,58.4,0.0,0.51,4.91,1.6,0,Tomato (Vegetative),0.85,50.0,67.6,HEALTHY,1,30.0
2026-01-31 20:00:00,esp32-field-01,NORMAL_BALANCED,26.38,2349,28.1,71.9,HEALTHY,25.23,65.2,0.0,0.73,4.32,3.2,0,Tomato (Vegetative),0.85,50.0,67.6,HEALTHY,1,25.0
2026-01-31 21:00:00,esp32-field-01,NORMAL_BALANCED,26.43,2437,25.11,74.89,HEALTHY,24.11,65.6,0.0,2.43,3.67,2.1,0,Tomato (Vegetative),0.85,50.0,67.6,HEALTHY,1,25.0
2026-01-31 22:00:00,esp32-field-01,NORMAL_BALANCED,26.51,2420,26.4,73.6,HEALTHY,22.98,68.2,0.0,0.37,3.69,2.6,0,Tomato (Vegetative),0.85,50.0,67.6,HEALTHY,1,40.0
2026-01-31 23:00:00,esp32-field-01,NORMAL_BALANCED,26.5,2401,27.34,72.66,HEALTHY,20.98,73.0,0.0,1.71,3.53,1.7,0,Tomato (Vegetative),0.85,50.0,67.6,HEALTHY,0,0.0
2026-02-01 00:00:00,esp32-field-01,NORMAL_BALANCED,26.5,2398,26.46,73.54,HEALTHY,21.19,83.4,0.0,5.36,3.32,1.7,0,Tomato (Vegetative),0.85,50.0,67.6,HEALTHY,0,0.0
2026-02-01 01:00:00,esp32-field-01,NORMAL_BALANCED,26.58,2387,26.78,73.22,HEALTHY,19.64,80.2,0.0,0.59,2.98,3.9,0,Tomato (Vegetative),0.85,50.0,67.5,HEALTHY,1,40.0
2026-02-01 02:00:00,esp32-field-01,NORMAL_BALANCED,26.58,2407,25.77,74.23,HEALTHY,19.75,75.5,0.0,1.54,3.46,1.4,0,Tomato (Vegetative),0.85,50.0,67.5,HEALTHY,0,0.0
2026-02-01 03:00:00,esp32-field-01,NORMAL_BALANCED,26.57,2418,26.06,73.94,HEALTHY,20.39,79.8,0.0,1.13,3.33,6.7,0,Tomato (Vegetative),0.85,50.0,67.5,HEALTHY,0,0.0
2026-02-01 04:00:00,esp32-field-01,NORMAL_BALANCED,26.56,2383,27.29,72.71,HEALTHY,21.15,76.1,0.0,0.05,3.32,2.7,0,Tomato (Vegetative),0.85,50.0,67.5,HEALTHY,0,0.0
2026-02-01 05:00:00,esp32-field-01,NORMAL_BALANCED,26.56,2397,27.29,72.71,HEALTHY,21.03,76.7,0.0,2.12,3.41,7.6,0,Tomato (Vegetative),0.85,50.0,67.5,HEALTHY,0,0.0
2026-02-01 06:00:00,esp32-field-01,NORMAL_BALANCED,26.55,2419,26.36,73.64,HEALTHY,23.71,74.2,0.0,2.28,3.58,1.7,0,Tomato (Vegetative),0.85,50.0,67.5,HEALTHY,0,0.0
2026-02-01 07:00:00,esp32-field-01,NORMAL_BALANCED,26.53,2408,25.8,74.2,HEALTHY,24.76,71.4,0.0,0.48,3.81,0.4,0,Tomato (Vegetative),0.85,50.0,67.5,HEALTHY,0,0.0
2026-02-01 08:00:00,esp32-field-01,NORMAL_BALANCED,26.48,2438,24.92,75.08,HEALTHY,24.99,65.8,0.0,3.84,3.9,0.3,0,Tomato (Vegetative),0.85,50.0,67.5,HEALTHY,0,0.0
2026-02-01 09:00:00,esp32-field-01,NORMAL_BALANCED,26.46,2403,25.83,74.17,HEALTHY,28.16,58.4,0.0,2.22,5.07,3.4,0,Tomato (Vegetative),0.85,50.0,67.5,HEALTHY,1,30.0
2026-02-01 10:00:00,esp32-field-01,NORMAL_BALANCED,26.45,2380,27.4,72.6,HEALTHY,29.59,55.9,0.0,0.91,4.59,2.7,0,Tomato (Vegetative),0.85,50.0,67.5,HEALTHY,1,40.0
2026-02-01 11:00:00,esp32-field-01,NORMAL_BALANCED,26.38,2411,25.3,74.7,HEALTHY,31.22,54.7,0.0,2.37,5.37,0.3,0,Tomato (Vegetative),0.85,50.0,67.5,HEALTHY,1,30.0
2026-02-01 12:00:00,esp32-field-01,NORMAL_BALANCED,26.35,2413,25.6,74.4,HEALTHY,31.81,50.4,0.0,3.28,5.15,8.6,0,Tomato (Vegetative),0.85,50.0,67.4,HEALTHY,1,40.0
2026-02-01 13:00:00,esp32-field-01,NORMAL_BALANCED,26.32,2414,25.49,74.51,HEALTHY,32.48,52.1,0.0,1.2,4.83,2.0,0,Tomato (Vegetative),0.85,50.0,67.4,HEALTHY,1,40.0
2026-02-01 14:00:00,esp32-field-01,NORMAL_BALANCED,26.27,2397,27.0,73.0,HEALTHY,31.29,48.7,0.0,1.89,5.2,0.4,0,Tomato (Vegetative),0.85,50.0,67.4,HEALTHY,1,30.0
2026-02-01 15:00:00,esp32-field-01,NORMAL_BALANCED,26.24,2448,24.4,75.6,HEALTHY,32.77,55.0,0.0,0.36,5.23,0.5,0,Tomato (Vegetative),0.85,50.0,67.4,HEALTHY,1,25.0
2026-02-01 16:00:00,esp32-field-01,NORMAL_BALANCED,26.24,2391,26.04,73.96,HEALTHY,32.09,57.3,0.0,3.54,4.84,2.3,0,Tomato (Vegetative),0.85,50.0,67.4,HEALTHY,1,30.0
2026-02-01 17:00:00,esp32-field-01,NORMAL_BALANCED,26.27,2377,27.28,72.72,HEALTHY,29.88,54.1,0.0,2.03,4.94,2.0,0,Tomato (Vegetative),0.85,50.0,67.4,HEALTHY,1,25.0
2026-02-01 18:00:00,esp32-field-01,NORMAL_BALANCED,26.36,2384,26.45,73.55,HEALTHY,29.26,57.5,0.0,0.56,4.63,4.0,0,Tomato (Vegetative),0.85,50.0,67.4,HEALTHY,1,40.0
2026-02-01 19:00:00,esp32-field-01,NORMAL_BALANCED,26.41,2411,26.12,73.88,HEALTHY,26.94,61.9,0.3,4.52,4.03,75.2,1,Tomato (Vegetative),0.85,50.0,68.0,HEALTHY,0,0.0
2026-02-01 20:00:00,esp32-field-01,NORMAL_BALANCED,26.47,2425,25.65,74.35,HEALTHY,26.25,65.2,0.0,4.98,4.61,1.5,0,Tomato (Vegetative),0.85,50.0,67.4,HEALTHY,1,30.0
2026-02-01 21:00:00,esp32-field-01,NORMAL_BALANCED,26.56,2408,26.37,73.63,HEALTHY,24.27,67.7,0.0,0.18,3.9,3.7,0,Tomato (Vegetative),0.85,50.0,67.3,HEALTHY,1,40.0
2026-02-01 22:00:00,esp32-field-01,NORMAL_BALANCED,26.55,2389,26.96,73.04,HEALTHY,23.91,72.8,0.0,0.77,3.73,1.5,0,Tomato (Vegetative),0.85,50.0,67.3,HEALTHY,0,0.0
2026-02-01 23:00:00,esp32-field-01,NORMAL_BALANCED,26.55,2385,26.96,73.04,HEALTHY,21.05,71.9,0.0,0.86,3.06,3.5,0,Tomato (Vegetative),0.85,50.0,67.3,HEALTHY,0,0.0
2026-02-02 00:00:00,esp32-field-01,NORMAL_BALANCED,26.54,2381,27.26,72.74,HEALTHY,19.47,77.7,0.0,0.06,2.8,3.9,0,Tomato (Vegetative),0.85,50.0,67.3,HEALTHY,0,0.0
2026-02-02 01:00:00,esp32-field-01,NORMAL_BALANCED,26.53,2391,26.12,73.88,HEALTHY,19.79,73.9,0.0,0.61,3.28,1.5,0,Tomato (Vegetative),0.85,50.0,67.3,HEALTHY,0,0.0
2026-02-02 02:00:00,esp32-field-01,NORMAL_BALANCED,26.53,2415,26.63,73.37,HEALTHY,19.17,82.5,0.0,4.15,2.92,1.6,0,Tomato (Vegetative),0.85,50.0,67.3,HEALTHY,0,0.0
2026-02-02 03:00:00,esp32-field-01,NORMAL_BALANCED,26.52,2439,24.87,75.13,HEALTHY,19.41,77.4,0.0,0.02,3.02,4.3,0,Tomato (Vegetative),0.85,50.0,67.3,HEALTHY,0,0.0
2026-02-02 04:00:00,esp32-field-01,NORMAL_BALANCED,26.52,2408,25.79,74.21,HEALTHY,19.52,79.5,0.0,0.15,3.41,0.6,0,Tomato (Vegetative),0.85,50.0,67.3,HEALTHY,0,0.0
2026-02-02 05:00:00,esp32-field-01,NORMAL_BALANCED,26.51,2377,27.64,72.36,HEALTHY,22.28,73.4,0.0,0.34,3.52,2.2,0,Tomato (Vegetative),0.85,50.0,67.3,HEALTHY,0,0.0
2026-02-02 06:00:00,esp32-field-01,NORMAL_BALANCED,26.5,2369,27.04,72.96,HEALTHY,23.08,70.2,0.0,1.86,3.97,0.5,0,Tomato (Vegetative),0.85,50.0,67.3,HEALTHY,0,0.0
2026-02-02 07:00:00,esp32-field-01,NORMAL_BALANCED,26.48,2438,25.47,74.53,HEALTHY,23.8,70.0,0.0,3.82,3.5,4.8,0,Tomato (Vegetative),0.85,50.0,67.2,HEALTHY,0,0.0
2026-02-02 08:00:00,esp32-field-01,NORMAL_BALANCED,26.5,2366,27.64,72.36,HEALTHY,26.89,66.2,0.0,0.63,4.04,3.6,0,Tomato (Vegetative),0.85,50.0,67.2,HEALTHY,1,30.0
2026-02-02 09:00:00,esp32-field-01,NORMAL_BALANCED,26.49,2414,26.19,73.81,HEALTHY,27.54,58.6,0.0,1.41,4.56,0.5,0,Tomato (Vegetative),0.85,50.0,67.2,HEALTHY,1,30.0
2026-02-02 10:00:00,esp32-field-01,NORMAL_BALANCED,26.44,2404,26.45,73.55,HEALTHY,28.86,60.4,0.0,0.31,4.79,0.2,0,Tomato (Vegetative),0.85,50.0,67.2,HEALTHY,1,25.0
2026-02-02 11:00:00,esp32-field-01,NORMAL_BALANCED,26.65,2413,26.72,73.28,HEALTHY,30.49,52.0,1.6,2.6,5.09,65.1,1,Tomato (Vegetative),0.85,50.0,70.4,HEALTHY,0,0.0
2026-02-02 12:00:00,esp32-field-01,NORMAL_BALANCED,26.52,2409,26.38,73.62,HEALTHY,31.53,53.9,0.0,1.53,5.26,12.8,0,Tomato (Vegetative),0.85,50.0,67.2,HEALTHY,0,0.0
2026-02-02 13:00:00,esp32-field-01,NORMAL_BALANCED,26.4,2388,26.95,73.05,HEALTHY,32.19,45.4,0.0,1.23,4.97,3.7,0,Tomato (Vegetative),0.85,50.0,67.2,HEALTHY,0,0.0
2026-02-02 14:00:00,esp32-field-01,NORMAL_BALANCED,26.34,2400,26.81,73.19,HEALTHY,31.12,45.0,0.0,0.61,5.35,0.6,0,Tomato (Vegetative),0.85,50.0,67.2,HEALTHY,1,25.0
2026-02-02 15:00:00,esp32-field-01,NORMAL_BALANCED,26.3,2401,25.92,74.08,HEALTHY,31.7,47.2,0.0,2.87,5.66,0.2,0,Tomato (Vegetative),0.85,50.0,67.2,HEALTHY,1,25.0
2026-02-02 16:00:00,esp32-field-01,NORMAL_BALANCED,26.31,2393,27.47,72.53,HEALTHY,30.49,50.4,0.0,0.21,4.94,5.0,0,Tomato (Vegetative),0.85,50.0,67.2,HEALTHY,1,30.0
2026-02-02 17:00:00,esp32-field-01,NORMAL_BALANCED,26.34,2399,26.14,73.86,HEALTHY,29.75,54.2,0.0,0.95,5.29,2.3,0,Tomato (Vegetative),0.85,50.0,67.2,HEALTHY,1,30.0
2026-02-02 18:00:00,esp32-field-01,NORMAL_BALANCED,26.41,2383,27.92,72.08,HEALTHY,28.57,58.8,0.0,2.87,3.95,3.3,0,Tomato (Vegetative),0.85,50.0,67.1,HEALTHY,1,30.0
2026-02-02 19:00:00,esp32-field-01,NORMAL_BALANCED,26.47,2387,27.28,72.72,HEALTHY,27.37,56.5,0.0,0.69,3.96,4.9,0,Tomato (Vegetative),0.85,50.0,67.1,HEALTHY,1,30.0
2026-02-02 20:00:00,esp32-field-01,NORMAL_BALANCED,26.61,2381,26.76,73.24,HEALTHY,26.49,61.4,0.7,1.94,4.22,65.0,1,Tomato (Vegetative),0.85,50.0,68.5,HEALTHY,0,0.0
2026-02-02 21:00:00,esp32-field-01,NORMAL_BALANCED,26.6,2400,25.94,74.06,HEALTHY,24.35,69.8,0.0,1.27,4.3,0.5,0,Tomato (Vegetative),0.85,50.0,67.1,HEALTHY,0,0.0
2026-02-02 22:00:00,esp32-field-01,NORMAL_BALANCED,26.59,2399,26.28,73.72,HEALTHY,22.72,70.6,0.0,0.1,3.48,2.7,0,Tomato (Vegetative),0.85,50.0,67.1,HEALTHY,0,0.0
2026-02-02 23:00:00,esp32-field-01,NORMAL_BALANCED,26.59,2411,25.59,74.41,HEALTHY,20.64,72.9,0.0,1.59,3.78,0.7,0,Tomato (Vegetative),0.85,50.0,67.1,HEALTHY,0,0.0
2026-02-03 00:00:00,esp32-field-01,NORMAL_BALANCED,26.58,2410,26.31,73.69,HEALTHY,21.58,78.5,0.0,1.78,3.55,0.4,0,Tomato (Vegetative),0.85,50.0,67.1,HEALTHY,0,0.0
2026-02-03 01:00:00,esp32-field-01,NORMAL_BALANCED,26.57,2407,26.35,73.65,HEALTHY,20.14,76.3,0.0,4.91,3.64,1.2,0,Tomato (Vegetative),0.85,50.0,67.1,HEALTHY,0,0.0
2026-02-03 02:00:00,esp32-field-01,NORMAL_BALANCED,26.57,2404,25.83,74.17,HEALTHY,20.6,73.2,0.0,3.1,3.15,0.6,0,Tomato (Vegetative),0.85,50.0,67.1,HEALTHY,0,0.0
2026-02-03 03:00:00,esp32-field-01,NORMAL_BALANCED,26.71,2366,27.33,72.67,HEALTHY,20.38,80.4,0.7,1.19,3.32,76.1,1,Tomato (Vegetative),0.85,50.0,68.5,HEALTHY,0,0.0
2026-02-03 04:00:00,esp32-field-01,NORMAL_BALANCED,26.71,2415,25.71,74.29,HEALTHY,20.86,77.2,0.0,0.31,3.44,8.4,0,Tomato (Vegetative),0.85,50.0,67.0,HEALTHY,0,0.0
2026-02-03 05:00:00,esp32-field-01,NORMAL_BALANCED,27.17,2392,26.47,73.53,HEALTHY,20.53,73.9,2.2,7.01,3.43,70.9,1,Tomato (Vegetative),0.85,50.0,71.4,HEALTHY,0,0.0
2026-02-03 06:00:00,esp32-field-01,NORMAL_BALANCED,27.16,2397,26.5,73.5,HEALTHY,23.7,75.3,0.0,0.92,3.55,7.7,0,Tomato (Vegetative),0.85,50.0,67.0,HEALTHY,0,0.0
2026-02-03 07:00:00,esp32-field-01,NORMAL_BALANCED,27.14,2392,27.68,72.32,HEALTHY,25.28,68.3,0.0,0.88,3.79,0.1,0,Tomato (Vegetative),0.85,50.0,67.0,HEALTHY,0,0.0
2026-02-03 08:00:00,esp32-field-01,NORMAL_BALANCED,27.09,2385,27.46,72.54,HEALTHY,27.0,65.7,0.0,0.95,3.87,6.6,0,Tomato (Vegetative),0.85,50.0,67.0,HEALTHY,0,0.0
2026-02-03 09:00:00,esp32-field-01,NORMAL_BALANCED,27.0,2391,25.9,74.1,HEALTHY,28.24,62.5,0.0,2.44,4.83,2.2,0,Tomato (Vegetative),0.85,50.0,67.0,HEALTHY,0,0.0
2026-02-03 10:00:00,esp32-field-01,NORMAL_BALANCED,26.89,2400,26.19,73.81,HEALTHY,28.27,62.0,0.0,2.22,4.99,2.7,0,Tomato (Vegetative),0.85,50.0,67.0,HEALTHY,0,0.0
2026-02-03 11:00:00,esp32-field-01,NORMAL_BALANCED,26.77,2407,26.68,73.32,HEALTHY,30.51,56.4,0.0,3.77,5.01,2.3,0,Tomato (Vegetative),0.85,50.0,67.0,HEALTHY,0,0.0
2026-02-03 12:00:00,esp32-field-01,NORMAL_BALANCED,26.66,2403,25.92,74.08,HEALTHY,30.1,48.3,0.0,1.7,4.61,0.2,0,Tomato (Vegetative),0.85,50.0,67.0,HEALTHY,0,0.0
2026-02-03 13:00:00,esp32-field-01,NORMAL_BALANCED,26.54,2383,27.4,72.6,HEALTHY,31.08,52.7,0.0,0.93,4.83,0.8,0,Tomato (Vegetative),0.85,50.0,67.0,HEALTHY,0,0.0
2026-02-03 14:00:00,esp32-field-01,NORMAL_BALANCED,26.42,2407,26.26,73.74,HEALTHY,33.44,50.4,0.0,1.13,5.61,2.3,0,Tomato (Vegetative),0.85,50.0,66.9,HEALTHY,0,0.0
2026-02-03 15:00:00,esp32-field-01,NORMAL_BALANCED,26.4,2425,25.53,74.47,HEALTHY,30.29,54.6,0.0,0.9,4.74,0.5,0,Tomato (Vegetative),0.85,50.0,66.9,HEALTHY,1,30.0
2026-02-03 16:00:00,esp32-field-01,NORMAL_BALANCED,26.43,2396,26.14,73.86,HEALTHY,31.05,54.5,0.0,0.15,4.95,9.5,0,Tomato (Vegetative),0.85,50.0,66.9,HEALTHY,1,40.0
2026-02-03 17:00:00,esp32-field-01,NORMAL_BALANCED,26.46,2414,26.12,73.88,HEALTHY,30.44,55.0,0.0,2.41,4.93,5.4,0,Tomato (Vegetative),0.85,50.0,66.9,HEALTHY,1,25.0
2026-02-03 18:00:00,esp32-field-01,NORMAL_BALANCED,26.52,2417,26.16,73.84,HEALTHY,28.23,59.2,0.0,2.42,4.54,5.0,0,Tomato (Vegetative),0.85,50.0,66.9,HEALTHY,1,30.0
2026-02-03 19:00:00,esp32-field-01,NORMAL_BALANCED,26.52,2390,26.88,73.12,HEALTHY,27.56,58.0,0.0,1.03,3.99,2.4,0,Tomato (Vegetative),0.85,50.0,66.9,HEALTHY,0,0.0
2026-02-03 20:00:00,esp32-field-01,NORMAL_BALANCED,26.51,2405,26.51,73.49,HEALTHY,27.22,62.3,0.0,3.41,4.14,2.0,0,Tomato (Vegetative),0.85,50.0,66.9,HEALTHY,0,0.0
2026-02-03 21:00:00,esp32-field-01,NORMAL_BALANCED,26.54,2450,25.32,74.68,HEALTHY,24.36,70.1,0.2,1.48,3.68,70.7,1,Tomato (Vegetative),0.85,50.0,67.3,HEALTHY,0,0.0
2026-02-03 22:00:00,esp32-field-01,NORMAL_BALANCED,26.54,2366,27.82,72.18,HEALTHY,22.99,74.6,0.0,3.2,3.66,13.1,0,Tomato (Vegetative),0.85,50.0,66.9,HEALTHY,0,0.0
2026-02-03 23:00:00,esp32-field-01,NORMAL_BALANCED,27.34,2391,26.86,73.14,HEALTHY,20.82,78.2,3.8,5.72,3.5,89.7,1,Tomato (Vegetative),0.85,50.0,74.4,HEALTHY,0,0.0
2026-02-04 00:00:00,esp32-field-01,NORMAL_BALANCED,27.33,2392,26.16,73.84,HEALTHY,20.02,72.2,0.0,2.07,3.55,3.1,0,Tomato (Vegetative),0.85,50.0,66.8,HEALTHY,0,0.0
2026-02-04 01:00:00,esp32-field-01,NORMAL_BALANCED,27.33,2376,27.68,72.32,HEALTHY,20.67,84.1,0.0,2.81,3.35,4.1,0,Tomato (Vegetative),0.85,50.0,66.8,HEALTHY,0,0.0
2026-02-04 02:00:00,esp32-field-01,NORMAL_BALANCED,27.32,2392,27.37,72.63,HEALTHY,20.81,82.6,0.0,1.64,3.39,2.9,0,Tomato (Vegetative),0.85,50.0,66.8,HEALTHY,0,0.0
2026-02-04 03:00:00,esp32-field-01,NORMAL_BALANCED,27.32,2411,25.09,74.91,HEALTHY,19.4,80.4,0.0,0.5,3.03,11.4,0,Tomato (Vegetative),0.85,50.0,66.8,HEALTHY,0,0.0
2026-02-04 04:00:00,esp32-field-01,NORMAL_BALANCED,27.31,2412,26.69,73.31,HEALTHY,19.62,76.5,0.0,0.05,3.04,4.0,0,Tomato (Vegetative),0.85,50.0,66.8,HEALTHY,0,0.0
2026-02-04 05:00:00,esp32-field-01,NORMAL_BALANCED,27.3,2404,26.95,73.05,HEALTHY,22.19,76.1,0.0,2.25,3.68,0.7,0,Tomato (Vegetative),0.85,50.0,66.8,HEALTHY,0,0.0
2026-02-04 06:00:00,esp32-field-01,NORMAL_BALANCED,27.3,2399,26.86,73.14,HEALTHY,24.0,70.8,0.0,0.44,4.27,4.9,0,Tomato (Vegetative),0.85,50.0,66.8,HEALTHY,0,0.0
2026-02-04 07:00:00,esp32-field-01,NORMAL_BALANCED,27.27,2365,28.75,71.25,HEALTHY,23.4,71.1,0.0,0.06,3.8,2.0,0,Tomato (Vegetative),0.85,50.0,66.8,HEALTHY,0,0.0
2026-02-04 08:00:00,esp32-field-01,NORMAL_BALANCED,27.22,2351,28.19,71.81,HEALTHY,25.77,63.6,0.0,0.27,4.0,1.2,0,Tomato (Vegetative),0.85,50.0,66.8,HEALTHY,0,0.0
2026-02-04 09:00:00,esp32-field-01,NORMAL_BALANCED,27.15,2358,29.01,70.99,HEALTHY,26.03,60.8,0.0,5.01,4.17,1.3,0,Tomato (Vegetative),0.85,50.0,66.8,HEALTHY,0,0.0
2026-02-04 10:00:00,esp32-field-01,NORMAL_BALANCED,27.05,2417,26.57,73.43,HEALTHY,26.41,57.7,0.0,0.24,4.38,1.2,0,Tomato (Vegetative),0.85,50.0,66.7,HEALTHY,0,0.0
2026-02-04 11:00:00,esp32-field-01,NORMAL_BALANCED,26.94,2422,25.75,74.25,HEALTHY,30.47,54.7,0.0,1.39,4.55,3.3,0,Tomato (Vegetative),0.85,50.0,66.7,HEALTHY,0,0.0
2026-02-04 12:00:00,esp32-field-01,NORMAL_BALANCED,26.83,2388,26.64,73.36,HEALTHY,30.65,54.7,0.0,5.16,4.56,1.1,0,Tomato (Vegetative),0.85,50.0,66.7,HEALTHY,0,0.0
2026-02-04 13:00:00,esp32-field-01,NORMAL_BALANCED,26.72,2400,27.25,72.75,HEALTHY,32.09,52.2,0.0,0.1,4.61,2.6,0,Tomato (Vegetative),0.85,50.0,66.7,HEALTHY,0,0.0
2026-02-04 14:00:00,esp32-field-01,NORMAL_BALANCED,26.61,2382,27.56,72.44,HEALTHY,32.65,48.4,0.0,0.01,5.12,2.5,0,Tomato (Vegetative),0.85,50.0,66.7,HEALTHY,0,0.0
2026-02-04 15:00:00,esp32-field-01,NORMAL_BALANCED,26.52,2410,26.43,73.57,HEALTHY,30.84,49.2,0.0,0.23,5.03,2.1,0,Tomato (Vegetative),0.85,50.0,66.7,HEALTHY,0,0.0
2026-02-04 16:00:00,esp32-field-01,NORMAL_BALANCED,26.45,2419,25.69,74.31,HEALTHY,32.49,48.6,0.0,2.3,5.22,5.4,0,Tomato (Vegetative),0.85,50.0,66.7,HEALTHY,0,0.0
2026-02-04 17:00:00,esp32-field-01,NORMAL_BALANCED,26.51,2417,25.58,74.42,HEALTHY,30.81,53.8,0.0,1.89,4.63,3.0,0,Tomato (Vegetative),0.85,50.0,66.7,HEALTHY,1,40.0
2026-02-04 18:00:00,esp32-field-01,NORMAL_BALANCED,26.51,2412,25.42,74.58,HEALTHY,27.54,59.2,0.0,0.29,3.97,1.5,0,Tomato (Vegetative),0.85,50.0,66.7,HEALTHY,0,0.0
2026-02-04 19:00:00,esp32-field-01,NORMAL_BALANCED,26.5,2394,26.14,73.86,HEALTHY,28.12,59.5,0.0,0.59,4.54,2.2,0,Tomato (Vegetative),0.85,50.0,66.7,HEALTHY,0,0.0
2026-02-04 20:00:00,esp32-field-01,NORMAL_BALANCED,26.5,2386,27.11,72.89,HEALTHY,26.36,59.5,0.0,0.84,4.35,0.5,0,Tomato (Vegetative),0.85,50.0,66.6,HEALTHY,0,0.0
2026-02-04 21:00:00,esp32-field-01,NORMAL_BALANCED,26.54,2407,26.28,73.72,HEALTHY,24.61,72.6,0.0,2.74,4.14,5.9,0,Tomato (Vegetative),0.85,50.0,66.6,HEALTHY,1,25.0
2026-02-04 22:00:00,esp32-field-01,NORMAL_BALANCED,26.54,2397,26.11,73.89,HEALTHY,22.19,73.3,0.0,1.41,3.24,3.3,0,Tomato (Vegetative),0.85,50.0,66.6,HEALTHY,0,0.0
2026-02-04 23:00:00,esp32-field-01,NORMAL_BALANCED,26.53,2406,26.37,73.63,HEALTHY,21.93,71.7,0.0,2.99,3.31,1.5,0,Tomato (Vegetative),0.85,50.0,66.6,HEALTHY,0,0.0
2026-02-05 00:00:00,esp32-field-01,NORMAL_BALANCED,26.95,2360,27.85,72.15,HEALTHY,21.13,74.2,2.0,3.62,3.61,71.2,1,Tomato (Vegetative),0.85,50.0,70.6,HEALTHY,0,0.0
2026-02-05 01:00:00,esp32-field-01,NORMAL_BALANCED,26.95,2427,25.56,74.44,HEALTHY,20.94,80.3,0.0,1.22,3.42,0.0,0,Tomato (Vegetative),0.85,50.0,66.6,HEALTHY,0,0.0
2026-02-05 02:00:00,esp32-field-01,NORMAL_BALANCED,26.94,2384,26.83,73.17,HEALTHY,21.21,78.2,0.0,0.48,3.46,2.7,0,Tomato (Vegetative),0.85,50.0,66.6,HEALTHY,0,0.0
2026-02-05 03:00:00,esp32-field-01,NORMAL_BALANCED,26.93,2372,27.88,72.12,HEALTHY,21.05,77.1,0.0,1.52,3.06,3.1,0,Tomato (Vegetative),0.85,50.0,66.6,HEALTHY,0,0.0
2026-02-05 04:00:00,esp32-field-01,NORMAL_BALANCED,26.93,2387,26.45,73.55,HEALTHY,20.82,79.4,0.0,0.44,3.32,2.7,0,Tomato (Vegetative),0.85,50.0,66.6,HEALTHY,0,0.0
2026-02-05 05:00:00,esp32-field-01,NORMAL_BALANCED,26.92,2365,27.61,72.39,HEALTHY,21.85,70.9,0.0,1.49,3.54,1.7,0,Tomato (Vegetative),0.85,50.0,66.5,HEALTHY,0,0.0
2026-02-05 06:00:00,esp32-field-01,NORMAL_BALANCED,26.92,2420,25.91,74.09,HEALTHY,22.28,79.3,0.0,0.13,3.58,1.4,0,Tomato (Vegetative),0.85,50.0,66.5,HEALTHY,0,0.0
2026-02-05 07:00:00,esp32-field-01,NORMAL_BALANCED,26.9,2365,27.18,72.82,HEALTHY,23.09,68.5,0.0,8.71,3.14,0.4,0,Tomato (Vegetative),0.85,50.0,66.5,HEALTHY,0,0.0
2026-02-05 08:00:00,esp32-field-01,NORMAL_BALANCED,26.85,2395,27.22,72.78,HEALTHY,25.36,67.7,0.0,0.17,3.99,3.8,0,Tomato (Vegetative),0.85,50.0,66.5,HEALTHY,0,0.0
2026-02-05 09:00:00,esp32-field-01,NORMAL_BALANCED,26.77,2411,26.73,73.27,HEALTHY,27.25,59.0,0.0,4.59,4.28,2.5,0,Tomato (Vegetative),0.85,50.0,66.5,HEALTHY,0,0.0
2026-02-05 10:00:00,esp32-field-01,NORMAL_BALANCED,26.67,2398,26.1,73.9,HEALTHY,29.05,57.3,0.0,2.94,4.65,9.0,0,Tomato (Vegetative),0.85,50.0,66.5,HEALTHY,0,0.0
2026-02-05 11:00:00,esp32-field-01,NORMAL_BALANCED,26.57,2387,26.89,73.11,HEALTHY,29.87,57.8,0.0,0.05,4.02,2.1,0,Tomato (Vegetative),0.85,50.0,66.5,HEALTHY,0,0.0
2026-02-05 12:00:00,esp32-field-01,NORMAL_BALANCED,26.45,2395,25.96,74.04,HEALTHY,32.27,55.4,0.0,1.92,5.03,4.3,0,Tomato (Vegetative),0.85,50.0,66.5,HEALTHY,0,0.0
2026-02-05 13:00:00,esp32-field-01,NORMAL_BALANCED,26.38,2402,26.06,73.94,HEALTHY,32.61,48.6,0.0,0.38,5.05,11.7,0,Tomato (Vegetative),0.85,50.0,66.5,HEALTHY,1,25.0
2026-02-05 14:00:00,esp32-field-01,NORMAL_BALANCED,26.36,2382,27.6,72.4,HEALTHY,31.93,52.4,0.0,3.63,5.22,1.8,0,Tomato (Vegetative),0.85,50.0,66.5,HEALTHY,1,40.0
2026-02-05 15:00:00,esp32-field-01,NORMAL_BALANCED,26.36,2416,24.11,75.89,HEALTHY,31.43,47.8,0.0,2.44,5.0,3.7,0,Tomato (Vegetative),0.85,50.0,66.5,HEALTHY,1,40.0
2026-02-05 16:00:00,esp32-field-01,NORMAL_BALANCED,26.36,2386,27.16,72.84,HEALTHY,30.89,52.4,0.0,3.3,5.0,5.9,0,Tomato (Vegetative),0.85,50.0,66.4,HEALTHY,1,30.0
2026-02-05 17:00:00,esp32-field-01,NORMAL_BALANCED,26.42,2376,27.03,72.97,HEALTHY,30.46,55.8,0.0,1.15,5.35,0.9,0,Tomato (Vegetative),0.85,50.0,66.4,HEALTHY,1,40.0
2026-02-05 18:00:00,esp32-field-01,NORMAL_BALANCED,26.49,2377,27.88,72.12,HEALTHY,29.58,57.2,0.0,4.19,5.14,1.3,0,Tomato (Vegetative),0.85,50.0,66.4,HEALTHY,1,30.0
2026-02-05 19:00:00,esp32-field-01,NORMAL_BALANCED,26.53,2413,24.71,75.29,HEALTHY,26.77,56.8,0.0,0.22,4.6,2.1,0,Tomato (Vegetative),0.85,50.0,66.4,HEALTHY,1,25.0
2026-02-05 20:00:00,esp32-field-01,NORMAL_BALANCED,26.53,2407,26.37,73.63,HEALTHY,26.72,63.4,0.0,0.17,4.06,2.4,0,Tomato (Vegetative),0.85,50.0,66.4,HEALTHY,0,0.0
2026-02-05 21:00:00,esp32-field-01,NORMAL_BALANCED,26.52,2408,26.91,73.09,HEALTHY,23.19,68.8,0.0,0.87,3.22,0.9,0,Tomato (Vegetative),0.85,50.0,66.4,HEALTHY,0,0.0
2026-02-05 22:00:00,esp32-field-01,NORMAL_BALANCED,26.54,2399,26.2,73.8,HEALTHY,24.15,74.2,0.1,0.45,3.94,67.9,1,Tomato (Vegetative),0.85,50.0,66.6,HEALTHY,0,0.0
2026-02-05 23:00:00,esp32-field-01,NORMAL_BALANCED,26.53,2385,27.48,72.52,HEALTHY,23.15,73.8,0.0,0.95,3.48,5.3,0,Tomato (Vegetative),0.85,50.0,66.4,HEALTHY,0,0.0
2026-02-06 00:00:00,esp32-field-01,NORMAL_BALANCED,26.52,2366,26.63,73.37,HEALTHY,21.17,76.8,0.0,3.14,3.12,1.6,0,Tomato (Vegetative),0.85,50.0,66.4,HEALTHY,0,0.0
2026-02-06 01:00:00,esp32-field-01,NORMAL_BALANCED,26.52,2402,27.52,72.48,HEALTHY,20.43,80.6,0.0,1.21,3.35,0.8,0,Tomato (Vegetative),0.85,50.0,66.3,HEALTHY,0,0.0
2026-02-06 02:00:00,esp32-field-01,NORMAL_BALANCED,26.51,2380,27.48,72.52,HEALTHY,18.88,79.2,0.0,0.52,3.19,1.5,0,Tomato (Vegetative),0.85,50.0,66.3,HEALTHY,0,0.0
2026-02-06 03:00:00,esp32-field-01,NORMAL_BALANCED,26.51,2418,25.89,74.11,HEALTHY,21.11,72.6,0.0,0.16,3.69,0.4,0,Tomato (Vegetative),0.85,50.0,66.3,HEALTHY,0,0.0
2026-02-06 04:00:00,esp32-field-01,NORMAL_BALANCED,26.5,2384,27.43,72.57,HEALTHY,20.48,79.0,0.0,0.02,2.93,1.6,0,Tomato (Vegetative),0.85,50.0,66.3,HEALTHY,0,0.0
2026-02-06 05:00:00,esp32-field-01,NORMAL_BALANCED,26.49,2418,26.22,73.78,HEALTHY,22.62,74.8,0.0,1.15,3.27,0.9,0,Tomato (Vegetative),0.85,50.0,66.3,HEALTHY,0,0.0
2026-02-06 06:00:00,esp32-field-01,NORMAL_BALANCED,26.58,2384,27.15,72.85,HEALTHY,22.8,73.5,0.0,0.46,3.83,13.7,0,Tomato (Vegetative),0.85,50.0,66.3,HEALTHY,1,40.0
2026-02-06 07:00:00,esp32-field-01,NORMAL_BALANCED,26.55,2404,25.7,74.3,HEALTHY,25.48,70.2,0.0,4.73,3.95,2.5,0,Tomato (Vegetative),0.85,50.0,66.3,HEALTHY,0,0.0
2026-02-06 08:00:00,esp32-field-01,NORMAL_BALANCED,26.5,2413,26.6,73.4,HEALTHY,25.46,66.8,0.0,3.36,4.12,17.1,0,Tomato (Vegetative),0.85,50.0,66.3,HEALTHY,0,0.0
2026-02-06 09:00:00,esp32-field-01,NORMAL_BALANCED,26.41,2407,26.39,73.61,HEALTHY,27.59,64.2,0.0,2.38,4.86,3.0,0,Tomato (Vegetative),0.85,50.0,66.3,HEALTHY,0,0.0
2026-02-06 10:00:00,esp32-field-01,NORMAL_BALANCED,26.36,2416,26.38,73.62,HEALTHY,30.35,55.9,0.0,0.04,4.89,0.3,0,Tomato (Vegetative),0.85,50.0,66.3,HEALTHY,1,25.0
2026-02-06 11:00:00,esp32-field-01,NORMAL_BALANCED,26.33,2398,25.66,74.34,HEALTHY,30.23,52.9,0.0,0.27,4.99,3.9,0,Tomato (Vegetative),0.85,50.0,66.2,HEALTHY,1,40.0
2026-02-06 12:00:00,esp32-field-01,NORMAL_BALANCED,26.27,2368,28.28,71.72,HEALTHY,31.82,52.3,0.0,0.66,5.1,8.8,0,Tomato (Vegetative),0.85,50.0,66.2,HEALTHY,1,30.0
2026-02-06 13:00:00,esp32-field-01,NORMAL_BALANCED,26.21,2407,26.69,73.31,HEALTHY,33.49,48.5,0.0,0.29,5.39,5.6,0,Tomato (Vegetative),0.85,50.0,66.2,HEALTHY,1,30.0
2026-02-06 14:00:00,esp32-field-01,NORMAL_BALANCED,26.17,2427,25.76,74.24,HEALTHY,33.21,48.8,0.0,0.56,5.04,11.2,0,Tomato (Vegetative),0.85,50.0,66.2,HEALTHY,1,30.0
2026-02-06 15:00:00,esp32-field-01,NORMAL_BALANCED,26.14,2397,26.88,73.12,HEALTHY,31.06,44.7,0.0,3.18,4.88,2.8,0,Tomato (Vegetative),0.85,50.0,66.2,HEALTHY,1,25.0
2026-02-06 16:00:00,esp32-field-01,NORMAL_BALANCED,26.16,2400,26.53,73.47,HEALTHY,31.79,51.2,0.0,1.74,5.27,5.8,0,Tomato (Vegetative),0.85,50.0,66.2,HEALTHY,1,40.0
2026-02-06 17:00:00,esp32-field-01,NORMAL_BALANCED,26.22,2380,26.87,73.13,HEALTHY,29.55,55.8,0.0,0.88,4.91,2.9,0,Tomato (Vegetative),0.85,50.0,66.2,HEALTHY,1,40.0
2026-02-06 18:00:00,esp32-field-01,NORMAL_BALANCED,26.31,2371,27.26,72.74,HEALTHY,28.74,59.2,0.0,3.65,4.17,6.3,0,Tomato (Vegetative),0.85,50.0,66.2,HEALTHY,1,40.0
2026-02-06 19:00:00,esp32-field-01,NORMAL_BALANCED,26.37,2398,26.35,73.65,HEALTHY,28.43,65.2,0.0,0.51,4.74,3.0,0,Tomato (Vegetative),0.85,50.0,66.2,HEALTHY,1,30.0
2026-02-06 20:00:00,esp32-field-01,NORMAL_BALANCED,26.42,2398,26.01,73.99,HEALTHY,26.36,60.6,0.0,1.15,4.04,0.8,0,Tomato (Vegetative),0.85,50.0,66.2,HEALTHY,1,25.0
2026-02-06 21:00:00,esp32-field-01,NORMAL_BALANCED,26.48,2389,27.13,72.87,HEALTHY,24.58,70.5,0.0,0.23,3.89,4.4,0,Tomato (Vegetative),0.85,50.0,66.2,HEALTHY,1,30.0
2026-02-06 22:00:00,esp32-field-01,NORMAL_BALANCED,26.56,2421,26.18,73.82,HEALTHY,21.75,76.3,0.0,2.6,3.71,5.3,0,Tomato (Vegetative),0.85,50.0,66.1,HEALTHY,1,40.0
2026-02-06 23:00:00,esp32-field-01,NORMAL_BALANCED,26.56,2418,24.78,75.22,HEALTHY,20.9,76.9,0.0,0.24,2.98,0.5,0,Tomato (Vegetative),0.85,50.0,66.1,HEALTHY,0,0.0
2026-02-07 00:00:00,esp32-field-01,NORMAL_BALANCED,26.55,2390,26.7,73.3,HEALTHY,20.83,77.6,0.0,3.28,3.09,4.7,0,Tomato (Vegetative),0.85,50.0,66.1,HEALTHY,0,0.0
2026-02-07 01:00:00,esp32-field-01,NORMAL_BALANCED,26.55,2388,26.72,73.28,HEALTHY,19.0,80.0,0.0,6.93,2.94,1.1,0,Tomato (Vegetative),0.85,50.0,66.1,HEALTHY,0,0.0
2026-02-07 02:00:00,esp32-field-01,NORMAL_BALANCED,26.54,2425,25.75,74.25,HEALTHY,18.77,74.5,0.0,2.71,3.25,1.0,0,Tomato (Vegetative),0.85,50.0,66.1,HEALTHY,0,0.0
2026-02-07 03:00:00,esp32-field-01,NORMAL_BALANCED,26.54,2393,26.37,73.63,HEALTHY,19.55,78.2,0.0,0.76,2.93,3.1,0,Tomato (Vegetative),0.85,50.0,66.1,HEALTHY,0,0.0
2026-02-07 04:00:00,esp32-field-01,NORMAL_BALANCED,26.53,2401,26.57,73.43,HEALTHY,20.15,79.2,0.0,0.28,3.82,3.7,0,Tomato (Vegetative),0.85,50.0,66.1,HEALTHY,0,0.0
2026-02-07 05:00:00,esp32-field-01,NORMAL_BALANCED,26.52,2391,27.03,72.97,HEALTHY,22.61,81.3,0.0,5.9,3.48,9.0,0,Tomato (Vegetative),0.85,50.0,66.1,HEALTHY,0,0.0
2026-02-07 06:00:00,esp32-field-01,NORMAL_BALANCED,26.52,2395,26.08,73.92,HEALTHY,22.54,72.8,0.0,1.54,3.87,0.8,0,Tomato (Vegetative),0.85,50.0,66.1,HEALTHY,0,0.0
2026-02-07 07:00:00,esp32-field-01,NORMAL_BALANCED,26.49,2393,26.81,73.19,HEALTHY,23.95,70.2,0.0,0.68,3.87,1.0,0,Tomato (Vegetative),0.85,50.0,66.0,HEALTHY,0,0.0
2026-02-07 08:00:00,esp32-field-01,NORMAL_BALANCED,26.91,2403,26.35,73.65,HEALTHY,26.93,62.9,2.2,4.97,4.17,70.8,1,Tomato (Vegetative),0.85,50.0,70.4,HEALTHY,0,0.0
2026-02-07 09:00:00,esp32-field-01,NORMAL_BALANCED,26.83,2403,27.18,72.82,HEALTHY,27.08,58.8,0.0,0.81,4.24,1.5,0,Tomato (Vegetative),0.85,50.0,66.0,HEALTHY,0,0.0
2026-02-07 10:00:00,esp32-field-01,NORMAL_BALANCED,26.72,2424,25.65,74.35,HEALTHY,28.87,55.0,0.0,0.43,4.98,8.1,0,Tomato (Vegetative),0.85,50.0,66.0,HEALTHY,0,0.0
2026-02-07 11:00:00,esp32-field-01,NORMAL_BALANCED,26.6,2381,27.54,72.46,HEALTHY,30.48,55.0,0.0,1.86,5.0,3.2,0,Tomato (Vegetative),0.85,50.0,66.0,HEALTHY,0,0.0
2026-02-07 12:00:00,esp32-field-01,NORMAL_BALANCED,26.48,2430,25.63,74.37,HEALTHY,31.03,47.1,0.0,0.35,4.99,0.5,0,Tomato (Vegetative),0.85,50.0,66.0,HEALTHY,0,0.0
2026-02-07 13:00:00,esp32-field-01,NORMAL_BALANCED,26.45,2390,26.47,73.53,HEALTHY,31.46,48.8,0.4,1.42,4.65,65.8,1,Tomato (Vegetative),0.85,50.0,66.8,HEALTHY,0,0.0
2026-02-07 14:00:00,esp32-field-01,NORMAL_BALANCED,26.41,2379,26.18,73.82,HEALTHY,32.49,53.0,0.0,0.25,4.88,3.7,0,Tomato (Vegetative),0.85,50.0,66.0,HEALTHY,1,30.0
2026-02-07 15:00:00,esp32-field-01,NORMAL_BALANCED,26.38,2381,27.23,72.77,HEALTHY,31.77,49.9,0.0,0.07,5.12,0.6,0,Tomato (Vegetative),0.85,50.0,66.0,HEALTHY,1,25.0
2026-02-07 16:00:00,esp32-field-01,NORMAL_BALANCED,26.38,2391,27.29,72.71,HEALTHY,30.76,50.9,0.0,5.36,4.94,1.8,0,Tomato (Vegetative),0.85,50.0,66.0,HEALTHY,1,30.0
2026-02-07 17:00:00,esp32-field-01,NORMAL_BALANCED,26.41,2361,27.31,72.69,HEALTHY,30.81,52.3,0.0,0.74,5.13,0.2,0,Tomato (Vegetative),0.85,50.0,66.0,HEALTHY,1,25.0
2026-02-07 18:00:00,esp32-field-01,NORMAL_BALANCED,26.46,2383,27.16,72.84,HEALTHY,27.96,56.5,0.0,0.48,4.64,7.3,0,Tomato (Vegetative),0.85,50.0,65.9,HEALTHY,1,25.0
2026-02-07 19:00:00,esp32-field-01,NORMAL_BALANCED,26.55,2375,28.5,71.5,HEALTHY,27.52,56.0,0.0,1.67,4.45,1.4,0,Tomato (Vegetative),0.85,50.0,65.9,HEALTHY,1,40.0
2026-02-07 20:00:00,esp32-field-01,NORMAL_BALANCED,26.54,2415,25.95,74.05,HEALTHY,25.44,63.7,0.0,4.35,3.91,2.5,0,Tomato (Vegetative),0.85,50.0,65.9,HEALTHY,0,0.0
2026-02-07 21:00:00,esp32-field-01,NORMAL_BALANCED,26.53,2377,27.1,72.9,HEALTHY,23.65,64.9,0.0,0.55,3.92,0.1,0,Tomato (Vegetative),0.85,50.0,65.9,HEALTHY,0,0.0
2026-02-07 22:00:00,esp32-field-01,NORMAL_BALANCED,26.52,2404,26.24,73.76,HEALTHY,24.3,71.5,0.0,4.44,3.65,2.6,0,Tomato (Vegetative),0.85,50.0,65.9,HEALTHY,0,0.0
2026-02-07 23:00:00,esp32-field-01,NORMAL_BALANCED,26.52,2418,25.11,74.89,HEALTHY,21.22,74.5,0.0,1.21,3.43,5.1,0,Tomato (Vegetative),0.85,50.0,65.9,HEALTHY,0,0.0
2026-02-08 00:00:00,esp32-field-01,NORMAL_BALANCED,26.51,2374,26.9,73.1,HEALTHY,21.58,77.0,0.0,0.84,3.47,5.6,0,Tomato (Vegetative),0.85,50.0,65.9,HEALTHY,0,0.0
2026-02-08 01:00:00,esp32-field-01,NORMAL_BALANCED,26.51,2420,26.05,73.95,HEALTHY,20.41,82.9,0.0,1.89,3.33,0.7,0,Tomato (Vegetative),0.85,50.0,65.9,HEALTHY,0,0.0
2026-02-08 02:00:00,esp32-field-01,NORMAL_BALANCED,26.5,2425,24.89,75.11,HEALTHY,20.0,79.9,0.0,0.45,3.42,5.9,0,Tomato (Vegetative),0.85,50.0,65.9,HEALTHY,0,0.0
2026-02-08 03:00:00,esp32-field-01,NORMAL_BALANCED,26.5,2371,27.93,72.07,HEALTHY,19.12,77.7,0.0,2.21,2.87,3.8,0,Tomato (Vegetative),0.85,50.0,65.8,HEALTHY,0,0.0
2026-02-08 04:00:00,esp32-field-01,NORMAL_BALANCED,26.56,2398,26.4,73.6,HEALTHY,20.45,79.3,0.0,0.95,3.25,4.1,0,Tomato (Vegetative),0.85,50.0,65.8,HEALTHY,1,30.0
2026-02-08 05:00:00,esp32-field-01,NORMAL_BALANCED,26.55,2348,27.5,72.5,HEALTHY,22.59,81.5,0.0,0.83,3.7,4.4,0,Tomato (Vegetative),0.85,50.0,65.8,HEALTHY,0,0.0
2026-02-08 06:00:00,esp32-field-01,NORMAL_BALANCED,26.54,2393,27.65,72.35,HEALTHY,22.13,75.8,0.0,1.56,3.86,5.5,0,Tomato (Vegetative),0.85,50.0,65.8,HEALTHY,0,0.0
2026-02-08 07:00:00,esp32-field-01,NORMAL_BALANCED,27.18,2366,27.86,72.14,HEALTHY,23.99,70.2,3.1,5.31,3.92,82.5,1,Tomato (Vegetative),0.85,50.0,72.0,HEALTHY,0,0.0
2026-02-08 08:00:00,esp32-field-01,NORMAL_BALANCED,27.12,2413,25.77,74.23,HEALTHY,26.63,63.6,0.0,1.14,4.5,3.4,0,Tomato (Vegetative),0.85,50.0,65.8,HEALTHY,0,0.0
2026-02-08 09:00:00,esp32-field-01,NORMAL_BALANCED,27.05,2392,26.97,73.03,HEALTHY,26.92,60.6,0.0,1.56,4.19,3.2,0,Tomato (Vegetative),0.85,50.0,65.8,HEALTHY,0,0.0
2026-02-08 10:00:00,esp32-field-01,NORMAL_BALANCED,26.95,2398,26.28,73.72,HEALTHY,28.9,57.5,0.0,4.08,4.53,6.1,0,Tomato (Vegetative),0.85,50.0,65.8,HEALTHY,0,0.0
2026-02-08 11:00:00,esp32-field-01,NORMAL_BALANCED,26.85,2412,26.33,73.67,HEALTHY,28.91,53.6,0.0,0.02,4.23,2.7,0,Tomato (Vegetative),0.85,50.0,65.8,HEALTHY,0,0.0
2026-02-08 12:00:00,esp32-field-01,NORMAL_BALANCED,26.73,2420,25.3,74.7,HEALTHY,30.34,51.4,0.0,0.03,4.78,4.3,0,Tomato (Vegetative),0.85,50.0,65.8,HEALTHY,0,0.0
2026-02-08 13:00:00,esp32-field-01,NORMAL_BALANCED,26.6,2378,26.59,73.41,HEALTHY,32.28,51.6,0.0,1.28,5.26,6.4,0,Tomato (Vegetative),0.85,50.0,65.8,HEALTHY,0,0.0
2026-02-08 14:00:00,esp32-field-01,NORMAL_BALANCED,26.5,2387,26.83,73.17,HEALTHY,31.13,52.1,0.0,0.08,4.79,7.4,0,Tomato (Vegetative),0.85,50.0,65.7,HEALTHY,0,0.0
2026-02-08 15:00:00,esp32-field-01,NORMAL_BALANCED,26.49,2387,27.26,72.74,HEALTHY,31.49,53.9,0.0,0.13,5.22,5.1,0,Tomato (Vegetative),0.85,50.0,65.7,HEALTHY,1,40.0
2026-02-08 16:00:00,esp32-field-01,NORMAL_BALANCED,26.48,2390,26.23,73.77,HEALTHY,33.02,54.7,0.0,1.23,5.39,0.2,0,Tomato (Vegetative),0.85,50.0,65.7,HEALTHY,1,25.0
2026-02-08 17:00:00,esp32-field-01,NORMAL_BALANCED,26.52,2362,27.47,72.53,HEALTHY,31.59,56.1,0.0,2.19,4.76,1.0,0,Tomato (Vegetative),0.85,50.0,65.7,HEALTHY,1,30.0
2026-02-08 18:00:00,esp32-field-01,NORMAL_BALANCED,26.52,2445,24.84,75.16,HEALTHY,29.09,55.5,0.0,1.91,4.75,1.4,0,Tomato (Vegetative),0.85,50.0,65.7,HEALTHY,0,0.0
2026-02-08 19:00:00,esp32-field-01,NORMAL_BALANCED,26.51,2417,26.19,73.81,HEALTHY,27.96,60.7,0.0,0.31,4.55,4.9,0,Tomato (Vegetative),0.85,50.0,65.7,HEALTHY,0,0.0
2026-02-08 20:00:00,esp32-field-01,NORMAL_BALANCED,26.5,2392,27.25,72.75,HEALTHY,25.31,66.5,0.0,1.9,4.3,0.3,0,Tomato (Vegetative),0.85,50.0,65.7,HEALTHY,0,0.0
2026-02-08 21:00:00,esp32-field-01,NORMAL_BALANCED,26.5,2403,25.58,74.42,HEALTHY,24.41,68.3,0.0,2.8,3.99,1.5,0,Tomato (Vegetative),0.85,50.0,65.7,HEALTHY,0,0.0
2026-02-08 22:00:00,esp32-field-01,NORMAL_BALANCED,26.79,2407,26.47,73.53,HEALTHY,24.54,71.8,1.4,3.49,3.87,76.1,1,Tomato (Vegetative),0.85,50.0,68.5,HEALTHY,0,0.0
2026-02-08 23:00:00,esp32-field-01,NORMAL_BALANCED,26.78,2423,25.77,74.23,HEALTHY,23.38,74.0,0.0,3.11,3.69,3.4,0,Tomato (Vegetative),0.85,50.0,65.7,HEALTHY,0,0.0
2026-02-09 00:00:00,esp32-field-01,NORMAL_BALANCED,26.78,2379,27.21,72.79,HEALTHY,19.96,75.8,0.0,0.73,2.51,3.4,0,Tomato (Vegetative),0.85,50.0,65.6,HEALTHY,0,0.0
2026-02-09 01:00:00,esp32-field-01,NORMAL_BALANCED,26.77,2435,26.29,73.71,HEALTHY,19.85,81.6,0.0,1.33,3.41,0.8,0,Tomato (Vegetative),0.85,50.0,65.6,HEALTHY,0,0.0
2026-02-09 02:00:00,esp32-field-01,NORMAL_BALANCED,26.76,2389,27.03,72.97,HEALTHY,21.98,79.1,0.0,0.1,3.4,0.4,0,Tomato (Vegetative),0.85,50.0,65.6,HEALTHY,0,0.0
2026-02-09 03:00:00,esp32-field-01,NORMAL_BALANCED,26.76,2427,25.47,74.53,HEALTHY,19.72,82.7,0.0,0.66,3.17,3.0,0,Tomato (Vegetative),0.85,50.0,65.6,HEALTHY,0,0.0
2026-02-09 04:00:00,esp32-field-01,NORMAL_BALANCED,26.75,2404,25.94,74.06,HEALTHY,20.92,80.6,0.0,0.9,3.08,5.1,0,Tomato (Vegetative),0.85,50.0,65.6,HEALTHY,0,0.0
2026-02-09 05:00:00,esp32-field-01,NORMAL_BALANCED,26.75,2431,26.33,73.67,HEALTHY,20.35,72.3,0.0,0.29,3.17,1.2,0,Tomato (Vegetative),0.85,50.0,65.6,HEALTHY,0,0.0
2026-02-09 06:00:00,esp32-field-01,NORMAL_BALANCED,26.74,2385,27.37,72.63,HEALTHY,23.06,71.8,0.0,3.94,3.92,3.9,0,Tomato (Vegetative),0.85,50.0,65.6,HEALTHY,0,0.0
2026-02-09 07:00:00,esp32-field-01,NORMAL_BALANCED,26.72,2400,26.96,73.04,HEALTHY,22.98,68.2,0.0,3.6,3.6,0.1,0,Tomato (Vegetative),0.85,50.0,65.6,HEALTHY,0,0.0
2026-02-09 08:00:00,esp32-field-01,NORMAL_BALANCED,26.67,2383,27.15,72.85,HEALTHY,25.12,68.2,0.0,3.83,3.98,0.3,0,Tomato (Vegetative),0.85,50.0,65.6,HEALTHY,0,0.0
2026-02-09 09:00:00,esp32-field-01,NORMAL_BALANCED,26.58,2384,27.31,72.69,HEALTHY,27.2,62.6,0.0,2.12,4.73,0.0,0,Tomato (Vegetative),0.85,50.0,65.5,HEALTHY,0,0.0
2026-02-09 10:00:00,esp32-field-01,NORMAL_BALANCED,26.48,2404,26.25,73.75,HEALTHY,27.45,63.5,0.0,0.45,4.81,1.1,0,Tomato (Vegetative),0.85,50.0,65.5,HEALTHY,0,0.0
2026-02-09 11:00:00,esp32-field-01,NORMAL_BALANCED,26.46,2407,25.79,74.21,HEALTHY,29.9,55.4,0.0,1.05,4.59,4.2,0,Tomato (Vegetative),0.85,50.0,65.5,HEALTHY,1,40.0
2026-02-09 12:00:00,esp32-field-01,NORMAL_BALANCED,26.54,2422,26.17,73.83,HEALTHY,31.97,56.7,1.0,3.4,5.26,70.8,1,Tomato (Vegetative),0.85,50.0,67.5,HEALTHY,0,0.0
2026-02-09 13:00:00,esp32-field-01,NORMAL_BALANCED,26.41,2392,25.79,74.21,HEALTHY,31.37,50.9,0.0,1.0,5.14,1.3,0,Tomato (Vegetative),0.85,50.0,65.5,HEALTHY,0,0.0
2026-02-09 14:00:00,esp32-field-01,NORMAL_BALANCED,26.38,2423,25.59,74.41,HEALTHY,31.61,50.6,0.0,0.79,4.67,2.0,0,Tomato (Vegetative),0.85,50.0,65.5,HEALTHY,1,30.0
2026-02-09 15:00:00,esp32-field-01,NORMAL_BALANCED,26.36,2421,25.78,74.22,HEALTHY,30.39,50.8,0.0,1.02,4.78,3.7,0,Tomato (Vegetative),0.85,50.0,65.5,HEALTHY,1,30.0
2026-02-09 16:00:00,esp32-field-01,NORMAL_BALANCED,27.3,2378,27.13,72.87,HEALTHY,30.37,54.7,4.7,7.07,5.25,80.4,1,Tomato (Vegetative),0.85,50.0,74.9,HEALTHY,0,0.0
2026-02-09 17:00:00,esp32-field-01,NORMAL_BALANCED,27.26,2390,27.68,72.32,HEALTHY,31.61,54.0,0.0,1.47,4.87,2.0,0,Tomato (Vegetative),0.85,50.0,65.5,HEALTHY,0,0.0
2026-02-09 18:00:00,esp32-field-01,NORMAL_BALANCED,27.26,2388,27.11,72.89,HEALTHY,28.23,55.0,0.0,2.89,4.4,6.6,0,Tomato (Vegetative),0.85,50.0,65.5,HEALTHY,0,0.0
2026-02-09 19:00:00,esp32-field-01,NORMAL_BALANCED,27.26,2376,26.48,73.52,HEALTHY,28.4,59.1,0.0,0.45,3.74,2.3,0,Tomato (Vegetative),0.85,50.0,65.5,HEALTHY,0,0.0
2026-02-09 20:00:00,esp32-field-01,NORMAL_BALANCED,27.25,2355,28.21,71.79,HEALTHY,26.95,64.5,0.0,1.68,4.27,0.1,0,Tomato (Vegetative),0.85,50.0,65.4,HEALTHY,0,0.0
2026-02-09 21:00:00,esp32-field-01,NORMAL_BALANCED,27.24,2398,27.35,72.65,HEALTHY,22.95,67.9,0.0,0.83,3.7,1.9,0,Tomato (Vegetative),0.85,50.0,65.4,HEALTHY,0,0.0
2026-02-09 22:00:00,esp32-field-01,NORMAL_BALANCED,27.24,2393,26.2,73.8,HEALTHY,21.24,69.3,0.0,3.33,2.89,0.9,0,Tomato (Vegetative),0.85,50.0,65.4,HEALTHY,0,0.0
2026-02-09 23:00:00,esp32-field-01,NORMAL_BALANCED,27.23,2398,26.76,73.24,HEALTHY,21.46,75.5,0.0,1.1,3.41,0.1,0,Tomato (Vegetative),0.85,50.0,65.4,HEALTHY,0,0.0
2026-02-10 00:00:00,esp32-field-01,NORMAL_BALANCED,27.23,2381,28.48,71.52,HEALTHY,19.98,79.9,0.0,0.84,3.41,5.7,0,Tomato (Vegetative),0.85,50.0,65.4,HEALTHY,0,0.0
2026-02-10 01:00:00,esp32-field-01,NORMAL_BALANCED,27.22,2404,26.2,73.8,HEALTHY,20.79,82.5,0.0,3.32,3.36,6.8,0,Tomato (Vegetative),0.85,50.0,65.4,HEALTHY,0,0.0
2026-02-10 02:00:00,esp32-field-01,NORMAL_BALANCED,27.22,2404,26.94,73.06,HEALTHY,19.28,77.5,0.0,0.96,3.24,3.0,0,Tomato (Vegetative),0.85,50.0,65.4,HEALTHY,0,0.0
2026-02-10 03:00:00,esp32-field-01,NORMAL_BALANCED,27.21,2378,26.44,73.56,HEALTHY,21.33,75.8,0.0,0.9,3.07,3.1,0,Tomato (Vegetative),0.85,50.0,65.4,HEALTHY,0,0.0
2026-02-10 04:00:00,esp32-field-01,NORMAL_BALANCED,27.2,2381,27.27,72.73,HEALTHY,19.84,75.9,0.0,0.21,2.68,2.1,0,Tomato (Vegetative),0.85,50.0,65.4,HEALTHY,0,0.0
2026-02-10 05:00:00,esp32-field-01,NORMAL_BALANCED,27.2,2412,26.27,73.73,HEALTHY,21.93,75.1,0.0,3.83,3.66,4.7,0,Tomato (Vegetative),0.85,50.0,65.3,HEALTHY,0,0.0
2026-02-10 06:00:00,esp32-field-01,NORMAL_BALANCED,27.19,2415,26.33,73.67,HEALTHY,22.62,71.0,0.0,3.91,3.42,3.7,0,Tomato (Vegetative),0.85,50.0,65.3,HEALTHY,0,0.0
2026-02-10 07:00:00,esp32-field-01,NORMAL_BALANCED,27.17,2380,27.26,72.74,HEALTHY,24.1,70.7,0.0,1.32,4.12,0.1,0,Tomato (Vegetative),0.85,50.0,65.3,HEALTHY,0,0.0
2026-02-10 08:00:00,esp32-field-01,NORMAL_BALANCED,27.11,2391,27.52,72.48,HEALTHY,27.14,64.3,0.0,0.09,4.18,3.3,0,Tomato (Vegetative),0.85,50.0,65.3,HEALTHY,0,0.0
2026-02-10 09:00:00,esp32-field-01,NORMAL_BALANCED,27.04,2368,27.71,72.29,HEALTHY,27.78,63.8,0.0,0.25,4.37,2.4,0,Tomato (Vegetative),0.85,50.0,65.3,HEALTHY,0,0.0
2026-02-10 10:00:00,esp32-field-01,NORMAL_BALANCED,26.96,2427,26.13,73.87,HEALTHY,28.41,54.0,0.1,0.16,4.64,68.1,1,Tomato (Vegetative),0.85,50.0,65.5,HEALTHY,0,0.0
2026-02-10 11:00:00,esp32-field-01,NORMAL_BALANCED,26.83,2414,25.16,74.84,HEALTHY,30.66,54.0,0.0,0.82,5.35,4.7,0,Tomato (Vegetative),0.85,50.0,65.3,HEALTHY,0,0.0
2026-02-10 12:00:00,esp32-field-01,NORMAL_BALANCED,26.71,2398,26.51,73.49,HEALTHY,31.74,53.2,0.0,0.65,4.67,2.9,0,Tomato (Vegetative),0.85,50.0,65.3,HEALTHY,0,0.0
2026-02-10 13:00:00,esp32-field-01,NORMAL_BALANCED,26.58,2444,26.09,73.91,HEALTHY,31.29,52.9,0.0,2.65,5.43,1.8,0,Tomato (Vegetative),0.85,50.0,65.3,HEALTHY,0,0.0
2026-02-10 14:00:00,esp32-field-01,NORMAL_BALANCED,26.47,2391,27.44,72.56,HEALTHY,31.43,52.4,0.0,1.46,4.88,1.1,0,Tomato (Vegetative),0.85,50.0,65.3,HEALTHY,0,0.0
2026-02-10 15:00:00,esp32-field-01,NORMAL_BALANCED,26.44,2424,25.59,74.41,HEALTHY,32.23,54.2,0.0,0.62,4.82,1.3,0,Tomato (Vegetative),0.85,50.0,65.2,HEALTHY,1,25.0
2026-02-10 16:00:00,esp32-field-01,NORMAL_BALANCED,26.45,2405,26.78,73.22,HEALTHY,31.02,52.3,0.0,1.08,5.01,0.6,0,Tomato (Vegetative),0.85,50.0,65.2,HEALTHY,1,30.0
2026-02-10 17:00:00,esp32-field-01,NORMAL_BALANCED,26.47,2416,25.04,74.96,HEALTHY,30.05,55.0,0.0,2.49,5.02,2.1,0,Tomato (Vegetative),0.85,50.0,65.2,HEALTHY,1,25.0
2026-02-10 18:00:00,esp32-field-01,NORMAL_BALANCED,26.53,2399,26.21,73.79,HEALTHY,29.05,63.0,0.0,0.28,4.71,2.0,0,Tomato (Vegetative),0.85,50.0,65.2,HEALTHY,1,25.0
2026-02-10 19:00:00,esp32-field-01,NORMAL_BALANCED,26.52,2370,27.66,72.34,HEALTHY,27.22,59.3,0.0,2.31,4.83,4.7,0,Tomato (Vegetative),0.85,50.0,65.2,HEALTHY,0,0.0
2026-02-10 20:00:00,esp32-field-01,NORMAL_BALANCED,26.51,2386,26.34,73.66,HEALTHY,25.32,66.4,0.0,1.23,4.31,1.6,0,Tomato (Vegetative),0.85,50.0,65.2,HEALTHY,0,0.0
2026-02-10 21:00:00,esp32-field-01,NORMAL_BALANCED,26.51,2381,27.24,72.76,HEALTHY,25.22,67.2,0.0,2.73,3.95,0.3,0,Tomato (Vegetative),0.85,50.0,65.2,HEALTHY,0,0.0
2026-02-10 22:00:00,esp32-field-01,NORMAL_BALANCED,26.5,2394,27.34,72.66,HEALTHY,24.53,69.0,0.0,0.63,3.74,1.8,0,Tomato (Vegetative),0.85,50.0,65.2,HEALTHY,0,0.0
2026-02-10 23:00:00,esp32-field-01,NORMAL_BALANCED,26.55,2367,28.16,71.84,HEALTHY,21.23,79.4,0.0,4.57,3.36,3.9,0,Tomato (Vegetative),0.85,50.0,65.2,HEALTHY,1,25.0
2026-02-11 00:00:00,esp32-field-01,NORMAL_BALANCED,26.54,2403,26.23,73.77,HEALTHY,21.34,76.3,0.0,0.83,3.34,0.6,0,Tomato (Vegetative),0.85,50.0,65.2,HEALTHY,0,0.0
2026-02-11 01:00:00,esp32-field-01,NORMAL_BALANCED,26.54,2423,25.7,74.3,HEALTHY,21.55,80.0,0.0,0.35,3.98,3.4,0,Tomato (Vegetative),0.85,50.0,65.2,HEALTHY,0,0.0
2026-02-11 02:00:00,esp32-field-01,NORMAL_BALANCED,26.53,2407,25.9,74.1,HEALTHY,19.94,81.5,0.0,0.44,3.22,4.1,0,Tomato (Vegetative),0.85,50.0,65.1,HEALTHY,0,0.0
2026-02-11 03:00:00,esp32-field-01,NORMAL_BALANCED,26.52,2378,27.56,72.44,HEALTHY,20.31,82.9,0.0,1.07,3.39,1.1,0,Tomato (Vegetative),0.85,50.0,65.1,HEALTHY,0,0.0
2026-02-11 04:00:00,esp32-field-01,NORMAL_BALANCED,26.52,2399,27.14,72.86,HEALTHY,21.96,76.4,0.0,0.1,3.71,2.3,0,Tomato (Vegetative),0.85,50.0,65.1,HEALTHY,0,0.0
2026-02-11 05:00:00,esp32-field-01,NORMAL_BALANCED,26.51,2392,26.02,73.98,HEALTHY,21.35,76.1,0.0,2.27,3.64,3.6,0,Tomato (Vegetative),0.85,50.0,65.1,HEALTHY,0,0.0
2026-02-11 06:00:00,esp32-field-01,NORMAL_BALANCED,26.51,2398,26.68,73.32,HEALTHY,22.18,71.6,0.0,7.27,3.71,2.7,0,Tomato (Vegetative),0.85,50.0,65.1,HEALTHY,0,0.0
2026-02-11 07:00:00,esp32-field-01,NORMAL_BALANCED,26.48,2400,26.04,73.96,HEALTHY,24.93,69.9,0.0,0.54,4.05,1.5,0,Tomato (Vegetative),0.85,50.0,65.1,HEALTHY,0,0.0
2026-02-11 08:00:00,esp32-field-01,NORMAL_BALANCED,26.48,2398,26.71,73.29,HEALTHY,26.77,65.2,0.0,0.1,4.45,5.2,0,Tomato (Vegetative),0.85,50.0,65.1,HEALTHY,1,25.0
2026-02-11 09:00:00,esp32-field-01,NORMAL_BALANCED,26.5,2415,25.44,74.56,HEALTHY,26.98,59.9,0.0,2.08,3.85,2.6,0,Tomato (Vegetative),0.85,50.0,65.1,HEALTHY,1,40.0
2026-02-11 10:00:00,esp32-field-01,NORMAL_BALANCED,26.4,2391,27.22,72.78,HEALTHY,28.83,59.5,0.0,1.34,4.77,7.9,0,Tomato (Vegetative),0.85,50.0,65.1,HEALTHY,0,0.0
2026-02-11 11:00:00,esp32-field-01,NORMAL_BALANCED,26.34,2370,27.31,72.69,HEALTHY,30.75,53.7,0.0,1.21,4.88,1.9,0,Tomato (Vegetative),0.85,50.0,65.0,HEALTHY,1,25.0
2026-02-11 12:00:00,esp32-field-01,NORMAL_BALANCED,26.28,2389,26.77,73.23,HEALTHY,31.14,53.1,0.0,1.35,4.95,2.5,0,Tomato (Vegetative),0.85,50.0,65.0,HEALTHY,1,30.0
2026-02-11 13:00:00,esp32-field-01,NORMAL_BALANCED,26.21,2423,25.49,74.51,HEALTHY,33.33,52.9,0.0,1.62,5.37,0.7,0,Tomato (Vegetative),0.85,50.0,65.0,HEALTHY,1,25.0
2026-02-11 14:00:00,esp32-field-01,NORMAL_BALANCED,26.16,2372,26.36,73.64,HEALTHY,31.84,52.7,0.0,4.0,4.83,0.9,0,Tomato (Vegetative),0.85,50.0,65.0,HEALTHY,1,25.0
2026-02-11 15:00:00,esp32-field-01,NORMAL_BALANCED,26.13,2408,24.92,75.08,HEALTHY,31.47,47.8,0.0,1.59,5.29,9.8,0,Tomato (Vegetative),0.85,50.0,65.0,HEALTHY,1,30.0
2026-02-11 16:00:00,esp32-field-01,HOT_HIGH_ET0,26.08,2381,27.34,72.66,HEALTHY,40.58,27.8,0.0,0.68,8.21,1.4,0,Tomato (Vegetative),0.85,50.0,65.0,HEALTHY,1,25.0
2026-02-11 17:00:00,esp32-field-01,HOT_HIGH_ET0,26.09,2363,26.86,73.14,HEALTHY,39.65,22.7,0.0,0.12,7.91,0.7,0,Tomato (Vegetative),0.85,50.0,65.0,HEALTHY,1,25.0
2026-02-11 18:00:00,esp32-field-01,HOT_HIGH_ET0,26.18,2414,26.09,73.91,HEALTHY,36.51,26.6,0.0,1.03,6.99,6.8,0,Tomato (Vegetative),0.85,50.0,65.0,HEALTHY,1,40.0
2026-02-11 19:00:00,esp32-field-01,HOT_HIGH_ET0,26.22,2389,26.19,73.81,HEALTHY,37.38,30.9,0.0,1.33,7.32,1.8,0,Tomato (Vegetative),0.85,50.0,65.0,HEALTHY,1,25.0
2026-02-11 20:00:00,esp32-field-01,HOT_HIGH_ET0,26.3,2410,26.53,73.47,HEALTHY,34.56,37.4,0.0,0.11,6.32,3.9,0,Tomato (Vegetative),0.85,50.0,65.0,HEALTHY,1,40.0
2026-02-11 21:00:00,esp32-field-01,HOT_HIGH_ET0,26.36,2387,27.69,72.31,HEALTHY,31.92,40.3,0.0,0.11,6.27,1.8,0,Tomato (Vegetative),0.85,50.0,65.0,HEALTHY,1,30.0
2026-02-11 22:00:00,esp32-field-01,HOT_HIGH_ET0,26.4,2392,27.82,72.18,HEALTHY,29.85,47.9,0.0,0.08,6.07,0.1,0,Tomato (Vegetative),0.85,50.0,64.9,HEALTHY,1,25.0
2026-02-11 23:00:00,esp32-field-01,HOT_HIGH_ET0,26.46,2399,26.82,73.18,HEALTHY,28.15,54.1,0.0,5.39,5.19,4.3,0,Tomato (Vegetative),0.85,50.0,64.9,HEALTHY,1,30.0
2026-02-12 00:00:00,esp32-field-01,HOT_HIGH_ET0,26.52,2429,25.83,74.17,HEALTHY,27.4,57.4,0.0,8.64,5.44,0.3,0,Tomato (Vegetative),0.85,50.0,64.9,HEALTHY,1,30.0
2026-02-12 01:00:00,esp32-field-01,HOT_HIGH_ET0,26.51,2366,27.61,72.39,HEALTHY,25.85,57.7,0.0,1.41,4.82,4.2,0,Tomato (Vegetative),0.85,50.0,64.9,HEALTHY,0,0.0
2026-02-12 02:00:00,esp32-field-01,HOT_HIGH_ET0,26.5,2378,26.62,73.38,HEALTHY,26.1,54.9,0.0,2.25,5.2,0.5,0,Tomato (Vegetative),0.85,50.0,64.9,HEALTHY,0,0.0
2026-02-12 03:00:00,esp32-field-01,HOT_HIGH_ET0,26.49,2408,27.36,72.64,HEALTHY,27.45,58.6,0.0,1.4,5.45,1.7,0,Tomato (Vegetative),0.85,50.0,64.9,HEALTHY,0,0.0
2026-02-12 04:00:00,esp32-field-01,HOT_HIGH_ET0,26.54,2367,27.84,72.16,HEALTHY,28.03,53.5,0.0,1.86,5.73,1.2,0,Tomato (Vegetative),0.85,50.0,64.9,HEALTHY,1,25.0
2026-02-12 05:00:00,esp32-field-01,HOT_HIGH_ET0,26.53,2377,27.38,72.62,HEALTHY,29.07,56.3,0.0,0.96,5.37,2.7,0,Tomato (Vegetative),0.85,50.0,64.9,HEALTHY,0,0.0
2026-02-12 06:00:00,esp32-field-01,HOT_HIGH_ET0,26.52,2387,27.2,72.8,HEALTHY,31.49,52.0,0.0,4.79,6.09,0.7,0,Tomato (Vegetative),0.85,50.0,64.9,HEALTHY,0,0.0
2026-02-12 07:00:00,esp32-field-01,HOT_HIGH_ET0,26.48,2380,27.51,72.49,HEALTHY,31.76,45.4,0.0,2.57,6.12,1.2,0,Tomato (Vegetative),0.85,50.0,64.8,HEALTHY,0,0.0
2026-02-12 08:00:00,esp32-field-01,HOT_HIGH_ET0,26.46,2391,26.99,73.01,HEALTHY,33.88,35.6,0.0,0.65,6.51,0.3,0,Tomato (Vegetative),0.85,50.0,64.8,HEALTHY,1,30.0
2026-02-12 09:00:00,esp32-field-01,HOT_HIGH_ET0,26.4,2420,25.71,74.29,HEALTHY,35.58,35.6,0.0,0.58,6.99,4.5,0,Tomato (Vegetative),0.85,50.0,64.8,HEALTHY,1,25.0
2026-02-12 10:00:00,esp32-field-01,HOT_HIGH_ET0,26.29,2408,26.71,73.29,HEALTHY,38.94,28.2,0.0,0.09,7.95,2.0,0,Tomato (Vegetative),0.85,50.0,64.8,HEALTHY,1,30.0
2026-02-12 11:00:00,esp32-field-01,HOT_HIGH_ET0,26.17,2393,26.61,73.39,HEALTHY,38.56,25.4,0.0,1.26,7.73,0.1,0,Tomato (Vegetative),0.85,50.0,64.8,HEALTHY,1,30.0
2026-02-12 12:00:00,esp32-field-01,HOT_HIGH_ET0,26.05,2405,26.99,73.01,HEALTHY,42.0,26.5,0.0,2.9,8.38,0.4,0,Tomato (Vegetative),0.85,50.0,64.8,HEALTHY,1,40.0
2026-02-12 13:00:00,esp32-field-01,HOT_HIGH_ET0,25.95,2421,25.62,74.38,HEALTHY,41.2,26.5,0.0,1.07,7.8,4.3,0,Tomato (Vegetative),0.85,50.0,64.8,HEALTHY,1,40.0
2026-02-12 14:00:00,esp32-field-01,HOT_HIGH_ET0,25.84,2402,26.62,73.38,HEALTHY,41.59,21.3,0.0,0.06,8.07,10.5,0,Tomato (Vegetative),0.85,50.0,64.8,HEALTHY,1,25.0
2026-02-12 15:00:00,esp32-field-01,HOT_HIGH_ET0,25.78,2413,26.71,73.29,HEALTHY,40.63,24.0,0.0,0.86,8.04,0.3,0,Tomato (Vegetative),0.85,50.0,64.8,HEALTHY,1,40.0
2026-02-12 16:00:00,esp32-field-01,HOT_HIGH_ET0,25.74,2394,26.17,73.83,HEALTHY,39.35,23.0,0.0,0.12,7.9,5.1,0,Tomato (Vegetative),0.85,50.0,64.8,HEALTHY,1,25.0
2026-02-12 17:00:00,esp32-field-01,HOT_HIGH_ET0,25.78,2454,24.23,75.77,HEALTHY,41.26,22.6,0.0,2.42,8.24,9.4,0,Tomato (Vegetative),0.85,50.0,64.8,HEALTHY,1,40.0
2026-02-12 18:00:00,esp32-field-01,HOT_HIGH_ET0,25.87,2398,25.66,74.34,HEALTHY,38.04,27.1,0.0,2.77,8.05,1.6,0,Tomato (Vegetative),0.85,50.0,64.7,HEALTHY,1,40.0
2026-02-12 19:00:00,esp32-field-01,HOT_HIGH_ET0,25.94,2386,27.75,72.25,HEALTHY,35.23,33.0,0.0,1.55,7.21,0.3,0,Tomato (Vegetative),0.85,50.0,64.7,HEALTHY,1,40.0
2026-02-12 20:00:00,esp32-field-01,HOT_HIGH_ET0,25.99,2451,24.67,75.33,HEALTHY,35.11,41.4,0.0,3.09,6.91,2.6,0,Tomato (Vegetative),0.85,50.0,64.7,HEALTHY,1,25.0
2026-02-12 21:00:00,esp32-field-01,HOT_HIGH_ET0,26.02,2394,26.59,73.41,HEALTHY,32.15,43.3,0.2,0.89,6.41,76.2,1,Tomato (Vegetative),0.85,50.0,65.1,HEALTHY,0,0.0
2026-02-12 22:00:00,esp32-field-01,HOT_HIGH_ET0,26.07,2410,26.23,73.77,HEALTHY,29.35,47.4,0.0,3.9,5.54,8.7,0,Tomato (Vegetative),0.85,50.0,64.7,HEALTHY,1,25.0
2026-02-12 23:00:00,esp32-field-01,HOT_HIGH_ET0,26.12,2420,25.56,74.44,HEALTHY,29.95,53.9,0.0,3.33,5.5,1.3,0,Tomato (Vegetative),0.85,50.0,64.7,HEALTHY,1,30.0
2026-02-13 00:00:00,esp32-field-01,HOT_HIGH_ET0,26.17,2438,25.34,74.66,HEALTHY,26.7,55.5,0.0,1.24,5.63,4.3,0,Tomato (Vegetative),0.85,50.0,64.7,HEALTHY,1,25.0
2026-02-13 01:00:00,esp32-field-01,HOT_HIGH_ET0,26.22,2385,26.5,73.5,HEALTHY,26.16,58.6,0.0,0.11,4.97,4.8,0,Tomato (Vegetative),0.85,50.0,64.7,HEALTHY,1,25.0
2026-02-13 02:00:00,esp32-field-01,HOT_HIGH_ET0,26.3,2398,26.33,73.67,HEALTHY,27.07,60.8,0.0,1.19,5.66,7.5,0,Tomato (Vegetative),0.85,50.0,64.7,HEALTHY,1,40.0
2026-02-13 03:00:00,esp32-field-01,HOT_HIGH_ET0,26.34,2417,26.13,73.87,HEALTHY,26.66,60.3,0.0,1.08,5.41,1.3,0,Tomato (Vegetative),0.85,50.0,64.7,HEALTHY,1,25.0
2026-02-13 04:00:00,esp32-field-01,HOT_HIGH_ET0,26.39,2367,26.32,73.68,HEALTHY,27.55,59.1,0.0,0.08,5.54,6.8,0,Tomato (Vegetative),0.85,50.0,64.6,HEALTHY,1,25.0
2026-02-13 05:00:00,esp32-field-01,HOT_HIGH_ET0,26.47,2397,26.44,73.56,HEALTHY,27.9,53.0,0.0,0.48,5.28,0.0,0,Tomato (Vegetative),0.85,50.0,64.6,HEALTHY,1,40.0
2026-02-13 06:00:00,esp32-field-01,HOT_HIGH_ET0,26.55,2345,28.34,71.66,HEALTHY,30.07,48.3,0.0,3.27,6.14,10.4,0,Tomato (Vegetative),0.85,50.0,64.6,HEALTHY,1,40.0
2026-02-13 07:00:00,esp32-field-01,HOT_HIGH_ET0,26.51,2441,25.58,74.42,HEALTHY,31.78,43.3,0.0,1.16,6.48,4.2,0,Tomato (Vegetative),0.85,50.0,64.6,HEALTHY,0,0.0
2026-02-13 08:00:00,esp32-field-01,HOT_HIGH_ET0,26.43,2392,26.06,73.94,HEALTHY,33.51,36.6,0.0,0.07,6.63,3.8,0,Tomato (Vegetative),0.85,50.0,64.6,HEALTHY,0,0.0
2026-02-13 09:00:00,esp32-field-01,HOT_HIGH_ET0,26.37,2400,26.31,73.69,HEALTHY,36.39,32.6,0.0,5.07,7.1,1.3,0,Tomato (Vegetative),0.85,50.0,64.6,HEALTHY,1,30.0
2026-02-13 10:00:00,esp32-field-01,HOT_HIGH_ET0,26.26,2394,26.07,73.93,HEALTHY,36.65,29.0,0.0,0.72,7.38,1.2,0,Tomato (Vegetative),0.85,50.0,64.6,HEALTHY,1,25.0
2026-02-13 11:00:00,esp32-field-01,HOT_HIGH_ET0,26.14,2423,24.96,75.04,HEALTHY,37.87,25.9,0.0,2.03,7.63,3.5,0,Tomato (Vegetative),0.85,50.0,64.6,HEALTHY,1,25.0
2026-02-13 12:00:00,esp32-field-01,HOT_HIGH_ET0,26.02,2391,25.69,74.31,HEALTHY,40.57,25.1,0.0,0.79,8.08,1.2,0,Tomato (Vegetative),0.85,50.0,64.6,HEALTHY,1,40.0
2026-02-13 13:00:00,esp32-field-01,HOT_HIGH_ET0,25.88,2430,25.57,74.43,HEALTHY,41.44,20.0,0.0,1.26,8.43,1.7,0,Tomato (Vegetative),0.85,50.0,64.5,HEALTHY,1,25.0
2026-02-13 14:00:00,esp32-field-01,HOT_HIGH_ET0,25.76,2379,25.84,74.16,HEALTHY,41.41,22.3,0.0,1.55,8.21,3.1,0,Tomato (Vegetative),0.85,50.0,64.5,HEALTHY,1,30.0
2026-02-13 15:00:00,esp32-field-01,HOT_HIGH_ET0,25.68,2421,25.39,74.61,HEALTHY,41.41,21.5,0.0,1.62,8.43,0.9,0,Tomato (Vegetative),0.85,50.0,64.5,HEALTHY,1,30.0
2026-02-13 16:00:00,esp32-field-01,HOT_HIGH_ET0,25.67,2399,26.12,73.88,HEALTHY,39.78,24.6,0.0,0.85,8.11,4.0,0,Tomato (Vegetative),0.85,50.0,64.5,HEALTHY,1,40.0
2026-02-13 17:00:00,esp32-field-01,HOT_HIGH_ET0,25.71,2436,25.11,74.89,HEALTHY,39.93,28.0,0.0,0.59,7.73,0.9,0,Tomato (Vegetative),0.85,50.0,64.5,HEALTHY,1,40.0
2026-02-13 18:00:00,esp32-field-01,HOT_HIGH_ET0,25.77,2405,26.38,73.62,HEALTHY,37.14,30.6,0.0,4.23,7.55,3.5,0,Tomato (Vegetative),0.85,50.0,64.5,HEALTHY,1,25.0
2026-02-13 19:00:00,esp32-field-01,HOT_HIGH_ET0,25.82,2406,26.71,73.29,HEALTHY,35.99,39.6,0.0,1.65,7.41,0.3,0,Tomato (Vegetative),0.85,50.0,64.5,HEALTHY,1,30.0
2026-02-13 20:00:00,esp32-field-01,HOT_HIGH_ET0,25.9,2431,26.27,73.73,HEALTHY,33.63,39.5,0.0,2.3,6.43,4.0,0,Tomato (Vegetative),0.85,50.0,64.5,HEALTHY,1,40.0
2026-02-13 21:00:00,esp32-field-01,HOT_HIGH_ET0,25.96,2393,26.3,73.7,HEALTHY,32.23,44.8,0.0,3.64,6.4,0.4,0,Tomato (Vegetative),0.85,50.0,64.5,HEALTHY,1,30.0
2026-02-13 22:00:00,esp32-field-01,HOT_HIGH_ET0,26.01,2405,27.5,72.5,HEALTHY,29.96,45.5,0.0,0.77,5.8,0.2,0,Tomato (Vegetative),0.85,50.0,64.5,HEALTHY,1,30.0
2026-02-13 23:00:00,esp32-field-01,HOT_HIGH_ET0,26.09,2421,25.39,74.61,HEALTHY,28.65,55.3,0.0,0.75,5.61,3.0,0,Tomato (Vegetative),0.85,50.0,64.5,HEALTHY,1,40.0
2026-02-14 00:00:00,esp32-field-01,HOT_HIGH_ET0,26.14,2383,26.21,73.79,HEALTHY,27.54,52.8,0.0,0.39,5.77,1.0,0,Tomato (Vegetative),0.85,50.0,64.4,HEALTHY,1,25.0
2026-02-14 01:00:00,esp32-field-01,HOT_HIGH_ET0,26.2,2386,27.59,72.41,HEALTHY,27.45,56.3,0.0,0.64,5.22,1.3,0,Tomato (Vegetative),0.85,50.0,64.4,HEALTHY,1,30.0
2026-02-14 02:00:00,esp32-field-01,HOT_HIGH_ET0,26.28,2426,26.07,73.93,HEALTHY,26.3,60.4,0.0,0.54,5.47,1.0,0,Tomato (Vegetative),0.85,50.0,64.4,HEALTHY,1,40.0
2026-02-14 03:00:00,esp32-field-01,HOT_HIGH_ET0,26.34,2406,26.92,73.08,HEALTHY,26.44,55.5,0.0,0.24,5.44,0.9,0,Tomato (Vegetative),0.85,50.0,64.4,HEALTHY,1,30.0
2026-02-14 04:00:00,esp32-field-01,HOT_HIGH_ET0,26.39,2410,25.74,74.26,HEALTHY,27.37,58.9,0.0,0.38,5.59,3.0,0,Tomato (Vegetative),0.85,50.0,64.4,HEALTHY,1,30.0
2026-02-14 05:00:00,esp32-field-01,HOT_HIGH_ET0,26.47,2398,25.8,74.2,HEALTHY,29.0,55.0,0.0,1.97,6.21,2.4,0,Tomato (Vegetative),0.85,50.0,64.4,HEALTHY,1,40.0
2026-02-14 06:00:00,esp32-field-01,HOT_HIGH_ET0,26.53,2408,26.27,73.73,HEALTHY,29.7,45.2,0.0,1.55,5.74,3.9,0,Tomato (Vegetative),0.85,50.0,64.4,HEALTHY,1,30.0
2026-02-14 07:00:00,esp32-field-01,HOT_HIGH_ET0,26.49,2409,26.89,73.11,HEALTHY,31.53,44.9,0.0,4.35,6.06,9.1,0,Tomato (Vegetative),0.85,50.0,64.4,HEALTHY,0,0.0
2026-02-14 08:00:00,esp32-field-01,HOT_HIGH_ET0,26.47,2363,27.94,72.06,HEALTHY,34.33,39.6,0.0,4.36,7.22,0.1,0,Tomato (Vegetative),0.85,50.0,64.4,HEALTHY,1,30.0
2026-02-14 09:00:00,esp32-field-01,HOT_HIGH_ET0,26.41,2407,25.66,74.34,HEALTHY,36.21,37.3,0.0,1.05,6.97,1.2,0,Tomato (Vegetative),0.85,50.0,64.3,HEALTHY,1,30.0
2026-02-14 10:00:00,esp32-field-01,HOT_HIGH_ET0,26.35,2431,25.45,74.55,HEALTHY,36.61,26.7,0.0,4.54,7.22,1.4,0,Tomato (Vegetative),0.85,50.0,64.3,HEALTHY,1,40.0
2026-02-14 11:00:00,esp32-field-01,HOT_HIGH_ET0,26.24,2414,26.67,73.33,HEALTHY,39.15,24.7,0.0,1.59,7.98,1.6,0,Tomato (Vegetative),0.85,50.0,64.3,HEALTHY,1,40.0
2026-02-14 12:00:00,esp32-field-01,HOT_HIGH_ET0,26.1,2411,25.56,74.44,HEALTHY,41.56,22.7,0.0,5.98,7.98,1.6,0,Tomato (Vegetative),0.85,50.0,64.3,HEALTHY,1,25.0
2026-02-14 13:00:00,esp32-field-01,HOT_HIGH_ET0,26.0,2426,24.76,75.24,HEALTHY,40.91,21.6,0.0,0.32,8.01,1.0,0,Tomato (Vegetative),0.85,50.0,64.3,HEALTHY,1,40.0
2026-02-14 14:00:00,esp32-field-01,HOT_HIGH_ET0,25.87,2397,26.58,73.42,HEALTHY,42.57,20.1,0.0,0.07,8.91,2.0,0,Tomato (Vegetative),0.85,50.0,64.3,HEALTHY,1,30.0
2026-02-14 15:00:00,esp32-field-01,HOT_HIGH_ET0,25.82,2434,25.09,74.91,HEALTHY,41.32,23.1,0.0,0.44,8.01,4.7,0,Tomato (Vegetative),0.85,50.0,64.3,HEALTHY,1,40.0
2026-02-14 16:00:00,esp32-field-01,HOT_HIGH_ET0,25.78,2371,27.63,72.37,HEALTHY,41.33,23.1,0.0,0.53,8.22,5.6,0,Tomato (Vegetative),0.85,50.0,64.3,HEALTHY,1,30.0
2026-02-14 17:00:00,esp32-field-01,HOT_HIGH_ET0,25.79,2390,26.5,73.5,HEALTHY,39.2,22.5,0.0,2.13,7.66,1.4,0,Tomato (Vegetative),0.85,50.0,64.3,HEALTHY,1,25.0
2026-02-14 18:00:00,esp32-field-01,HOT_HIGH_ET0,25.86,2426,25.26,74.74,HEALTHY,39.03,29.4,0.0,0.69,7.85,3.5,0,Tomato (Vegetative),0.85,50.0,64.3,HEALTHY,1,30.0
2026-02-14 19:00:00,esp32-field-01,HOT_HIGH_ET0,25.91,2430,25.36,74.64,HEALTHY,35.12,38.5,0.0,4.0,6.99,2.1,0,Tomato (Vegetative),0.85,50.0,64.2,HEALTHY,1,30.0
2026-02-14 20:00:00,esp32-field-01,HOT_HIGH_ET0,25.96,2403,25.91,74.09,HEALTHY,33.79,36.3,0.0,0.03,7.08,1.6,0,Tomato (Vegetative),0.85,50.0,64.2,HEALTHY,1,25.0
2026-02-14 21:00:00,esp32-field-01,HOT_HIGH_ET0,26.01,2425,25.12,74.88,HEALTHY,32.59,38.2,0.0,0.39,6.73,1.4,0,Tomato (Vegetative),0.85,50.0,64.2,HEALTHY,1,30.0
2026-02-14 22:00:00,esp32-field-01,HOT_HIGH_ET0,26.07,2430,25.94,74.06,HEALTHY,29.58,45.4,0.0,1.55,6.0,0.9,0,Tomato (Vegetative),0.85,50.0,64.2,HEALTHY,1,30.0
2026-02-14 23:00:00,esp32-field-01,HOT_HIGH_ET0,26.15,2396,27.79,72.21,HEALTHY,28.29,57.0,0.0,1.39,5.84,5.3,0,Tomato (Vegetative),0.85,50.0,64.2,HEALTHY,1,40.0
2026-02-15 00:00:00,esp32-field-01,HOT_HIGH_ET0,26.21,2407,25.77,74.23,HEALTHY,26.32,53.6,0.0,0.52,5.62,8.5,0,Tomato (Vegetative),0.85,50.0,64.2,HEALTHY,1,30.0
2026-02-15 01:00:00,esp32-field-01,HOT_HIGH_ET0,26.25,2408,26.52,73.48,HEALTHY,26.97,58.1,0.0,1.79,5.53,1.8,0,Tomato (Vegetative),0.85,50.0,64.2,HEALTHY,1,25.0
2026-02-15 02:00:00,esp32-field-01,HOT_HIGH_ET0,26.33,2404,25.35,74.65,HEALTHY,27.35,59.1,0.0,2.89,5.15,2.7,0,Tomato (Vegetative),0.85,50.0,64.2,HEALTHY,1,40.0
2026-02-15 03:00:00,esp32-field-01,HOT_HIGH_ET0,26.41,2390,26.51,73.49,HEALTHY,26.5,59.5,0.0,1.85,5.44,1.5,0,Tomato (Vegetative),0.85,50.0,64.2,HEALTHY,1,40.0
2026-02-15 04:00:00,esp32-field-01,HOT_HIGH_ET0,26.49,2403,26.23,73.77,HEALTHY,28.8,57.6,0.0,1.35,6.03,2.1,0,Tomato (Vegetative),0.85,50.0,64.2,HEALTHY,1,40.0
2026-02-15 05:00:00,esp32-field-01,HOT_HIGH_ET0,26.57,2394,27.24,72.76,HEALTHY,29.66,54.1,0.0,4.59,5.25,2.4,0,Tomato (Vegetative),0.85,50.0,64.2,HEALTHY,1,40.0
2026-02-15 06:00:00,esp32-field-01,HOT_HIGH_ET0,26.56,2401,26.78,73.22,HEALTHY,31.1,54.4,0.0,0.8,6.28,5.7,0,Tomato (Vegetative),0.85,50.0,64.1,HEALTHY,0,0.0
2026-02-15 07:00:00,esp32-field-01,HOT_HIGH_ET0,26.63,2392,26.31,73.69,HEALTHY,31.79,43.3,0.5,1.23,6.56,72.2,1,Tomato (Vegetative),0.85,50.0,65.1,HEALTHY,0,0.0
2026-02-15 08:00:00,esp32-field-01,HOT_HIGH_ET0,26.54,2399,26.51,73.49,HEALTHY,33.92,38.7,0.0,1.71,6.89,7.5,0,Tomato (Vegetative),0.85,50.0,64.1,HEALTHY,0,0.0
2026-02-15 09:00:00,esp32-field-01,HOT_HIGH_ET0,26.41,2381,27.36,72.64,HEALTHY,36.16,36.6,0.0,2.3,7.58,0.1,0,Tomato (Vegetative),0.85,50.0,64.1,HEALTHY,0,0.0
2026-02-15 10:00:00,esp32-field-01,HOT_HIGH_ET0,26.3,2427,25.46,74.54,HEALTHY,39.15,27.5,0.0,1.09,7.58,4.8,0,Tomato (Vegetative),0.85,50.0,64.1,HEALTHY,1,25.0
2026-02-15 11:00:00,esp32-field-01,HOT_HIGH_ET0,26.2,2407,25.99,74.01,HEALTHY,39.03,24.8,0.0,4.16,7.84,3.0,0,Tomato (Vegetative),0.85,50.0,64.1,HEALTHY,1,40.0
2026-02-15 12:00:00,esp32-field-01,HOT_HIGH_ET0,26.07,2391,26.2,73.8,HEALTHY,40.22,21.9,0.0,2.31,7.88,0.1,0,Tomato (Vegetative),0.85,50.0,64.1,HEALTHY,1,30.0
2026-02-15 13:00:00,esp32-field-01,HOT_HIGH_ET0,25.96,2438,24.52,75.48,HEALTHY,41.18,25.9,0.0,1.89,8.0,7.2,0,Tomato (Vegetative),0.85,50.0,64.1,HEALTHY,1,40.0
2026-02-15 14:00:00,esp32-field-01,HOT_HIGH_ET0,25.87,2405,24.97,75.03,HEALTHY,42.06,21.3,0.0,0.04,8.74,6.5,0,Tomato (Vegetative),0.85,50.0,64.1,HEALTHY,1,40.0
2026-02-15 15:00:00,esp32-field-01,HOT_HIGH_ET0,25.81,2407,25.93,74.07,HEALTHY,40.9,24.7,0.0,1.41,7.99,6.6,0,Tomato (Vegetative),0.85,50.0,64.0,HEALTHY,1,40.0
2026-02-15 16:00:00,esp32-field-01,HOT_HIGH_ET0,25.79,2383,26.66,73.34,HEALTHY,39.61,25.6,0.0,0.36,7.36,7.4,0,Tomato (Vegetative),0.85,50.0,64.0,HEALTHY,1,30.0
2026-02-15 17:00:00,esp32-field-01,HOT_HIGH_ET0,25.8,2409,25.55,74.45,HEALTHY,39.53,28.0,0.0,0.68,7.6,2.6,0,Tomato (Vegetative),0.85,50.0,64.0,HEALTHY,1,25.0
2026-02-15 18:00:00,esp32-field-01,HOT_HIGH_ET0,25.85,2407,25.42,74.58,HEALTHY,37.31,28.9,0.0,1.59,7.45,1.2,0,Tomato (Vegetative),0.85,50.0,64.0,HEALTHY,1,25.0
2026-02-15 19:00:00,esp32-field-01,HOT_HIGH_ET0,25.91,2404,26.16,73.84,HEALTHY,34.87,41.3,0.0,0.72,6.98,1.2,0,Tomato (Vegetative),0.85,50.0,64.0,HEALTHY,1,30.0
2026-02-15 20:00:00,esp32-field-01,HOT_HIGH_ET0,25.95,2400,26.13,73.87,HEALTHY,33.87,40.1,0.0,0.47,6.69,1.5,0,Tomato (Vegetative),0.85,50.0,64.0,HEALTHY,1,25.0
2026-02-15 21:00:00,esp32-field-01,HOT_HIGH_ET0,26.0,2395,26.9,73.1,HEALTHY,31.55,43.9,0.0,0.79,6.3,2.5,0,Tomato (Vegetative),0.85,50.0,64.0,HEALTHY,1,25.0
2026-02-15 22:00:00,esp32-field-01,HOT_HIGH_ET0,26.08,2412,26.77,73.23,HEALTHY,31.14,49.4,0.0,3.52,5.95,3.6,0,Tomato (Vegetative),0.85,50.0,64.0,HEALTHY,1,40.0
2026-02-15 23:00:00,esp32-field-01,HOT_HIGH_ET0,26.12,2449,24.63,75.37,HEALTHY,28.0,55.8,0.0,2.52,5.44,12.6,0,Tomato (Vegetative),0.85,50.0,64.0,HEALTHY,1,25.0
2026-02-16 00:00:00,esp32-field-01,HOT_HIGH_ET0,26.2,2430,24.95,75.05,HEALTHY,27.21,54.7,0.0,0.12,5.38,2.2,0,Tomato (Vegetative),0.85,50.0,64.0,HEALTHY,1,40.0
2026-02-16 01:00:00,esp32-field-01,HOT_HIGH_ET0,26.25,2393,25.91,74.09,HEALTHY,25.82,60.0,0.0,0.55,5.09,13.0,0,Tomato (Vegetative),0.85,50.0,64.0,HEALTHY,1,25.0
2026-02-16 02:00:00,esp32-field-01,HOT_HIGH_ET0,26.31,2393,27.19,72.81,HEALTHY,26.12,57.4,0.0,1.62,5.29,4.0,0,Tomato (Vegetative),0.85,50.0,63.9,HEALTHY,1,30.0
2026-02-16 03:00:00,esp32-field-01,HOT_HIGH_ET0,26.37,2433,25.14,74.86,HEALTHY,27.51,57.9,0.0,0.29,5.47,1.5,0,Tomato (Vegetative),0.85,50.0,63.9,HEALTHY,1,30.0
2026-02-16 04:00:00,esp32-field-01,HOT_HIGH_ET0,26.42,2402,26.06,73.94,HEALTHY,26.65,58.5,0.0,1.82,5.96,3.8,0,Tomato (Vegetative),0.85,50.0,63.9,HEALTHY,1,30.0
2026-02-16 05:00:00,esp32-field-01,HOT_HIGH_ET0,26.5,2416,25.88,74.12,HEALTHY,30.6,54.8,0.0,1.6,6.3,7.7,0,Tomato (Vegetative),0.85,50.0,63.9,HEALTHY,1,40.0
2026-02-16 06:00:00,esp32-field-01,HOT_HIGH_ET0,26.49,2401,26.89,73.11,HEALTHY,29.88,47.4,0.0,2.32,5.78,0.7,0,Tomato (Vegetative),0.85,50.0,63.9,HEALTHY,0,0.0
2026-02-16 07:00:00,esp32-field-01,HOT_HIGH_ET0,26.51,2410,26.3,73.7,HEALTHY,32.78,45.9,0.0,0.83,6.44,1.7,0,Tomato (Vegetative),0.85,50.0,63.9,HEALTHY,1,25.0
2026-02-16 08:00:00,esp32-field-01,HOT_HIGH_ET0,26.42,2400,26.95,73.05,HEALTHY,33.77,41.0,0.0,0.66,7.14,2.3,0,Tomato (Vegetative),0.85,50.0,63.9,HEALTHY,0,0.0
2026-02-16 09:00:00,esp32-field-01,HOT_HIGH_ET0,26.35,2411,25.55,74.45,HEALTHY,35.97,34.7,0.0,4.14,6.78,5.2,0,Tomato (Vegetative),0.85,50.0,63.9,HEALTHY,1,25.0
2026-02-16 10:00:00,esp32-field-01,HOT_HIGH_ET0,26.25,2402,26.01,73.99,HEALTHY,38.15,31.5,0.0,0.19,7.46,1.9,0,Tomato (Vegetative),0.85,50.0,63.9,HEALTHY,1,25.0
2026-02-16 11:00:00,esp32-field-01,HOT_HIGH_ET0,26.12,2395,26.25,73.75,HEALTHY,37.86,29.8,0.0,0.62,7.47,2.1,0,Tomato (Vegetative),0.85,50.0,63.9,HEALTHY,1,25.0
2026-02-16 12:00:00,esp32-field-01,HOT_HIGH_ET0,25.98,2400,25.83,74.17,HEALTHY,40.75,28.0,0.0,0.97,7.98,4.5,0,Tomato (Vegetative),0.85,50.0,63.8,HEALTHY,1,25.0
2026-02-16 13:00:00,esp32-field-01,HOT_HIGH_ET0,25.87,2410,26.12,73.88,HEALTHY,41.66,22.8,0.0,1.26,8.09,0.1,0,Tomato (Vegetative),0.85,50.0,63.8,HEALTHY,1,40.0
2026-02-16 14:00:00,esp32-field-01,HOT_HIGH_ET0,25.7,2406,25.53,74.47,HEALTHY,41.75,23.0,0.0,1.76,8.25,65.0,1,Tomato (Vegetative),0.85,50.0,63.8,HEALTHY,0,0.0
2026-02-16 15:00:00,esp32-field-01,HOT_HIGH_ET0,25.62,2422,25.44,74.56,HEALTHY,41.33,20.0,0.0,0.15,8.16,1.6,0,Tomato (Vegetative),0.85,50.0,63.8,HEALTHY,1,30.0
2026-02-16 16:00:00,esp32-field-01,HOT_HIGH_ET0,25.59,2422,25.24,74.76,HEALTHY,41.11,21.7,0.0,0.22,7.95,1.2,0,Tomato (Vegetative),0.85,50.0,63.8,HEALTHY,1,30.0
2026-02-16 17:00:00,esp32-field-01,HOT_HIGH_ET0,25.62,2414,25.56,74.44,HEALTHY,39.13,27.9,0.0,3.68,8.05,2.1,0,Tomato (Vegetative),0.85,50.0,63.8,HEALTHY,1,40.0
2026-02-16 18:00:00,esp32-field-01,HOT_HIGH_ET0,25.69,2383,26.76,73.24,HEALTHY,37.84,31.1,0.0,0.42,7.01,1.8,0,Tomato (Vegetative),0.85,50.0,63.8,HEALTHY,1,30.0
2026-02-16 19:00:00,esp32-field-01,HOT_HIGH_ET0,25.74,2430,25.0,75.0,HEALTHY,34.84,35.4,0.0,0.95,6.94,7.5,0,Tomato (Vegetative),0.85,50.0,63.8,HEALTHY,1,25.0
2026-02-16 20:00:00,esp32-field-01,HOT_HIGH_ET0,25.81,2407,25.76,74.24,HEALTHY,32.67,43.5,0.0,0.03,6.65,1.6,0,Tomato (Vegetative),0.85,50.0,63.8,HEALTHY,1,40.0
2026-02-16 21:00:00,esp32-field-01,HOT_HIGH_ET0,25.89,2420,25.94,74.06,HEALTHY,32.58,47.6,0.0,2.23,6.19,0.8,0,Tomato (Vegetative),0.85,50.0,63.8,HEALTHY,1,40.0
2026-02-16 22:00:00,esp32-field-01,HOT_HIGH_ET0,25.95,2398,26.42,73.58,HEALTHY,29.88,50.9,0.0,3.61,5.88,0.9,0,Tomato (Vegetative),0.85,50.0,63.7,HEALTHY,1,30.0
2026-02-16 23:00:00,esp32-field-01,HOT_HIGH_ET0,26.03,2386,26.79,73.21,HEALTHY,28.21,51.5,0.0,0.89,5.62,2.5,0,Tomato (Vegetative),0.85,50.0,63.7,HEALTHY,1,40.0
2026-02-17 00:00:00,esp32-field-01,HOT_HIGH_ET0,26.11,2379,27.8,72.2,HEALTHY,27.08,54.8,0.0,1.41,5.26,0.1,0,Tomato (Vegetative),0.85,50.0,63.7,HEALTHY,1,40.0
2026-02-17 01:00:00,esp32-field-01,HOT_HIGH_ET0,26.16,2443,24.12,75.88,HEALTHY,26.72,56.9,0.0,2.12,5.15,3.2,0,Tomato (Vegetative),0.85,50.0,63.7,HEALTHY,1,25.0
2026-02-17 02:00:00,esp32-field-01,HOT_HIGH_ET0,26.24,2402,26.02,73.98,HEALTHY,25.52,59.7,0.0,1.68,5.01,0.1,0,Tomato (Vegetative),0.85,50.0,63.7,HEALTHY,1,40.0
2026-02-17 03:00:00,esp32-field-01,HOT_HIGH_ET0,26.3,2392,27.78,72.22,HEALTHY,25.37,60.6,0.0,0.04,5.01,2.4,0,Tomato (Vegetative),0.85,50.0,63.7,HEALTHY,1,30.0
2026-02-17 04:00:00,esp32-field-01,HOT_HIGH_ET0,26.34,2400,27.29,72.71,HEALTHY,28.11,52.6,0.0,0.42,6.12,1.0,0,Tomato (Vegetative),0.85,50.0,63.7,HEALTHY,1,25.0
2026-02-17 05:00:00,esp32-field-01,HOT_HIGH_ET0,26.4,2421,25.89,74.11,HEALTHY,28.1,50.0,0.0,0.65,5.31,0.2,0,Tomato (Vegetative),0.85,50.0,63.7,HEALTHY,1,30.0
2026-02-17 06:00:00,esp32-field-01,HOT_HIGH_ET0,26.48,2400,26.24,73.76,HEALTHY,29.69,51.9,0.0,0.47,5.62,3.8,0,Tomato (Vegetative),0.85,50.0,63.7,HEALTHY,1,40.0
2026-02-17 07:00:00,esp32-field-01,HOT_HIGH_ET0,26.49,2395,26.78,73.22,HEALTHY,32.32,43.7,0.0,0.53,6.85,6.3,0,Tomato (Vegetative),0.85,50.0,63.6,HEALTHY,1,25.0
2026-02-17 08:00:00,esp32-field-01,HOT_HIGH_ET0,26.49,2403,25.9,74.1,HEALTHY,33.87,40.8,0.0,0.18,7.34,1.0,0,Tomato (Vegetative),0.85,50.0,63.6,HEALTHY,1,40.0
2026-02-17 09:00:00,esp32-field-01,HOT_HIGH_ET0,26.42,2386,26.34,73.66,HEALTHY,36.36,36.3,0.0,0.9,7.58,2.7,0,Tomato (Vegetative),0.85,50.0,63.6,HEALTHY,1,30.0
2026-02-17 10:00:00,esp32-field-01,HOT_HIGH_ET0,26.32,2442,24.12,75.88,HEALTHY,37.49,29.2,0.0,1.36,7.38,3.4,0,Tomato (Vegetative),0.85,50.0,63.6,HEALTHY,1,25.0
2026-02-17 11:00:00,esp32-field-01,HOT_HIGH_ET0,26.2,2370,27.12,72.88,HEALTHY,37.89,27.5,0.0,0.42,7.87,8.8,0,Tomato (Vegetative),0.85,50.0,63.6,HEALTHY,1,30.0
2026-02-17 12:00:00,esp32-field-01,HOT_HIGH_ET0,26.07,2422,24.95,75.05,HEALTHY,40.73,27.7,0.0,6.63,7.8,0.1,0,Tomato (Vegetative),0.85,50.0,63.6,HEALTHY,1,30.0
2026-02-17 13:00:00,esp32-field-01,HOT_HIGH_ET0,25.93,2417,25.35,74.65,HEALTHY,40.35,25.3,0.0,1.1,8.09,5.6,0,Tomato (Vegetative),0.85,50.0,63.6,HEALTHY,1,25.0
2026-02-17 14:00:00,esp32-field-01,HOT_HIGH_ET0,25.82,2414,26.17,73.83,HEALTHY,42.1,25.1,0.0,4.25,7.72,0.8,0,Tomato (Vegetative),0.85,50.0,63.6,HEALTHY,1,25.0
2026-02-17 15:00:00,esp32-field-01,HOT_HIGH_ET0,25.76,2420,25.91,74.09,HEALTHY,41.22,20.0,0.0,3.09,8.25,11.1,0,Tomato (Vegetative),0.85,50.0,63.6,HEALTHY,1,40.0
2026-02-17 16:00:00,esp32-field-01,HOT_HIGH_ET0,25.73,2389,25.73,74.27,HEALTHY,40.91,20.4,0.0,0.88,8.25,3.0,0,Tomato (Vegetative),0.85,50.0,63.6,HEALTHY,1,30.0
2026-02-17 17:00:00,esp32-field-01,HOT_HIGH_ET0,25.73,2398,26.26,73.74,HEALTHY,39.71,24.4,0.0,0.94,7.92,1.4,0,Tomato (Vegetative),0.85,50.0,63.5,HEALTHY,1,25.0
2026-02-17 18:00:00,esp32-field-01,HOT_HIGH_ET0,25.79,2427,25.63,74.37,HEALTHY,37.31,29.3,0.0,1.45,7.34,2.8,0,Tomato (Vegetative),0.85,50.0,63.5,HEALTHY,1,25.0
2026-02-17 19:00:00,esp32-field-01,HOT_HIGH_ET0,25.87,2436,24.82,75.18,HEALTHY,36.42,38.7,0.0,1.24,7.32,1.1,0,Tomato (Vegetative),0.85,50.0,63.5,HEALTHY,1,40.0
2026-02-17 20:00:00,esp32-field-01,HOT_HIGH_ET0,25.94,2381,26.87,73.13,HEALTHY,33.74,44.1,0.0,2.73,6.9,0.6,0,Tomato (Vegetative),0.85,50.0,63.5,HEALTHY,1,40.0
2026-02-17 21:00:00,esp32-field-01,HOT_HIGH_ET0,26.02,2412,26.69,73.31,HEALTHY,32.91,46.4,0.0,1.0,6.95,1.5,0,Tomato (Vegetative),0.85,50.0,63.5,HEALTHY,1,40.0
2026-02-17 22:00:00,esp32-field-01,HOT_HIGH_ET0,26.07,2391,26.98,73.02,HEALTHY,30.57,46.0,0.0,0.78,5.95,6.6,0,Tomato (Vegetative),0.85,50.0,63.5,HEALTHY,1,25.0
2026-02-17 23:00:00,esp32-field-01,HOT_HIGH_ET0,26.15,2441,24.74,75.26,HEALTHY,28.9,53.2,0.0,0.72,6.03,0.3,0,Tomato (Vegetative),0.85,50.0,63.5,HEALTHY,1,40.0
2026-02-18 00:00:00,esp32-field-01,HOT_HIGH_ET0,26.2,2396,26.21,73.79,HEALTHY,27.33,57.4,0.0,1.43,5.61,3.8,0,Tomato (Vegetative),0.85,50.0,63.5,HEALTHY,1,30.0
2026-02-18 01:00:00,esp32-field-01,HOT_HIGH_ET0,26.25,2387,26.46,73.54,HEALTHY,25.2,55.8,0.0,5.08,4.46,6.7,0,Tomato (Vegetative),0.85,50.0,63.5,HEALTHY,1,25.0
2026-02-18 02:00:00,esp32-field-01,HOT_HIGH_ET0,26.33,2429,25.35,74.65,HEALTHY,26.95,60.4,0.0,4.7,5.5,6.4,0,Tomato (Vegetative),0.85,50.0,63.5,HEALTHY,1,40.0
2026-02-18 03:00:00,esp32-field-01,HOT_HIGH_ET0,26.38,2432,26.04,73.96,HEALTHY,27.12,55.7,0.0,2.8,5.58,1.3,0,Tomato (Vegetative),0.85,50.0,63.5,HEALTHY,1,25.0
2026-02-18 04:00:00,esp32-field-01,HOT_HIGH_ET0,26.44,2401,26.76,73.24,HEALTHY,27.8,55.0,0.0,1.16,5.79,1.2,0,Tomato (Vegetative),0.85,50.0,63.4,HEALTHY,1,30.0
2026-02-18 05:00:00,esp32-field-01,HOT_HIGH_ET0,26.52,2390,26.78,73.22,HEALTHY,29.15,57.1,0.0,0.08,5.78,3.0,0,Tomato (Vegetative),0.85,50.0,63.4,HEALTHY,1,40.0
2026-02-18 06:00:00,esp32-field-01,HOT_HIGH_ET0,26.51,2386,27.13,72.87,HEALTHY,29.4,50.0,0.0,2.07,5.98,0.0,0,Tomato (Vegetative),0.85,50.0,63.4,HEALTHY,0,0.0
2026-02-18 07:00:00,esp32-field-01,HOT_HIGH_ET0,26.46,2393,26.91,73.09,HEALTHY,31.78,44.0,0.0,1.72,6.35,6.3,0,Tomato (Vegetative),0.85,50.0,63.4,HEALTHY,0,0.0
2026-02-18 08:00:00,esp32-field-01,HOT_HIGH_ET0,26.43,2451,24.99,75.01,HEALTHY,33.58,41.0,0.0,0.45,7.04,0.0,0,Tomato (Vegetative),0.85,50.0,63.4,HEALTHY,1,25.0
2026-02-18 09:00:00,esp32-field-01,HOT_HIGH_ET0,26.39,2409,26.18,73.82,HEALTHY,36.31,31.8,0.0,1.74,7.31,2.6,0,Tomato (Vegetative),0.85,50.0,63.4,HEALTHY,1,40.0
2026-02-18 10:00:00,esp32-field-01,HOT_HIGH_ET0,26.29,2391,27.28,72.72,HEALTHY,37.88,28.2,0.0,0.24,7.43,1.7,0,Tomato (Vegetative),0.85,50.0,63.4,HEALTHY,1,25.0
2026-02-18 11:00:00,esp32-field-01,HOT_HIGH_ET0,26.14,2415,26.27,73.73,HEALTHY,38.17,28.9,0.0,0.31,8.33,3.2,0,Tomato (Vegetative),0.85,50.0,63.4,HEALTHY,1,25.0
2026-02-18 12:00:00,esp32-field-01,HOT_HIGH_ET0,26.04,2418,25.61,74.39,HEALTHY,40.48,25.3,0.0,1.43,7.84,5.4,0,Tomato (Vegetative),0.85,50.0,63.4,HEALTHY,1,40.0
2026-02-18 13:00:00,esp32-field-01,HOT_HIGH_ET0,25.93,2361,27.92,72.08,HEALTHY,40.5,25.0,0.0,0.93,8.17,1.6,0,Tomato (Vegetative),0.85,50.0,63.4,HEALTHY,1,40.0
2026-02-18 14:00:00,esp32-field-01,HOT_HIGH_ET0,25.84,2403,25.52,74.48,HEALTHY,40.1,23.4,0.0,3.92,8.08,10.5,0,Tomato (Vegetative),0.85,50.0,63.3,HEALTHY,1,40.0
2026-02-18 15:00:00,esp32-field-01,HOT_HIGH_ET0,25.76,2416,26.1,73.9,HEALTHY,40.67,22.3,0.0,1.71,7.86,3.7,0,Tomato (Vegetative),0.85,50.0,63.3,HEALTHY,1,25.0
2026-02-18 16:00:00,esp32-field-01,HOT_HIGH_ET0,25.73,2422,25.19,74.81,HEALTHY,39.54,20.0,0.0,0.73,7.89,1.5,0,Tomato (Vegetative),0.85,50.0,63.3,HEALTHY,1,30.0
2026-02-18 17:00:00,esp32-field-01,HOT_HIGH_ET0,25.75,2419,25.06,74.94,HEALTHY,39.2,25.1,0.0,2.45,7.8,4.7,0,Tomato (Vegetative),0.85,50.0,63.3,HEALTHY,1,30.0
2026-02-18 18:00:00,esp32-field-01,HOT_HIGH_ET0,25.81,2385,26.17,73.83,HEALTHY,38.84,31.2,0.0,1.6,7.87,0.6,0,Tomato (Vegetative),0.85,50.0,63.3,HEALTHY,1,30.0
2026-02-18 19:00:00,esp32-field-01,HOT_HIGH_ET0,25.89,2395,24.95,75.05,HEALTHY,35.79,30.9,0.0,0.67,6.83,1.1,0,Tomato (Vegetative),0.85,50.0,63.3,HEALTHY,1,40.0
2026-02-18 20:00:00,esp32-field-01,HOT_HIGH_ET0,25.95,2372,27.32,72.68,HEALTHY,35.33,36.6,0.0,0.02,6.79,2.7,0,Tomato (Vegetative),0.85,50.0,63.3,HEALTHY,1,30.0
2026-02-18 21:00:00,esp32-field-01,HOT_HIGH_ET0,25.99,2402,26.99,73.01,HEALTHY,31.54,44.5,0.0,0.76,6.39,1.6,0,Tomato (Vegetative),0.85,50.0,63.3,HEALTHY,1,25.0
2026-02-18 22:00:00,esp32-field-01,HOT_HIGH_ET0,26.07,2417,25.42,74.58,HEALTHY,30.69,49.1,0.0,1.71,5.96,2.8,0,Tomato (Vegetative),0.85,50.0,63.3,HEALTHY,1,40.0
2026-02-18 23:00:00,esp32-field-01,HOT_HIGH_ET0,26.12,2426,25.56,74.44,HEALTHY,29.49,55.7,0.0,1.72,5.58,2.3,0,Tomato (Vegetative),0.85,50.0,63.2,HEALTHY,1,25.0
2026-02-19 00:00:00,esp32-field-01,HOT_HIGH_ET0,26.17,2383,26.7,73.3,HEALTHY,26.57,51.8,0.0,0.5,5.59,6.9,0,Tomato (Vegetative),0.85,50.0,63.2,HEALTHY,1,25.0
2026-02-19 01:00:00,esp32-field-01,HOT_HIGH_ET0,26.21,2391,26.34,73.66,HEALTHY,26.91,58.0,0.0,0.63,5.39,2.7,0,Tomato (Vegetative),0.85,50.0,63.2,HEALTHY,1,25.0
2026-02-19 02:00:00,esp32-field-01,HOT_HIGH_ET0,26.29,2373,27.13,72.87,HEALTHY,27.25,57.8,0.0,0.4,5.81,3.3,0,Tomato (Vegetative),0.85,50.0,63.2,HEALTHY,1,40.0
2026-02-19 03:00:00,esp32-field-01,HOT_HIGH_ET0,26.37,2426,24.5,75.5,HEALTHY,27.86,56.7,0.0,0.49,6.02,2.4,0,Tomato (Vegetative),0.85,50.0,63.2,HEALTHY,1,40.0
2026-02-19 04:00:00,esp32-field-01,HOT_HIGH_ET0,26.43,2393,26.86,73.14,HEALTHY,29.04,53.7,0.0,0.49,5.73,0.9,0,Tomato (Vegetative),0.85,50.0,63.2,HEALTHY,1,30.0
2026-02-19 05:00:00,esp32-field-01,HOT_HIGH_ET0,26.51,2409,25.81,74.19,HEALTHY,28.92,55.8,0.0,1.25,5.84,3.1,0,Tomato (Vegetative),0.85,50.0,63.2,HEALTHY,1,40.0
2026-02-19 06:00:00,esp32-field-01,HOT_HIGH_ET0,26.5,2409,26.15,73.85,HEALTHY,31.98,48.1,0.0,0.49,6.34,2.5,0,Tomato (Vegetative),0.85,50.0,63.2,HEALTHY,0,0.0
2026-02-19 07:00:00,esp32-field-01,HOT_HIGH_ET0,26.52,2391,25.71,74.29,HEALTHY,31.83,46.2,0.0,0.26,6.79,1.0,0,Tomato (Vegetative),0.85,50.0,63.2,HEALTHY,1,30.0
2026-02-19 08:00:00,esp32-field-01,HOT_HIGH_ET0,26.43,2378,27.04,72.96,HEALTHY,34.45,37.5,0.0,0.91,6.84,1.0,0,Tomato (Vegetative),0.85,50.0,63.2,HEALTHY,0,0.0
2026-02-19 09:00:00,esp32-field-01,HOT_HIGH_ET0,26.37,2435,25.81,74.19,HEALTHY,35.4,35.2,0.0,1.39,7.02,0.9,0,Tomato (Vegetative),0.85,50.0,63.1,HEALTHY,1,25.0
2026-02-19 10:00:00,esp32-field-01,HOT_HIGH_ET0,26.26,2412,26.02,73.98,HEALTHY,38.1,32.2,0.0,1.31,7.45,0.3,0,Tomato (Vegetative),0.85,50.0,63.1,HEALTHY,1,25.0
2026-02-19 11:00:00,esp32-field-01,HOT_HIGH_ET0,26.14,2394,26.8,73.2,HEALTHY,39.92,25.5,0.0,3.28,7.84,1.7,0,Tomato (Vegetative),0.85,50.0,63.1,HEALTHY,1,30.0
2026-02-19 12:00:00,esp32-field-01,HOT_HIGH_ET0,25.99,2424,24.79,75.21,HEALTHY,40.86,21.4,0.0,2.52,8.64,2.2,0,Tomato (Vegetative),0.85,50.0,63.1,HEALTHY,1,30.0
2026-02-19 13:00:00,esp32-field-01,HOT_HIGH_ET0,25.85,2425,25.29,74.71,HEALTHY,40.89,20.0,0.0,2.09,7.98,0.3,0,Tomato (Vegetative),0.85,50.0,63.1,HEALTHY,1,25.0
2026-02-19 14:00:00,esp32-field-01,HOT_HIGH_ET0,25.77,2408,25.38,74.62,HEALTHY,41.85,20.0,0.0,1.63,7.88,0.6,0,Tomato (Vegetative),0.85,50.0,63.1,HEALTHY,1,40.0
2026-02-19 15:00:00,esp32-field-01,HOT_HIGH_ET0,25.68,2412,26.05,73.95,HEALTHY,41.28,20.0,0.0,1.06,8.35,0.1,0,Tomato (Vegetative),0.85,50.0,63.1,HEALTHY,1,25.0
2026-02-19 16:00:00,esp32-field-01,HOT_HIGH_ET0,25.65,2434,24.47,75.53,HEALTHY,39.79,22.0,0.0,0.95,8.23,0.9,0,Tomato (Vegetative),0.85,50.0,63.1,HEALTHY,1,30.0
2026-02-19 17:00:00,esp32-field-01,HOT_HIGH_ET0,25.65,2412,25.7,74.3,HEALTHY,38.99,28.6,0.0,0.58,7.26,0.3,0,Tomato (Vegetative),0.85,50.0,63.1,HEALTHY,1,25.0
2026-02-19 18:00:00,esp32-field-01,HOT_HIGH_ET0,25.71,2402,26.57,73.43,HEALTHY,38.2,32.7,0.0,1.08,7.8,3.3,0,Tomato (Vegetative),0.85,50.0,63.1,HEALTHY,1,25.0
2026-02-19 19:00:00,esp32-field-01,HOT_HIGH_ET0,25.75,2402,26.04,73.96,HEALTHY,35.21,38.6,0.0,4.11,7.19,3.0,0,Tomato (Vegetative),0.85,50.0,63.0,HEALTHY,1,25.0
2026-02-19 20:00:00,esp32-field-01,HOT_HIGH_ET0,25.83,2442,25.39,74.61,HEALTHY,34.82,41.0,0.0,1.43,6.69,4.0,0,Tomato (Vegetative),0.85,50.0,63.0,HEALTHY,1,40.0
2026-02-19 21:00:00,esp32-field-01,HOT_HIGH_ET0,25.89,2377,27.31,72.69,HEALTHY,31.91,43.9,0.0,0.06,6.24,4.8,0,Tomato (Vegetative),0.85,50.0,63.0,HEALTHY,1,30.0
2026-02-19 22:00:00,esp32-field-01,HOT_HIGH_ET0,25.95,2411,25.34,74.66,HEALTHY,30.1,55.7,0.0,0.7,6.17,1.4,0,Tomato (Vegetative),0.85,50.0,63.0,HEALTHY,1,30.0
2026-02-19 23:00:00,esp32-field-01,HOT_HIGH_ET0,25.99,2439,24.68,75.32,HEALTHY,28.76,51.9,0.0,1.36,5.92,2.0,0,Tomato (Vegetative),0.85,50.0,63.0,HEALTHY,1,25.0
2026-02-20 00:00:00,esp32-field-01,HOT_HIGH_ET0,26.05,2412,25.13,74.87,HEALTHY,27.84,49.4,0.0,4.06,5.61,2.8,0,Tomato (Vegetative),0.85,50.0,63.0,HEALTHY,1,30.0
2026-02-20 01:00:00,esp32-field-01,HOT_HIGH_ET0,26.13,2404,26.25,73.75,HEALTHY,26.56,57.0,0.0,1.6,5.03,1.1,0,Tomato (Vegetative),0.85,50.0,63.0,HEALTHY,1,40.0
2026-02-20 02:00:00,esp32-field-01,HOT_HIGH_ET0,26.19,2379,27.36,72.64,HEALTHY,25.38,59.1,0.0,0.98,5.13,0.5,0,Tomato (Vegetative),0.85,50.0,63.0,HEALTHY,1,30.0
2026-02-20 03:00:00,esp32-field-01,HOT_HIGH_ET0,26.27,2395,27.02,72.98,HEALTHY,25.77,53.0,0.0,1.47,5.24,4.8,0,Tomato (Vegetative),0.85,50.0,63.0,HEALTHY,1,40.0
2026-02-20 04:00:00,esp32-field-01,HOT_HIGH_ET0,26.31,2424,26.41,73.59,HEALTHY,28.57,54.6,0.0,1.22,6.04,0.2,0,Tomato (Vegetative),0.85,50.0,63.0,HEALTHY,1,25.0
2026-02-20 05:00:00,esp32-field-01,HOT_HIGH_ET0,26.36,2406,25.34,74.66,HEALTHY,27.96,49.7,0.0,1.21,5.65,4.9,0,Tomato (Vegetative),0.85,50.0,63.0,HEALTHY,1,25.0
2026-02-20 06:00:00,esp32-field-01,HOT_HIGH_ET0,26.42,2396,26.47,73.53,HEALTHY,30.7,52.2,0.0,0.17,5.82,1.4,0,Tomato (Vegetative),0.85,50.0,62.9,HEALTHY,1,30.0
2026-02-20 07:00:00,esp32-field-01,HOT_HIGH_ET0,26.47,2402,27.63,72.37,HEALTHY,32.74,42.2,0.0,3.59,6.4,0.5,0,Tomato (Vegetative),0.85,50.0,62.9,HEALTHY,1,40.0
2026-02-20 08:00:00,esp32-field-01,HOT_HIGH_ET0,26.47,2394,26.51,73.49,HEALTHY,34.2,40.5,0.0,2.84,6.96,0.4,0,Tomato (Vegetative),0.85,50.0,62.9,HEALTHY,1,40.0
2026-02-20 09:00:00,esp32-field-01,HOT_HIGH_ET0,26.41,2415,24.87,75.13,HEALTHY,36.69,35.6,0.0,3.75,7.44,3.7,0,Tomato (Vegetative),0.85,50.0,62.9,HEALTHY,1,30.0
2026-02-20 10:00:00,esp32-field-01,HOT_HIGH_ET0,26.3,2400,27.42,72.58,HEALTHY,39.34,31.5,0.0,0.62,7.81,2.3,0,Tomato (Vegetative),0.85,50.0,62.9,HEALTHY,1,30.0
2026-02-20 11:00:00,esp32-field-01,HOT_HIGH_ET0,26.21,2416,26.74,73.26,HEALTHY,38.26,29.1,0.0,1.72,7.67,4.8,0,Tomato (Vegetative),0.85,50.0,62.9,HEALTHY,1,40.0
2026-02-20 12:00:00,esp32-field-01,HOT_HIGH_ET0,26.06,2413,25.49,74.51,HEALTHY,40.22,24.0,0.0,0.19,7.95,0.4,0,Tomato (Vegetative),0.85,50.0,62.9,HEALTHY,1,25.0
2026-02-20 13:00:00,esp32-field-01,HOT_HIGH_ET0,25.95,2399,27.07,72.93,HEALTHY,41.77,20.7,0.0,0.83,8.48,0.8,0,Tomato (Vegetative),0.85,50.0,62.9,HEALTHY,1,40.0
2026-02-20 14:00:00,esp32-field-01,HOT_HIGH_ET0,25.84,2422,25.66,74.34,HEALTHY,41.15,21.6,0.0,0.88,8.34,0.2,0,Tomato (Vegetative),0.85,50.0,62.9,HEALTHY,1,30.0
2026-02-20 15:00:00,esp32-field-01,HOT_HIGH_ET0,25.76,2367,27.9,72.1,HEALTHY,41.06,21.9,0.0,1.1,8.16,7.2,0,Tomato (Vegetative),0.85,50.0,62.9,HEALTHY,1,30.0
2026-02-20 16:00:00,esp32-field-01,HOT_HIGH_ET0,25.72,2446,25.15,74.85,HEALTHY,40.91,25.1,0.0,1.44,8.03,5.1,0,Tomato (Vegetative),0.85,50.0,62.8,HEALTHY,1,25.0
2026-02-20 17:00:00,esp32-field-01,HOT_HIGH_ET0,25.73,2413,26.21,73.79,HEALTHY,39.96,29.2,0.0,5.67,8.09,1.6,0,Tomato (Vegetative),0.85,50.0,62.8,HEALTHY,1,30.0
2026-02-20 18:00:00,esp32-field-01,HOT_HIGH_ET0,25.79,2404,25.44,74.56,HEALTHY,36.83,32.3,0.0,1.71,6.97,0.4,0,Tomato (Vegetative),0.85,50.0,62.8,HEALTHY,1,25.0
2026-02-20 19:00:00,esp32-field-01,HOT_HIGH_ET0,25.83,2409,27.38,72.62,HEALTHY,34.64,35.4,0.0,1.51,6.86,1.8,0,Tomato (Vegetative),0.85,50.0,62.8,HEALTHY,1,25.0
2026-02-20 20:00:00,esp32-field-01,HOT_HIGH_ET0,25.91,2395,26.11,73.89,HEALTHY,33.15,38.6,0.0,3.85,6.57,0.5,0,Tomato (Vegetative),0.85,50.0,62.8,HEALTHY,1,40.0
2026-02-20 21:00:00,esp32-field-01,HOT_HIGH_ET0,25.96,2413,25.25,74.75,HEALTHY,31.77,42.7,0.0,0.81,6.73,2.6,0,Tomato (Vegetative),0.85,50.0,62.8,HEALTHY,1,30.0
2026-02-20 22:00:00,esp32-field-01,HOT_HIGH_ET0,26.01,2376,27.66,72.34,HEALTHY,31.11,45.2,0.0,0.78,6.5,3.4,0,Tomato (Vegetative),0.85,50.0,62.8,HEALTHY,1,25.0
2026-02-20 23:00:00,esp32-field-01,HOT_HIGH_ET0,26.07,2379,27.58,72.42,HEALTHY,28.35,55.6,0.0,0.32,5.4,1.3,0,Tomato (Vegetative),0.85,50.0,62.8,HEALTHY,1,30.0
2026-02-21 00:00:00,esp32-field-01,HOT_HIGH_ET0,26.11,2410,25.75,74.25,HEALTHY,26.62,55.2,0.0,9.08,5.06,7.1,0,Tomato (Vegetative),0.85,50.0,62.8,HEALTHY,1,25.0
2026-02-21 01:00:00,esp32-field-01,HOT_HIGH_ET0,26.17,2404,25.76,74.24,HEALTHY,26.43,59.4,0.0,2.71,5.45,2.5,0,Tomato (Vegetative),0.85,50.0,62.8,HEALTHY,1,30.0
2026-02-21 02:00:00,esp32-field-01,HOT_HIGH_ET0,26.25,2375,28.31,71.69,HEALTHY,26.41,56.6,0.0,4.78,5.45,2.3,0,Tomato (Vegetative),0.85,50.0,62.7,HEALTHY,1,40.0
2026-02-21 03:00:00,esp32-field-01,HOT_HIGH_ET0,26.3,2423,25.49,74.51,HEALTHY,26.94,55.4,0.0,3.88,5.28,1.5,0,Tomato (Vegetative),0.85,50.0,62.7,HEALTHY,1,25.0
2026-02-21 04:00:00,esp32-field-01,HOT_HIGH_ET0,26.36,2440,25.18,74.82,HEALTHY,28.74,53.7,0.0,1.95,5.55,0.4,0,Tomato (Vegetative),0.85,50.0,62.7,HEALTHY,1,30.0
2026-02-21 05:00:00,esp32-field-01,HOT_HIGH_ET0,26.44,2380,26.61,73.39,HEALTHY,29.24,52.8,0.0,1.16,5.81,0.5,0,Tomato (Vegetative),0.85,50.0,62.7,HEALTHY,1,40.0
2026-02-21 06:00:00,esp32-field-01,HOT_HIGH_ET0,26.48,2403,25.97,74.03,HEALTHY,30.87,49.6,0.0,2.69,6.21,3.2,0,Tomato (Vegetative),0.85,50.0,62.7,HEALTHY,1,25.0
2026-02-21 07:00:00,esp32-field-01,HOT_HIGH_ET0,26.51,2387,27.35,72.65,HEALTHY,32.44,43.7,0.0,0.15,6.86,1.9,0,Tomato (Vegetative),0.85,50.0,62.7,HEALTHY,1,30.0
2026-02-21 08:00:00,esp32-field-01,HOT_HIGH_ET0,26.43,2404,25.33,74.67,HEALTHY,33.64,39.5,0.0,0.55,6.26,1.7,0,Tomato (Vegetative),0.85,50.0,62.7,HEALTHY,0,0.0
2026-02-21 09:00:00,esp32-field-01,HOT_HIGH_ET0,26.36,2399,26.37,73.63,HEALTHY,34.79,34.5,0.0,2.04,6.82,0.5,0,Tomato (Vegetative),0.85,50.0,62.7,HEALTHY,1,25.0
2026-02-21 10:00:00,esp32-field-01,HOT_HIGH_ET0,26.26,2400,26.83,73.17,HEALTHY,37.76,33.9,0.0,2.9,7.61,0.5,0,Tomato (Vegetative),0.85,50.0,62.7,HEALTHY,1,30.0
2026-02-21 11:00:00,esp32-field-01,HOT_HIGH_ET0,26.17,2395,25.37,74.63,HEALTHY,39.0,26.7,0.0,4.24,7.59,0.7,0,Tomato (Vegetative),0.85,50.0,62.6,HEALTHY,1,40.0
2026-02-21 12:00:00,esp32-field-01,HOT_HIGH_ET0,26.07,2415,25.79,74.21,HEALTHY,40.67,24.2,0.0,0.17,7.76,3.8,0,Tomato (Vegetative),0.85,50.0,62.6,HEALTHY,1,40.0
2026-02-21 13:00:00,esp32-field-01,HOT_HIGH_ET0,25.93,2408,26.04,73.96,HEALTHY,42.0,20.0,0.0,0.48,8.57,3.1,0,Tomato (Vegetative),0.85,50.0,62.6,HEALTHY,1,30.0
2026-02-21 14:00:00,esp32-field-01,HOT_HIGH_ET0,25.83,2408,25.07,74.93,HEALTHY,40.34,20.0,0.0,1.06,8.57,1.0,0,Tomato (Vegetative),0.85,50.0,62.6,HEALTHY,1,40.0
2026-02-21 15:00:00,esp32-field-01,HOT_HIGH_ET0,25.76,2381,26.7,73.3,HEALTHY,40.55,20.8,0.0,0.31,8.05,0.1,0,Tomato (Vegetative),0.85,50.0,62.6,HEALTHY,1,30.0
2026-02-21 16:00:00,esp32-field-01,HOT_HIGH_ET0,25.75,2427,24.98,75.02,HEALTHY,40.86,24.0,0.0,1.87,8.05,2.8,0,Tomato (Vegetative),0.85,50.0,62.6,HEALTHY,1,40.0
2026-02-21 17:00:00,esp32-field-01,HOT_HIGH_ET0,25.75,2425,24.47,75.53,HEALTHY,39.77,23.6,0.0,2.43,7.58,4.7,0,Tomato (Vegetative),0.85,50.0,62.6,HEALTHY,1,25.0
2026-02-21 18:00:00,esp32-field-01,HOT_HIGH_ET0,25.81,2443,25.26,74.74,HEALTHY,37.04,30.8,0.0,0.65,7.14,3.9,0,Tomato (Vegetative),0.85,50.0,62.6,HEALTHY,1,25.0
2026-02-21 19:00:00,esp32-field-01,HOT_HIGH_ET0,25.85,2419,25.87,74.13,HEALTHY,36.57,34.4,0.0,0.29,7.42,3.7,0,Tomato (Vegetative),0.85,50.0,62.6,HEALTHY,1,25.0
2026-02-21 20:00:00,esp32-field-01,HOT_HIGH_ET0,25.9,2389,27.72,72.28,HEALTHY,33.06,39.6,0.0,0.98,6.61,0.7,0,Tomato (Vegetative),0.85,50.0,62.6,HEALTHY,1,25.0
2026-02-21 21:00:00,esp32-field-01,HOT_HIGH_ET0,25.98,2407,25.16,74.84,HEALTHY,32.85,46.2,0.0,1.27,6.62,1.2,0,Tomato (Vegetative),0.85,50.0,62.5,HEALTHY,1,40.0
2026-02-21 22:00:00,esp32-field-01,HOT_HIGH_ET0,26.02,2404,26.05,73.95,HEALTHY,29.86,47.0,0.0,2.91,6.25,4.1,0,Tomato (Vegetative),0.85,50.0,62.5,HEALTHY,1,25.0
2026-02-21 23:00:00,esp32-field-01,HOT_HIGH_ET0,26.07,2428,24.95,75.05,HEALTHY,29.05,51.9,0.0,2.61,5.77,12.4,0,Tomato (Vegetative),0.85,50.0,62.5,HEALTHY,1,25.0
2026-02-22 00:00:00,esp32-field-01,HOT_HIGH_ET0,26.11,2398,25.8,74.2,HEALTHY,28.16,56.2,0.0,1.93,5.78,0.1,0,Tomato (Vegetative),0.85,50.0,62.5,HEALTHY,1,25.0
2026-02-22 01:00:00,esp32-field-01,HOT_HIGH_ET0,26.17,2419,26.97,73.03,HEALTHY,26.15,54.9,0.0,0.27,4.86,2.9,0,Tomato (Vegetative),0.85,50.0,62.5,HEALTHY,1,30.0
2026-02-22 02:00:00,esp32-field-01,HOT_HIGH_ET0,26.22,2406,25.74,74.26,HEALTHY,27.29,59.2,0.0,4.23,5.63,5.0,0,Tomato (Vegetative),0.85,50.0,62.5,HEALTHY,1,25.0
2026-02-22 03:00:00,esp32-field-01,HOT_HIGH_ET0,26.28,2399,25.3,74.7,HEALTHY,27.9,60.3,0.0,0.29,5.18,3.0,0,Tomato (Vegetative),0.85,50.0,62.5,HEALTHY,1,30.0
2026-02-22 04:00:00,esp32-field-01,HOT_HIGH_ET0,26.36,2383,26.58,73.42,HEALTHY,27.59,56.8,0.0,0.79,5.9,3.9,0,Tomato (Vegetative),0.85,50.0,62.5,HEALTHY,1,40.0
2026-02-22 05:00:00,esp32-field-01,HOT_HIGH_ET0,26.4,2404,26.51,73.49,HEALTHY,29.7,51.2,0.0,0.31,5.62,6.4,0,Tomato (Vegetative),0.85,50.0,62.5,HEALTHY,1,25.0
2026-02-22 06:00:00,esp32-field-01,HOT_HIGH_ET0,26.45,2410,26.2,73.8,HEALTHY,29.57,51.0,0.0,0.97,5.96,3.6,0,Tomato (Vegetative),0.85,50.0,62.5,HEALTHY,1,25.0
2026-02-22 07:00:00,esp32-field-01,HOT_HIGH_ET0,26.47,2399,26.48,73.52,HEALTHY,32.68,43.4,0.0,0.6,6.82,0.9,0,Tomato (Vegetative),0.85,50.0,62.5,HEALTHY,1,30.0
2026-02-22 08:00:00,esp32-field-01,HOT_HIGH_ET0,26.46,2437,24.51,75.49,HEALTHY,33.06,39.1,0.0,0.75,6.57,4.4,0,Tomato (Vegetative),0.85,50.0,62.4,HEALTHY,1,30.0
2026-02-22 09:00:00,esp32-field-01,HOT_HIGH_ET0,26.39,2381,26.35,73.65,HEALTHY,36.08,36.1,0.0,2.67,7.15,2.6,0,Tomato (Vegetative),0.85,50.0,62.4,HEALTHY,1,25.0
2026-02-22 10:00:00,esp32-field-01,HOT_HIGH_ET0,26.28,2383,28.36,71.64,HEALTHY,37.87,29.7,0.0,0.04,7.96,2.7,0,Tomato (Vegetative),0.85,50.0,62.4,HEALTHY,1,30.0
2026-02-22 11:00:00,esp32-field-01,HOT_HIGH_ET0,26.15,2408,24.92,75.08,HEALTHY,38.8,29.0,0.0,0.88,8.38,0.8,0,Tomato (Vegetative),0.85,50.0,62.4,HEALTHY,1,30.0
2026-02-22 12:00:00,esp32-field-01,HOT_HIGH_ET0,26.02,2405,26.27,73.73,HEALTHY,40.67,23.3,0.0,6.07,7.8,0.1,0,Tomato (Vegetative),0.85,50.0,62.4,HEALTHY,1,30.0
2026-02-22 13:00:00,esp32-field-01,HOT_HIGH_ET0,25.87,2405,26.89,73.11,HEALTHY,41.12,26.8,0.0,2.91,8.31,1.7,0,Tomato (Vegetative),0.85,50.0,62.4,HEALTHY,1,25.0
2026-02-22 14:00:00,esp32-field-01,HOT_HIGH_ET0,25.75,2421,26.18,73.82,HEALTHY,41.44,20.2,0.0,0.42,8.44,3.6,0,Tomato (Vegetative),0.85,50.0,62.4,HEALTHY,1,25.0
2026-02-22 15:00:00,esp32-field-01,HOT_HIGH_ET0,25.66,2428,24.8,75.2,HEALTHY,41.42,21.5,0.0,1.97,8.93,4.1,0,Tomato (Vegetative),0.85,50.0,62.4,HEALTHY,1,30.0
2026-02-22 16:00:00,esp32-field-01,HOT_HIGH_ET0,25.64,2415,25.32,74.68,HEALTHY,41.35,26.3,0.0,0.21,8.23,1.6,0,Tomato (Vegetative),0.85,50.0,62.4,HEALTHY,1,40.0
2026-02-22 17:00:00,esp32-field-01,HOT_HIGH_ET0,25.66,2407,26.28,73.72,HEALTHY,37.99,29.8,0.0,0.95,7.47,1.1,0,Tomato (Vegetative),0.85,50.0,62.4,HEALTHY,1,30.0
2026-02-22 18:00:00,esp32-field-01,HOT_HIGH_ET0,25.72,2428,25.21,74.79,HEALTHY,37.55,32.5,0.0,0.08,7.59,6.8,0,Tomato (Vegetative),0.85,50.0,62.3,HEALTHY,1,25.0
2026-02-22 19:00:00,esp32-field-01,HOT_HIGH_ET0,25.8,2411,25.19,74.81,HEALTHY,35.45,33.3,0.0,1.22,7.1,2.8,0,Tomato (Vegetative),0.85,50.0,62.3,HEALTHY,1,40.0
2026-02-22 20:00:00,esp32-field-01,HOT_HIGH_ET0,25.87,2409,26.51,73.49,HEALTHY,35.08,38.2,0.0,1.35,6.64,3.2,0,Tomato (Vegetative),0.85,50.0,62.3,HEALTHY,1,40.0
2026-02-22 21:00:00,esp32-field-01,HOT_HIGH_ET0,25.93,2397,25.58,74.42,HEALTHY,32.27,42.0,0.0,0.04,6.02,0.5,0,Tomato (Vegetative),0.85,50.0,62.3,HEALTHY,1,30.0
2026-02-22 22:00:00,esp32-field-01,HOT_HIGH_ET0,25.99,2425,24.28,75.72,HEALTHY,30.17,52.0,0.0,4.2,6.36,0.2,0,Tomato (Vegetative),0.85,50.0,62.3,HEALTHY,1,30.0
2026-02-22 23:00:00,esp32-field-01,HOT_HIGH_ET0,26.07,2361,27.29,72.71,HEALTHY,28.82,54.8,0.0,0.43,5.57,2.6,0,Tomato (Vegetative),0.85,50.0,62.3,HEALTHY,1,40.0
2026-02-23 00:00:00,esp32-field-01,HOT_HIGH_ET0,26.12,2410,26.07,73.93,HEALTHY,26.93,55.3,0.0,0.03,5.8,1.7,0,Tomato (Vegetative),0.85,50.0,62.3,HEALTHY,1,30.0
2026-02-23 01:00:00,esp32-field-01,HOT_HIGH_ET0,26.18,2410,25.88,74.12,HEALTHY,27.52,59.7,0.0,3.09,5.77,0.1,0,Tomato (Vegetative),0.85,50.0,62.3,HEALTHY,1,30.0
2026-02-23 02:00:00,esp32-field-01,HOT_HIGH_ET0,26.23,2421,26.74,73.26,HEALTHY,26.57,61.0,0.0,1.68,5.74,0.8,0,Tomato (Vegetative),0.85,50.0,62.3,HEALTHY,1,25.0
2026-02-23 03:00:00,esp32-field-01,HOT_HIGH_ET0,26.28,2416,25.98,74.02,HEALTHY,26.5,61.2,0.0,1.1,5.69,3.1,0,Tomato (Vegetative),0.85,50.0,62.2,HEALTHY,1,30.0
2026-02-23 04:00:00,esp32-field-01,HOT_HIGH_ET0,26.34,2401,27.51,72.49,HEALTHY,29.0,60.6,0.0,0.37,5.61,5.7,0,Tomato (Vegetative),0.85,50.0,62.2,HEALTHY,1,30.0
2026-02-23 05:00:00,esp32-field-01,HOT_HIGH_ET0,26.4,2417,25.63,74.37,HEALTHY,29.34,52.9,0.0,2.97,6.13,6.8,0,Tomato (Vegetative),0.85,50.0,62.2,HEALTHY,1,30.0
2026-02-23 06:00:00,esp32-field-01,HOT_HIGH_ET0,26.44,2394,25.92,74.08,HEALTHY,31.59,48.9,0.0,0.74,6.33,1.0,0,Tomato (Vegetative),0.85,50.0,62.2,HEALTHY,1,25.0
2026-02-23 07:00:00,esp32-field-01,HOT_HIGH_ET0,26.5,2403,26.42,73.58,HEALTHY,29.95,39.7,0.0,0.96,5.79,2.5,0,Tomato (Vegetative),0.85,50.0,62.2,HEALTHY,1,40.0
2026-02-23 08:00:00,esp32-field-01,HOT_HIGH_ET0,26.48,0,0.0,0.0,FAULT,34.7,42.2,0.0,0.43,6.08,2.5,0,Tomato (Vegetative),0.85,50.0,62.2,HEALTHY,1,25.0
2026-02-23 09:00:00,esp32-field-01,HOT_HIGH_ET0,26.44,2416,26.21,73.79,HEALTHY,35.93,34.2,0.0,1.22,7.26,0.7,0,Tomato (Vegetative),0.85,50.0,62.2,HEALTHY,1,40.0
2026-02-23 10:00:00,esp32-field-01,HOT_HIGH_ET0,26.35,2404,25.62,74.38,HEALTHY,35.9,31.5,0.0,3.89,7.36,0.3,0,Tomato (Vegetative),0.85,50.0,62.2,HEALTHY,1,30.0
2026-02-23 11:00:00,esp32-field-01,HOT_HIGH_ET0,26.21,2400,26.55,73.45,HEALTHY,39.72,25.8,0.0,0.13,8.03,1.0,0,Tomato (Vegetative),0.85,50.0,62.2,HEALTHY,1,25.0
2026-02-23 12:00:00,esp32-field-01,HOT_HIGH_ET0,26.07,2409,24.63,75.37,HEALTHY,39.95,20.0,0.0,0.57,8.19,4.3,0,Tomato (Vegetative),0.85,50.0,62.2,HEALTHY,1,30.0
2026-02-23 13:00:00,esp32-field-01,HOT_HIGH_ET0,25.93,2418,24.78,75.22,HEALTHY,41.8,21.5,0.0,0.09,8.03,2.0,0,Tomato (Vegetative),0.85,50.0,62.1,HEALTHY,1,25.0
2026-02-23 14:00:00,esp32-field-01,HOT_HIGH_ET0,25.82,2407,27.04,72.96,HEALTHY,41.17,21.2,0.0,0.45,8.03,6.7,0,Tomato (Vegetative),0.85,50.0,62.1,HEALTHY,1,25.0
2026-02-23 15:00:00,esp32-field-01,HOT_HIGH_ET0,25.73,2435,24.74,75.26,HEALTHY,39.88,20.0,0.0,0.13,7.75,3.7,0,Tomato (Vegetative),0.85,50.0,62.1,HEALTHY,1,25.0
2026-02-23 16:00:00,esp32-field-01,HOT_HIGH_ET0,25.7,2395,26.87,73.13,HEALTHY,41.26,24.5,0.0,0.85,7.84,1.1,0,Tomato (Vegetative),0.85,50.0,62.1,HEALTHY,1,30.0
2026-02-23 17:00:00,esp32-field-01,HOT_HIGH_ET0,25.72,2430,25.44,74.56,HEALTHY,39.11,24.4,0.0,0.45,7.69,0.9,0,Tomato (Vegetative),0.85,50.0,62.1,HEALTHY,1,30.0
2026-02-23 18:00:00,esp32-field-01,HOT_HIGH_ET0,25.81,2435,25.54,74.46,HEALTHY,37.79,28.9,0.0,2.55,7.48,0.0,0,Tomato (Vegetative),0.85,50.0,62.1,HEALTHY,1,40.0
2026-02-23 19:00:00,esp32-field-01,HOT_HIGH_ET0,25.85,2413,25.63,74.37,HEALTHY,34.99,34.8,0.0,1.08,7.31,0.4,0,Tomato (Vegetative),0.85,50.0,62.1,HEALTHY,1,25.0
2026-02-23 20:00:00,esp32-field-01,HOT_HIGH_ET0,25.93,2460,24.88,75.12,HEALTHY,34.15,39.4,0.0,0.35,6.73,0.5,0,Tomato (Vegetative),0.85,50.0,62.1,HEALTHY,1,40.0
2026-02-23 21:00:00,esp32-field-01,HOT_HIGH_ET0,25.98,2426,25.46,74.54,HEALTHY,33.8,45.6,0.0,0.6,6.81,0.9,0,Tomato (Vegetative),0.85,50.0,62.1,HEALTHY,1,25.0
2026-02-23 22:00:00,esp32-field-01,HOT_HIGH_ET0,26.02,2423,24.92,75.08,HEALTHY,31.29,48.9,0.0,0.1,6.52,1.5,0,Tomato (Vegetative),0.85,50.0,62.1,HEALTHY,1,25.0
2026-02-23 23:00:00,esp32-field-01,HOT_HIGH_ET0,26.08,2410,26.27,73.73,HEALTHY,28.99,50.6,0.0,2.31,5.73,3.3,0,Tomato (Vegetative),0.85,50.0,62.0,HEALTHY,1,30.0
2026-02-24 00:00:00,esp32-field-01,HOT_HIGH_ET0,26.12,2397,26.5,73.5,HEALTHY,27.95,53.7,0.0,1.21,5.74,8.0,0,Tomato (Vegetative),0.85,50.0,62.0,HEALTHY,1,25.0
2026-02-24 01:00:00,esp32-field-01,HOT_HIGH_ET0,26.17,2440,24.3,75.7,HEALTHY,26.42,55.4,0.0,1.91,5.19,2.2,0,Tomato (Vegetative),0.85,50.0,62.0,HEALTHY,1,25.0
2026-02-24 02:00:00,esp32-field-01,HOT_HIGH_ET0,26.22,2422,25.36,74.64,HEALTHY,26.89,57.7,0.0,2.06,5.44,1.9,0,Tomato (Vegetative),0.85,50.0,62.0,HEALTHY,1,25.0
2026-02-24 03:00:00,esp32-field-01,HOT_HIGH_ET0,26.27,2402,26.29,73.71,HEALTHY,26.87,56.6,0.0,0.06,5.27,0.6,0,Tomato (Vegetative),0.85,50.0,62.0,HEALTHY,1,25.0
2026-02-24 04:00:00,esp32-field-01,HOT_HIGH_ET0,26.31,2385,26.98,73.02,HEALTHY,26.75,59.0,0.0,3.74,5.26,1.0,0,Tomato (Vegetative),0.85,50.0,62.0,HEALTHY,1,25.0
2026-02-24 05:00:00,esp32-field-01,HOT_HIGH_ET0,26.39,2392,26.7,73.3,HEALTHY,28.18,51.6,0.0,0.84,5.45,0.2,0,Tomato (Vegetative),0.85,50.0,62.0,HEALTHY,1,40.0
2026-02-24 06:00:00,esp32-field-01,HOT_HIGH_ET0,26.47,2403,26.74,73.26,HEALTHY,29.98,49.9,0.0,1.06,6.04,1.4,0,Tomato (Vegetative),0.85,50.0,62.0,HEALTHY,1,40.0
2026-02-24 07:00:00,esp32-field-01,HOT_HIGH_ET0,26.49,2373,27.46,72.54,HEALTHY,32.15,46.8,0.0,2.15,6.66,8.0,0,Tomato (Vegetative),0.85,50.0,62.0,HEALTHY,1,25.0
2026-02-24 08:00:00,esp32-field-01,HOT_HIGH_ET0,26.46,2388,26.55,73.45,HEALTHY,33.2,44.1,0.0,0.76,6.52,0.3,0,Tomato (Vegetative),0.85,50.0,62.0,HEALTHY,1,25.0
2026-02-24 09:00:00,esp32-field-01,HOT_HIGH_ET0,26.43,2402,26.19,73.81,HEALTHY,35.25,33.6,0.0,1.35,6.96,0.2,0,Tomato (Vegetative),0.85,50.0,62.0,HEALTHY,1,40.0
2026-02-24 10:00:00,esp32-field-01,HOT_HIGH_ET0,26.33,2432,25.59,74.41,HEALTHY,37.78,29.5,0.0,0.47,7.39,2.1,0,Tomato (Vegetative),0.85,50.0,61.9,HEALTHY,1,30.0
2026-02-24 11:00:00,esp32-field-01,HOT_HIGH_ET0,26.24,2404,26.95,73.05,HEALTHY,39.26,30.4,0.0,2.67,7.43,12.0,0,Tomato (Vegetative),0.85,50.0,61.9,HEALTHY,1,40.0
2026-02-24 12:00:00,esp32-field-01,HOT_HIGH_ET0,26.09,2390,26.17,73.83,HEALTHY,40.61,21.5,0.0,1.28,8.27,3.5,0,Tomato (Vegetative),0.85,50.0,61.9,HEALTHY,1,25.0
2026-02-24 13:00:00,esp32-field-01,HOT_HIGH_ET0,25.99,2418,25.34,74.66,HEALTHY,40.81,25.2,0.0,0.16,7.85,0.2,0,Tomato (Vegetative),0.85,50.0,61.9,HEALTHY,1,40.0
2026-02-24 14:00:00,esp32-field-01,HOT_HIGH_ET0,25.88,2410,26.09,73.91,HEALTHY,40.94,20.0,0.0,0.89,8.45,0.0,0,Tomato (Vegetative),0.85,50.0,61.9,HEALTHY,1,30.0
2026-02-24 15:00:00,esp32-field-01,HOT_HIGH_ET0,25.81,2437,24.89,75.11,HEALTHY,40.52,20.5,0.0,3.63,7.84,0.6,0,Tomato (Vegetative),0.85,50.0,61.9,HEALTHY,1,30.0
2026-02-24 16:00:00,esp32-field-01,HOT_HIGH_ET0,25.8,2380,25.51,74.49,HEALTHY,39.52,24.3,0.0,0.24,7.92,3.2,0,Tomato (Vegetative),0.85,50.0,61.9,HEALTHY,1,40.0
2026-02-24 17:00:00,esp32-field-01,HOT_HIGH_ET0,25.81,2431,25.35,74.65,HEALTHY,40.43,29.4,0.0,0.3,7.93,2.4,0,Tomato (Vegetative),0.85,50.0,61.9,HEALTHY,1,30.0
2026-02-24 18:00:00,esp32-field-01,HOT_HIGH_ET0,25.88,2412,25.14,74.86,HEALTHY,38.82,27.2,0.0,1.96,8.28,10.5,0,Tomato (Vegetative),0.85,50.0,61.9,HEALTHY,1,30.0
2026-02-24 19:00:00,esp32-field-01,HOT_HIGH_ET0,25.94,2422,26.33,73.67,HEALTHY,36.62,36.6,0.0,5.21,7.34,1.6,0,Tomato (Vegetative),0.85,50.0,61.9,HEALTHY,1,30.0
2026-02-24 20:00:00,esp32-field-01,HOT_HIGH_ET0,25.99,2382,26.71,73.29,HEALTHY,34.46,40.8,0.0,2.29,7.16,1.1,0,Tomato (Vegetative),0.85,50.0,61.8,HEALTHY,1,30.0
2026-02-24 21:00:00,esp32-field-01,HOT_HIGH_ET0,26.04,2412,25.61,74.39,HEALTHY,32.41,38.2,0.0,0.07,6.36,8.4,0,Tomato (Vegetative),0.85,50.0,61.8,HEALTHY,1,25.0
2026-02-24 22:00:00,esp32-field-01,HOT_HIGH_ET0,26.09,2406,25.06,74.94,HEALTHY,30.29,48.9,0.0,1.96,6.42,3.4,0,Tomato (Vegetative),0.85,50.0,61.8,HEALTHY,1,30.0
2026-02-24 23:00:00,esp32-field-01,HOT_HIGH_ET0,26.14,2406,25.25,74.75,HEALTHY,28.55,53.6,0.0,2.13,6.12,0.9,0,Tomato (Vegetative),0.85,50.0,61.8,HEALTHY,1,25.0
2026-02-25 00:00:00,esp32-field-01,HOT_HIGH_ET0,26.19,2410,25.42,74.58,HEALTHY,27.96,60.8,0.0,1.07,5.92,1.9,0,Tomato (Vegetative),0.85,50.0,61.8,HEALTHY,1,30.0
2026-02-25 01:00:00,esp32-field-01,HOT_HIGH_ET0,26.27,2400,26.8,73.2,HEALTHY,26.85,60.1,0.0,0.16,5.35,0.9,0,Tomato (Vegetative),0.85,50.0,61.8,HEALTHY,1,40.0
2026-02-25 02:00:00,esp32-field-01,HOT_HIGH_ET0,26.35,2403,25.94,74.06,HEALTHY,27.22,59.5,0.0,0.96,5.51,2.1,0,Tomato (Vegetative),0.85,50.0,61.8,HEALTHY,1,40.0
2026-02-25 03:00:00,esp32-field-01,HOT_HIGH_ET0,26.44,2439,23.9,76.1,HEALTHY,26.5,58.0,0.0,2.36,5.33,4.2,0,Tomato (Vegetative),0.85,50.0,61.8,HEALTHY,1,40.0
2026-02-25 04:00:00,esp32-field-01,HOT_HIGH_ET0,26.49,2376,26.97,73.03,HEALTHY,27.68,54.5,0.0,0.24,5.2,0.8,0,Tomato (Vegetative),0.85,50.0,61.8,HEALTHY,1,30.0
2026-02-25 05:00:00,esp32-field-01,HOT_HIGH_ET0,26.54,2414,26.31,73.69,HEALTHY,28.16,57.3,0.0,0.07,5.44,9.4,0,Tomato (Vegetative),0.85,50.0,61.8,HEALTHY,1,25.0
2026-02-25 06:00:00,esp32-field-01,HOT_HIGH_ET0,26.53,2425,24.32,75.68,HEALTHY,30.2,45.2,0.0,1.09,6.25,2.3,0,Tomato (Vegetative),0.85,50.0,61.7,HEALTHY,0,0.0
2026-02-25 07:00:00,esp32-field-01,HOT_HIGH_ET0,26.49,2374,27.71,72.29,HEALTHY,32.52,44.6,0.0,2.46,6.55,0.6,0,Tomato (Vegetative),0.85,50.0,61.7,HEALTHY,0,0.0
2026-02-25 08:00:00,esp32-field-01,HOT_HIGH_ET0,26.49,2402,26.41,73.59,HEALTHY,34.91,39.8,0.0,0.85,7.04,0.3,0,Tomato (Vegetative),0.85,50.0,61.7,HEALTHY,1,40.0
2026-02-25 09:00:00,esp32-field-01,HOT_HIGH_ET0,26.43,2437,24.25,75.75,HEALTHY,36.59,33.7,0.0,0.91,7.2,1.3,0,Tomato (Vegetative),0.85,50.0,61.7,HEALTHY,1,30.0
2026-02-25 10:00:00,esp32-field-01,HOT_HIGH_ET0,26.36,2428,25.94,74.06,HEALTHY,36.96,29.3,0.0,1.26,7.25,4.8,0,Tomato (Vegetative),0.85,50.0,61.7,HEALTHY,1,40.0
2026-02-25 11:00:00,esp32-field-01,HOT_HIGH_ET0,26.26,2403,26.83,73.17,HEALTHY,39.64,26.9,0.0,0.06,7.92,5.3,0,Tomato (Vegetative),0.85,50.0,61.7,HEALTHY,1,40.0
2026-02-25 12:00:00,esp32-field-01,HOT_HIGH_ET0,26.15,2410,26.54,73.46,HEALTHY,40.5,23.3,0.0,0.3,7.9,0.3,0,Tomato (Vegetative),0.85,50.0,61.7,HEALTHY,1,40.0
2026-02-25 13:00:00,esp32-field-01,HOT_HIGH_ET0,26.02,2383,27.2,72.8,HEALTHY,41.24,24.0,0.0,1.24,8.32,5.1,0,Tomato (Vegetative),0.85,50.0,61.7,HEALTHY,1,30.0
2026-02-25 14:00:00,esp32-field-01,HOT_HIGH_ET0,25.9,2421,24.92,75.08,HEALTHY,42.32,25.8,0.0,0.22,8.02,0.5,0,Tomato (Vegetative),0.85,50.0,61.7,HEALTHY,1,25.0
2026-02-25 15:00:00,esp32-field-01,HOT_HIGH_ET0,25.84,2417,25.04,74.96,HEALTHY,42.38,23.3,0.0,1.02,8.63,0.1,0,Tomato (Vegetative),0.85,50.0,61.6,HEALTHY,1,40.0
2026-02-25 16:00:00,esp32-field-01,HOT_HIGH_ET0,25.8,2422,25.53,74.47,HEALTHY,39.6,23.0,0.0,0.65,7.69,1.0,0,Tomato (Vegetative),0.85,50.0,61.6,HEALTHY,1,25.0
2026-02-25 17:00:00,esp32-field-01,HOT_HIGH_ET0,25.84,2413,26.14,73.86,HEALTHY,38.21,27.7,0.0,0.29,7.93,8.7,0,Tomato (Vegetative),0.85,50.0,61.6,HEALTHY,1,40.0
2026-02-25 18:00:00,esp32-field-01,HOT_HIGH_ET0,25.89,2413,26.15,73.85,HEALTHY,38.31,30.7,0.0,0.05,7.75,1.1,0,Tomato (Vegetative),0.85,50.0,61.6,HEALTHY,1,25.0
2026-02-25 19:00:00,esp32-field-01,HOT_HIGH_ET0,25.97,2435,26.03,73.97,HEALTHY,37.33,37.7,0.0,0.51,7.04,7.6,0,Tomato (Vegetative),0.85,50.0,61.6,HEALTHY,1,40.0
2026-02-25 20:00:00,esp32-field-01,HOT_HIGH_ET0,26.05,2423,26.07,73.93,HEALTHY,33.95,38.7,0.0,2.46,6.67,2.8,0,Tomato (Vegetative),0.85,50.0,61.6,HEALTHY,1,40.0
2026-02-25 21:00:00,esp32-field-01,HOT_HIGH_ET0,26.11,2418,26.81,73.19,HEALTHY,32.24,46.2,0.0,1.45,6.11,4.0,0,Tomato (Vegetative),0.85,50.0,61.6,HEALTHY,1,30.0
2026-02-25 22:00:00,esp32-field-01,HOT_HIGH_ET0,26.15,2373,26.53,73.47,HEALTHY,30.21,44.8,0.0,0.99,5.76,1.3,0,Tomato (Vegetative),0.85,50.0,61.6,HEALTHY,1,25.0
2026-02-25 23:00:00,esp32-field-01,HOT_HIGH_ET0,26.23,2436,25.2,74.8,HEALTHY,28.62,56.3,0.0,0.85,5.36,0.6,0,Tomato (Vegetative),0.85,50.0,61.6,HEALTHY,1,40.0
2026-02-26 00:00:00,esp32-field-01,HOT_HIGH_ET0,26.31,2385,27.13,72.87,HEALTHY,26.73,55.6,0.0,1.03,5.23,6.7,0,Tomato (Vegetative),0.85,50.0,61.6,HEALTHY,1,40.0
2026-02-26 01:00:00,esp32-field-01,HOT_HIGH_ET0,26.36,2391,26.62,73.38,HEALTHY,26.6,55.4,0.0,0.79,5.43,2.3,0,Tomato (Vegetative),0.85,50.0,61.5,HEALTHY,1,25.0
2026-02-26 02:00:00,esp32-field-01,HOT_HIGH_ET0,26.42,2418,26.75,73.25,HEALTHY,26.92,58.0,0.0,0.14,5.04,15.0,0,Tomato (Vegetative),0.85,50.0,61.5,HEALTHY,1,30.0
2026-02-26 03:00:00,esp32-field-01,HOT_HIGH_ET0,26.48,2394,26.58,73.42,HEALTHY,26.86,57.2,0.0,1.23,5.45,6.4,0,Tomato (Vegetative),0.85,50.0,61.5,HEALTHY,1,30.0
2026-02-26 04:00:00,esp32-field-01,HOT_HIGH_ET0,26.53,2406,26.22,73.78,HEALTHY,27.68,57.4,0.0,0.4,5.47,1.3,0,Tomato (Vegetative),0.85,50.0,61.5,HEALTHY,1,30.0
2026-02-26 05:00:00,esp32-field-01,HOT_HIGH_ET0,26.52,2406,26.11,73.89,HEALTHY,28.44,52.5,0.0,2.07,6.07,1.8,0,Tomato (Vegetative),0.85,50.0,61.5,HEALTHY,0,0.0
2026-02-26 06:00:00,esp32-field-01,HOT_HIGH_ET0,26.51,2384,27.0,73.0,HEALTHY,30.04,51.5,0.0,0.16,6.05,4.2,0,Tomato (Vegetative),0.85,50.0,61.5,HEALTHY,0,0.0
2026-02-26 07:00:00,esp32-field-01,HOT_HIGH_ET0,26.47,2382,26.46,73.54,HEALTHY,31.09,36.6,0.0,2.31,6.07,1.7,0,Tomato (Vegetative),0.85,50.0,61.5,HEALTHY,0,0.0
2026-02-26 08:00:00,esp32-field-01,HOT_HIGH_ET0,26.48,2390,27.5,72.5,HEALTHY,32.82,37.0,0.0,0.09,6.52,12.1,0,Tomato (Vegetative),0.85,50.0,61.5,HEALTHY,1,40.0
2026-02-26 09:00:00,esp32-field-01,HOT_HIGH_ET0,26.45,2398,25.98,74.02,HEALTHY,36.82,36.8,0.0,1.59,7.06,7.6,0,Tomato (Vegetative),0.85,50.0,61.5,HEALTHY,1,40.0
2026-02-26 10:00:00,esp32-field-01,HOT_HIGH_ET0,26.33,2355,27.92,72.08,HEALTHY,38.01,25.2,0.0,0.2,7.93,1.1,0,Tomato (Vegetative),0.85,50.0,61.5,HEALTHY,1,25.0
2026-02-26 11:00:00,esp32-field-01,HOT_HIGH_ET0,26.21,2422,26.06,73.94,HEALTHY,40.72,26.1,0.0,2.13,7.91,5.7,0,Tomato (Vegetative),0.85,50.0,61.5,HEALTHY,1,30.0
2026-02-26 12:00:00,esp32-field-01,HOT_HIGH_ET0,26.05,2401,26.14,73.86,HEALTHY,40.17,27.3,0.0,6.35,8.33,1.2,0,Tomato (Vegetative),0.85,50.0,61.4,HEALTHY,1,25.0
2026-02-26 13:00:00,esp32-field-01,HOT_HIGH_ET0,25.93,2389,26.21,73.79,HEALTHY,40.91,21.8,0.0,0.66,8.04,4.5,0,Tomato (Vegetative),0.85,50.0,61.4,HEALTHY,1,30.0
2026-02-26 14:00:00,esp32-field-01,HOT_HIGH_ET0,25.81,2408,25.76,74.24,HEALTHY,41.66,24.5,0.0,0.76,8.65,13.6,0,Tomato (Vegetative),0.85,50.0,61.4,HEALTHY,1,30.0
2026-02-26 15:00:00,esp32-field-01,HOT_HIGH_ET0,25.74,2416,26.12,73.88,HEALTHY,40.81,22.8,0.0,1.3,7.48,10.0,0,Tomato (Vegetative),0.85,50.0,61.4,HEALTHY,1,30.0
2026-02-26 16:00:00,esp32-field-01,HOT_HIGH_ET0,25.7,2442,24.58,75.42,HEALTHY,41.2,24.0,0.0,3.3,8.07,2.0,0,Tomato (Vegetative),0.85,50.0,61.4,HEALTHY,1,25.0
2026-02-26 17:00:00,esp32-field-01,HOT_HIGH_ET0,25.71,2428,25.21,74.79,HEALTHY,39.1,21.5,0.0,0.19,7.87,3.2,0,Tomato (Vegetative),0.85,50.0,61.4,HEALTHY,1,30.0
2026-02-26 18:00:00,esp32-field-01,HOT_HIGH_ET0,25.78,2423,24.53,75.47,HEALTHY,36.9,31.6,0.0,1.14,7.22,3.1,0,Tomato (Vegetative),0.85,50.0,61.4,HEALTHY,1,30.0
2026-02-26 19:00:00,esp32-field-01,HOT_HIGH_ET0,25.83,2390,26.0,74.0,HEALTHY,34.95,35.2,0.0,0.8,7.0,3.1,0,Tomato (Vegetative),0.85,50.0,61.4,HEALTHY,1,25.0
2026-02-26 20:00:00,esp32-field-01,HOT_HIGH_ET0,25.88,2396,26.62,73.38,HEALTHY,33.84,44.8,0.0,6.23,6.89,0.7,0,Tomato (Vegetative),0.85,50.0,61.4,HEALTHY,1,30.0
2026-02-26 21:00:00,esp32-field-01,HOT_HIGH_ET0,25.94,2422,25.51,74.49,HEALTHY,30.82,43.7,0.0,0.33,6.04,5.9,0,Tomato (Vegetative),0.85,50.0,61.4,HEALTHY,1,30.0
2026-02-26 22:00:00,esp32-field-01,HOT_HIGH_ET0,25.99,2405,25.79,74.21,HEALTHY,30.65,47.7,0.0,1.89,6.38,0.1,0,Tomato (Vegetative),0.85,50.0,61.3,HEALTHY,1,30.0
2026-02-26 23:00:00,esp32-field-01,HOT_HIGH_ET0,26.07,2435,24.94,75.06,HEALTHY,29.02,56.0,0.0,1.61,5.7,4.9,0,Tomato (Vegetative),0.85,50.0,61.3,HEALTHY,1,40.0
2026-02-27 00:00:00,esp32-field-01,HOT_HIGH_ET0,26.12,2405,27.06,72.94,HEALTHY,27.7,53.2,0.0,0.74,5.09,3.3,0,Tomato (Vegetative),0.85,50.0,61.3,HEALTHY,1,25.0
2026-02-27 01:00:00,esp32-field-01,HOT_HIGH_ET0,26.17,2399,25.73,74.27,HEALTHY,26.47,61.2,0.0,6.65,5.44,2.9,0,Tomato (Vegetative),0.85,50.0,61.3,HEALTHY,1,25.0
2026-02-27 02:00:00,esp32-field-01,HOT_HIGH_ET0,26.23,2435,26.08,73.92,HEALTHY,26.32,56.9,0.0,1.1,5.34,2.6,0,Tomato (Vegetative),0.85,50.0,61.3,HEALTHY,1,30.0
2026-02-27 03:00:00,esp32-field-01,HOT_HIGH_ET0,26.31,2418,24.8,75.2,HEALTHY,27.82,58.3,0.0,2.42,5.69,1.1,0,Tomato (Vegetative),0.85,50.0,61.3,HEALTHY,1,40.0
2026-02-27 04:00:00,esp32-field-01,HOT_HIGH_ET0,26.39,2403,27.29,72.71,HEALTHY,27.43,56.7,0.0,3.09,5.56,2.0,0,Tomato (Vegetative),0.85,50.0,61.3,HEALTHY,1,40.0
2026-02-27 05:00:00,esp32-field-01,HOT_HIGH_ET0,26.44,2443,24.87,75.13,HEALTHY,28.47,57.0,0.0,3.23,5.88,2.5,0,Tomato (Vegetative),0.85,50.0,61.3,HEALTHY,1,30.0
2026-02-27 06:00:00,esp32-field-01,HOT_HIGH_ET0,26.52,2389,28.0,72.0,HEALTHY,32.33,50.4,0.0,4.33,6.43,2.3,0,Tomato (Vegetative),0.85,50.0,61.3,HEALTHY,1,40.0
2026-02-27 07:00:00,esp32-field-01,HOT_HIGH_ET0,26.48,2444,25.32,74.68,HEALTHY,32.1,47.7,0.0,3.17,6.4,9.4,0,Tomato (Vegetative),0.85,50.0,61.2,HEALTHY,0,0.0
2026-02-27 08:00:00,esp32-field-01,HOT_HIGH_ET0,26.46,2399,25.91,74.09,HEALTHY,34.19,44.2,0.0,0.35,6.31,3.4,0,Tomato (Vegetative),0.85,50.0,61.2,HEALTHY,1,25.0
2026-02-27 09:00:00,esp32-field-01,HOT_HIGH_ET0,26.4,2351,26.66,73.34,HEALTHY,35.53,30.7,0.0,5.3,7.23,3.3,0,Tomato (Vegetative),0.85,50.0,61.2,HEALTHY,1,30.0
2026-02-27 10:00:00,esp32-field-01,HOT_HIGH_ET0,26.3,2404,25.66,74.34,HEALTHY,36.82,35.9,0.0,0.61,6.85,2.2,0,Tomato (Vegetative),0.85,50.0,61.2,HEALTHY,1,25.0
2026-02-27 11:00:00,esp32-field-01,HOT_HIGH_ET0,26.19,2431,25.23,74.77,HEALTHY,38.24,31.6,0.0,0.9,7.67,4.9,0,Tomato (Vegetative),0.85,50.0,61.2,HEALTHY,1,30.0
2026-02-27 12:00:00,esp32-field-01,HOT_HIGH_ET0,26.07,2419,26.25,73.75,HEALTHY,40.57,28.4,0.0,1.64,8.15,6.5,0,Tomato (Vegetative),0.85,50.0,61.2,HEALTHY,1,40.0
2026-02-27 13:00:00,esp32-field-01,HOT_HIGH_ET0,25.92,2421,25.92,74.08,HEALTHY,41.49,20.0,0.0,2.08,8.69,3.9,0,Tomato (Vegetative),0.85,50.0,61.2,HEALTHY,1,25.0
2026-02-27 14:00:00,esp32-field-01,HOT_HIGH_ET0,25.81,2395,26.16,73.84,HEALTHY,41.23,20.0,0.0,0.25,8.16,1.1,0,Tomato (Vegetative),0.85,50.0,61.2,HEALTHY,1,30.0
2026-02-27 15:00:00,esp32-field-01,HOT_HIGH_ET0,25.72,2399,26.13,73.87,HEALTHY,42.47,20.0,0.0,2.01,8.41,1.5,0,Tomato (Vegetative),0.85,50.0,61.2,HEALTHY,1,25.0
2026-02-27 16:00:00,esp32-field-01,HOT_HIGH_ET0,25.71,2418,25.56,74.44,HEALTHY,39.3,26.4,0.0,0.13,7.77,2.0,0,Tomato (Vegetative),0.85,50.0,61.2,HEALTHY,1,40.0
2026-02-27 17:00:00,esp32-field-01,HOT_HIGH_ET0,25.71,2421,24.84,75.16,HEALTHY,39.68,23.7,0.0,0.22,7.97,1.7,0,Tomato (Vegetative),0.85,50.0,61.1,HEALTHY,1,25.0
2026-02-27 18:00:00,esp32-field-01,HOT_HIGH_ET0,25.8,2398,25.91,74.09,HEALTHY,36.53,31.5,0.0,3.85,7.06,1.0,0,Tomato (Vegetative),0.85,50.0,61.1,HEALTHY,1,40.0
2026-02-27 19:00:00,esp32-field-01,HOT_HIGH_ET0,25.85,2415,25.59,74.41,HEALTHY,35.76,38.5,0.0,3.57,6.96,4.0,0,Tomato (Vegetative),0.85,50.0,61.1,HEALTHY,1,25.0
2026-02-27 20:00:00,esp32-field-01,HOT_HIGH_ET0,25.93,2390,26.76,73.24,HEALTHY,33.48,38.0,0.0,3.92,7.3,1.5,0,Tomato (Vegetative),0.85,50.0,61.1,HEALTHY,1,40.0
2026-02-27 21:00:00,esp32-field-01,HOT_HIGH_ET0,25.97,2402,25.91,74.09,HEALTHY,32.79,41.3,0.0,0.22,6.54,1.3,0,Tomato (Vegetative),0.85,50.0,61.1,HEALTHY,1,25.0
2026-02-27 22:00:00,esp32-field-01,HOT_HIGH_ET0,26.02,2417,25.61,74.39,HEALTHY,30.69,45.0,0.0,1.89,6.24,2.7,0,Tomato (Vegetative),0.85,50.0,61.1,HEALTHY,1,25.0
2026-02-27 23:00:00,esp32-field-01,HOT_HIGH_ET0,26.06,2429,25.77,74.23,HEALTHY,28.49,53.8,0.0,1.4,5.3,8.4,0,Tomato (Vegetative),0.85,50.0,61.1,HEALTHY,1,25.0
2026-02-28 00:00:00,esp32-field-01,HOT_HIGH_ET0,26.12,2417,26.15,73.85,HEALTHY,28.72,52.5,0.0,0.06,5.74,0.5,0,Tomato (Vegetative),0.85,50.0,61.1,HEALTHY,1,30.0
2026-02-28 01:00:00,esp32-field-01,HOT_HIGH_ET0,26.17,2413,25.91,74.09,HEALTHY,27.03,57.1,0.0,1.07,5.18,2.3,0,Tomato (Vegetative),0.85,50.0,61.1,HEALTHY,1,25.0
2026-02-28 02:00:00,esp32-field-01,HOT_HIGH_ET0,26.21,2356,28.27,71.73,HEALTHY,26.61,61.2,0.0,1.19,5.15,0.7,0,Tomato (Vegetative),0.85,50.0,61.1,HEALTHY,1,25.0
2026-02-28 03:00:00,esp32-field-01,HOT_HIGH_ET0,26.27,2403,25.83,74.17,HEALTHY,27.1,55.3,0.0,1.24,5.63,4.1,0,Tomato (Vegetative),0.85,50.0,61.0,HEALTHY,1,30.0
2026-02-28 04:00:00,esp32-field-01,HOT_HIGH_ET0,26.35,2406,26.28,73.72,HEALTHY,27.63,63.4,0.0,1.84,5.8,2.1,0,Tomato (Vegetative),0.85,50.0,61.0,HEALTHY,1,40.0
2026-02-28 05:00:00,esp32-field-01,HOT_HIGH_ET0,26.41,2366,27.54,72.46,HEALTHY,29.1,53.5,0.0,1.56,5.58,0.9,0,Tomato (Vegetative),0.85,50.0,61.0,HEALTHY,1,30.0
2026-02-28 06:00:00,esp32-field-01,HOT_HIGH_ET0,26.49,2438,24.63,75.37,HEALTHY,31.11,50.5,0.0,1.15,6.08,1.6,0,Tomato (Vegetative),0.85,50.0,61.0,HEALTHY,1,40.0
2026-02-28 07:00:00,esp32-field-01,HOT_HIGH_ET0,26.5,2382,27.38,72.62,HEALTHY,31.39,50.0,0.0,1.49,6.18,1.8,0,Tomato (Vegetative),0.85,50.0,61.0,HEALTHY,1,25.0
2026-02-28 08:00:00,esp32-field-01,HOT_HIGH_ET0,26.42,2392,25.97,74.03,HEALTHY,34.76,35.4,0.0,1.0,7.09,3.6,0,Tomato (Vegetative),0.85,50.0,61.0,HEALTHY,0,0.0
2026-02-28 09:00:00,esp32-field-01,HOT_HIGH_ET0,26.36,2407,25.88,74.12,HEALTHY,34.91,35.7,0.0,0.49,6.85,0.8,0,Tomato (Vegetative),0.85,50.0,61.0,HEALTHY,1,30.0
2026-02-28 10:00:00,esp32-field-01,HOT_HIGH_ET0,26.27,2432,26.05,73.95,HEALTHY,37.5,35.7,0.0,2.47,7.27,0.3,0,Tomato (Vegetative),0.85,50.0,61.0,HEALTHY,1,30.0
2026-02-28 11:00:00,esp32-field-01,HOT_HIGH_ET0,26.18,2375,26.61,73.39,HEALTHY,38.19,25.1,0.0,0.22,7.59,2.0,0,Tomato (Vegetative),0.85,50.0,61.0,HEALTHY,1,40.0
2026-02-28 12:00:00,esp32-field-01,HOT_HIGH_ET0,26.02,2410,26.17,73.83,HEALTHY,40.47,22.6,0.0,0.81,8.36,0.2,0,Tomato (Vegetative),0.85,50.0,61.0,HEALTHY,1,25.0
2026-02-28 13:00:00,esp32-field-01,HOT_HIGH_ET0,25.9,2399,25.62,74.38,HEALTHY,40.85,23.3,0.0,0.09,8.05,6.7,0,Tomato (Vegetative),0.85,50.0,61.0,HEALTHY,1,30.0
2026-02-28 14:00:00,esp32-field-01,HOT_HIGH_ET0,25.81,2439,24.83,75.17,HEALTHY,40.1,20.0,0.0,1.87,8.18,0.7,0,Tomato (Vegetative),0.85,50.0,60.9,HEALTHY,1,40.0
2026-02-28 15:00:00,esp32-field-01,HOT_HIGH_ET0,25.74,2415,26.19,73.81,HEALTHY,41.24,25.4,0.0,0.57,7.93,1.6,0,Tomato (Vegetative),0.85,50.0,60.9,HEALTHY,1,30.0
2026-02-28 16:00:00,esp32-field-01,HOT_HIGH_ET0,25.72,2386,26.36,73.64,HEALTHY,40.05,27.9,0.0,1.83,8.26,0.4,0,Tomato (Vegetative),0.85,50.0,60.9,HEALTHY,1,40.0
2026-02-28 17:00:00,esp32-field-01,HOT_HIGH_ET0,25.73,2364,26.75,73.25,HEALTHY,40.34,20.0,0.0,5.16,7.97,1.7,0,Tomato (Vegetative),0.85,50.0,60.9,HEALTHY,1,25.0
2026-02-28 18:00:00,esp32-field-01,HOT_HIGH_ET0,25.82,2431,24.77,75.23,HEALTHY,36.42,30.5,0.0,0.17,7.37,0.6,0,Tomato (Vegetative),0.85,50.0,60.9,HEALTHY,1,40.0
2026-02-28 19:00:00,esp32-field-01,HOT_HIGH_ET0,25.86,2386,26.0,74.0,HEALTHY,35.87,32.1,0.0,0.19,6.93,0.2,0,Tomato (Vegetative),0.85,50.0,60.9,HEALTHY,1,25.0
2026-02-28 20:00:00,esp32-field-01,HOT_HIGH_ET0,25.94,2430,24.83,75.17,HEALTHY,34.32,38.6,0.0,2.31,6.93,5.2,0,Tomato (Vegetative),0.85,50.0,60.9,HEALTHY,1,40.0
2026-02-28 21:00:00,esp32-field-01,HOT_HIGH_ET0,25.99,2423,25.17,74.83,HEALTHY,31.07,38.2,0.0,0.77,6.44,2.0,0,Tomato (Vegetative),0.85,50.0,60.9,HEALTHY,1,25.0
2026-02-28 22:00:00,esp32-field-01,HOT_HIGH_ET0,26.04,2428,25.55,74.45,HEALTHY,30.72,48.5,0.0,0.32,6.36,1.0,0,Tomato (Vegetative),0.85,50.0,60.9,HEALTHY,1,30.0
2026-02-28 23:00:00,esp32-field-01,HOT_HIGH_ET0,26.12,2416,26.06,73.94,HEALTHY,28.51,52.2,0.0,0.31,5.47,6.7,0,Tomato (Vegetative),0.85,50.0,60.9,HEALTHY,1,40.0
2026-03-01 00:00:00,esp32-field-01,HOT_HIGH_ET0,26.2,2380,27.8,72.2,HEALTHY,25.97,54.4,0.0,1.18,4.8,15.3,0,Tomato (Vegetative),0.85,50.0,60.8,HEALTHY,1,40.0
2026-03-01 01:00:00,esp32-field-01,HOT_HIGH_ET0,26.25,2409,26.81,73.19,HEALTHY,27.1,57.8,0.0,1.31,5.53,1.2,0,Tomato (Vegetative),0.85,50.0,60.8,HEALTHY,1,25.0
2026-03-01 02:00:00,esp32-field-01,HOT_HIGH_ET0,26.31,2384,27.23,72.77,HEALTHY,26.08,60.1,0.0,1.28,5.35,5.4,0,Tomato (Vegetative),0.85,50.0,60.8,HEALTHY,1,30.0
2026-03-01 03:00:00,esp32-field-01,HOT_HIGH_ET0,26.37,2375,27.41,72.59,HEALTHY,27.06,58.5,0.0,0.76,5.34,1.6,0,Tomato (Vegetative),0.85,50.0,60.8,HEALTHY,1,30.0
2026-03-01 04:00:00,esp32-field-01,HOT_HIGH_ET0,26.45,2392,27.53,72.47,HEALTHY,25.71,55.3,0.0,2.83,4.82,8.3,0,Tomato (Vegetative),0.85,50.0,60.8,HEALTHY,1,40.0
2026-03-01 05:00:00,esp32-field-01,HOT_HIGH_ET0,26.49,2403,26.91,73.09,HEALTHY,27.1,51.7,0.0,0.63,5.8,11.0,0,Tomato (Vegetative),0.85,50.0,60.8,HEALTHY,1,25.0
2026-03-01 06:00:00,esp32-field-01,HOT_HIGH_ET0,26.54,2397,26.73,73.27,HEALTHY,31.01,47.7,0.0,6.84,6.16,1.5,0,Tomato (Vegetative),0.85,50.0,60.8,HEALTHY,1,25.0
2026-03-01 07:00:00,esp32-field-01,HOT_HIGH_ET0,26.5,2427,25.09,74.91,HEALTHY,31.21,40.1,0.0,0.32,6.05,2.3,0,Tomato (Vegetative),0.85,50.0,60.8,HEALTHY,0,0.0
2026-03-01 08:00:00,esp32-field-01,HOT_HIGH_ET0,26.47,2426,26.32,73.68,HEALTHY,33.06,35.7,0.0,3.24,7.13,0.7,0,Tomato (Vegetative),0.85,50.0,60.8,HEALTHY,1,25.0
2026-03-01 09:00:00,esp32-field-01,HOT_HIGH_ET0,26.39,2423,24.79,75.21,HEALTHY,36.47,35.1,0.0,1.32,7.4,8.3,0,Tomato (Vegetative),0.85,50.0,60.8,HEALTHY,1,25.0
2026-03-01 10:00:00,esp32-field-01,HOT_HIGH_ET0,26.3,2428,25.33,74.67,HEALTHY,37.72,29.9,0.0,0.25,7.2,0.1,0,Tomato (Vegetative),0.85,50.0,60.7,HEALTHY,1,30.0
2026-03-01 11:00:00,esp32-field-01,HOT_HIGH_ET0,26.17,2389,26.49,73.51,HEALTHY,39.67,23.0,0.0,1.01,8.02,0.0,0,Tomato (Vegetative),0.85,50.0,60.7,HEALTHY,1,25.0
2026-03-01 12:00:00,esp32-field-01,HOT_HIGH_ET0,26.06,2373,27.92,72.08,HEALTHY,39.46,24.2,0.0,1.68,7.95,2.0,0,Tomato (Vegetative),0.85,50.0,60.7,HEALTHY,1,40.0
2026-03-01 13:00:00,esp32-field-01,HOT_HIGH_ET0,25.92,2405,24.8,75.2,HEALTHY,41.24,23.0,0.0,0.06,7.96,2.0,0,Tomato (Vegetative),0.85,50.0,60.7,HEALTHY,1,25.0
2026-03-01 14:00:00,esp32-field-01,HOT_HIGH_ET0,25.79,2399,25.97,74.03,HEALTHY,41.99,20.0,0.0,3.49,8.51,2.6,0,Tomato (Vegetative),0.85,50.0,60.7,HEALTHY,1,25.0
2026-03-01 15:00:00,esp32-field-01,HOT_HIGH_ET0,25.71,2389,26.78,73.22,HEALTHY,40.67,20.5,0.0,0.84,8.35,7.6,0,Tomato (Vegetative),0.85,50.0,60.7,HEALTHY,1,30.0
2026-03-01 16:00:00,esp32-field-01,HOT_HIGH_ET0,25.7,2401,25.69,74.31,HEALTHY,40.25,23.1,0.0,0.86,8.41,0.8,0,Tomato (Vegetative),0.85,50.0,60.7,HEALTHY,1,40.0
2026-03-01 17:00:00,esp32-field-01,HOT_HIGH_ET0,25.73,2416,25.44,74.56,HEALTHY,38.49,27.7,0.0,1.77,8.1,1.1,0,Tomato (Vegetative),0.85,50.0,60.7,HEALTHY,1,40.0
2026-03-01 18:00:00,esp32-field-01,HOT_HIGH_ET0,25.82,2386,26.81,73.19,HEALTHY,37.5,28.4,0.0,1.45,7.63,0.3,0,Tomato (Vegetative),0.85,50.0,60.7,HEALTHY,1,40.0
2026-03-01 19:00:00,esp32-field-01,HOT_HIGH_ET0,25.87,2416,24.58,75.42,HEALTHY,36.06,37.2,0.0,1.93,6.84,2.7,0,Tomato (Vegetative),0.85,50.0,60.6,HEALTHY,1,25.0
2026-03-01 20:00:00,esp32-field-01,HOT_HIGH_ET0,25.94,2392,26.52,73.48,HEALTHY,35.33,39.3,0.0,0.59,7.5,0.1,0,Tomato (Vegetative),0.85,50.0,60.6,HEALTHY,1,40.0
2026-03-01 21:00:00,esp32-field-01,HOT_HIGH_ET0,26.02,2409,25.49,74.51,HEALTHY,30.78,41.1,0.0,0.32,6.25,2.1,0,Tomato (Vegetative),0.85,50.0,60.6,HEALTHY,1,40.0
2026-03-01 22:00:00,esp32-field-01,HOT_HIGH_ET0,26.08,2391,27.14,72.86,HEALTHY,30.41,50.6,0.0,2.08,5.93,4.7,0,Tomato (Vegetative),0.85,50.0,60.6,HEALTHY,1,30.0
2026-03-01 23:00:00,esp32-field-01,HOT_HIGH_ET0,26.14,2398,26.62,73.38,HEALTHY,29.26,54.6,0.0,0.13,6.18,2.1,0,Tomato (Vegetative),0.85,50.0,60.6,HEALTHY,1,30.0
2026-03-02 00:00:00,esp32-field-01,HOT_HIGH_ET0,26.19,2409,26.8,73.2,HEALTHY,26.59,57.4,0.0,2.88,5.69,5.1,0,Tomato (Vegetative),0.85,50.0,60.6,HEALTHY,1,30.0
2026-03-02 01:00:00,esp32-field-01,HOT_HIGH_ET0,26.28,2372,27.01,72.99,HEALTHY,25.99,58.7,0.0,2.49,4.86,1.5,0,Tomato (Vegetative),0.85,50.0,60.6,HEALTHY,1,40.0
2026-03-02 02:00:00,esp32-field-01,HOT_HIGH_ET0,26.32,2429,25.74,74.26,HEALTHY,26.31,59.8,0.0,1.56,5.3,1.4,0,Tomato (Vegetative),0.85,50.0,60.6,HEALTHY,1,25.0
2026-03-02 03:00:00,esp32-field-01,HOT_HIGH_ET0,26.38,2383,25.87,74.13,HEALTHY,26.96,57.4,0.0,1.76,5.2,0.1,0,Tomato (Vegetative),0.85,50.0,60.6,HEALTHY,1,30.0
2026-03-02 04:00:00,esp32-field-01,HOT_HIGH_ET0,26.44,2396,26.52,73.48,HEALTHY,28.21,55.3,0.0,1.12,5.37,3.7,0,Tomato (Vegetative),0.85,50.0,60.6,HEALTHY,1,30.0
2026-03-02 05:00:00,esp32-field-01,HOT_HIGH_ET0,26.5,2413,25.15,74.85,HEALTHY,29.71,52.1,0.0,7.21,5.84,7.6,0,Tomato (Vegetative),0.85,50.0,60.5,HEALTHY,1,30.0
2026-03-02 06:00:00,esp32-field-01,HOT_HIGH_ET0,26.55,2396,27.65,72.35,HEALTHY,30.85,51.5,0.0,2.48,6.46,0.1,0,Tomato (Vegetative),0.85,50.0,60.5,HEALTHY,1,30.0
2026-03-02 07:00:00,esp32-field-01,HOT_HIGH_ET0,26.51,2414,26.04,73.96,HEALTHY,31.67,48.5,0.0,2.02,6.24,1.0,0,Tomato (Vegetative),0.85,50.0,60.5,HEALTHY,0,0.0
2026-03-02 08:00:00,esp32-field-01,HOT_HIGH_ET0,26.43,2401,27.0,73.0,HEALTHY,33.04,39.9,0.0,4.63,6.65,0.6,0,Tomato (Vegetative),0.85,50.0,60.5,HEALTHY,0,0.0
2026-03-02 09:00:00,esp32-field-01,HOT_HIGH_ET0,26.38,2393,27.27,72.73,HEALTHY,36.57,34.8,0.0,0.16,7.55,9.6,0,Tomato (Vegetative),0.85,50.0,60.5,HEALTHY,1,40.0
2026-03-02 10:00:00,esp32-field-01,HOT_HIGH_ET0,26.28,2422,25.14,74.86,HEALTHY,37.65,32.1,0.0,0.35,7.59,1.0,0,Tomato (Vegetative),0.85,50.0,60.5,HEALTHY,1,25.0
2026-03-02 11:00:00,esp32-field-01,HOT_HIGH_ET0,26.17,2399,25.7,74.3,HEALTHY,39.25,23.7,0.0,1.26,8.33,1.1,0,Tomato (Vegetative),0.85,50.0,60.5,HEALTHY,1,40.0
2026-03-02 12:00:00,esp32-field-01,HOT_HIGH_ET0,26.05,2426,25.51,74.49,HEALTHY,41.4,24.8,0.0,1.71,8.07,3.5,0,Tomato (Vegetative),0.85,50.0,60.5,HEALTHY,1,40.0
2026-03-02 13:00:00,esp32-field-01,HOT_HIGH_ET0,25.9,2390,26.84,73.16,HEALTHY,42.56,22.0,0.0,0.84,8.61,1.9,0,Tomato (Vegetative),0.85,50.0,60.5,HEALTHY,1,25.0
2026-03-02 14:00:00,esp32-field-01,HOT_HIGH_ET0,25.77,2433,24.49,75.51,HEALTHY,41.31,25.6,0.0,0.17,8.51,6.5,0,Tomato (Vegetative),0.85,50.0,60.5,HEALTHY,1,25.0
2026-03-02 15:00:00,esp32-field-01,HOT_HIGH_ET0,25.72,2429,23.83,76.17,HEALTHY,40.54,20.9,0.0,0.78,8.26,0.5,0,Tomato (Vegetative),0.85,50.0,60.5,HEALTHY,1,40.0
2026-03-02 16:00:00,esp32-field-01,HOT_HIGH_ET0,25.71,2415,26.11,73.89,HEALTHY,39.8,21.7,0.0,0.41,7.84,0.1,0,Tomato (Vegetative),0.85,50.0,60.4,HEALTHY,1,40.0
2026-03-02 17:00:00,esp32-field-01,HOT_HIGH_ET0,25.75,2399,27.01,72.99,HEALTHY,38.67,27.3,0.0,0.54,7.72,1.4,0,Tomato (Vegetative),0.85,50.0,60.4,HEALTHY,1,40.0
2026-03-02 18:00:00,esp32-field-01,HOT_HIGH_ET0,25.8,2431,25.0,75.0,HEALTHY,37.78,33.3,0.0,0.75,7.64,8.2,0,Tomato (Vegetative),0.85,50.0,60.4,HEALTHY,1,25.0
2026-03-02 19:00:00,esp32-field-01,HOT_HIGH_ET0,25.88,2429,24.96,75.04,HEALTHY,35.6,33.7,0.0,0.58,7.35,7.4,0,Tomato (Vegetative),0.85,50.0,60.4,HEALTHY,1,40.0
2026-03-02 20:00:00,esp32-field-01,HOT_HIGH_ET0,25.94,2409,25.29,74.71,HEALTHY,35.65,37.8,0.0,2.3,7.0,2.4,0,Tomato (Vegetative),0.85,50.0,60.4,HEALTHY,1,30.0
2026-03-02 21:00:00,esp32-field-01,HOT_HIGH_ET0,26.02,2416,25.66,74.34,HEALTHY,32.1,47.8,0.0,1.03,6.44,2.9,0,Tomato (Vegetative),0.85,50.0,60.4,HEALTHY,1,40.0
2026-03-02 22:00:00,esp32-field-01,HOT_HIGH_ET0,26.07,2424,25.29,74.71,HEALTHY,30.75,49.2,0.0,0.05,6.13,0.8,0,Tomato (Vegetative),0.85,50.0,60.4,HEALTHY,1,30.0
2026-03-02 23:00:00,esp32-field-01,HOT_HIGH_ET0,26.15,2379,27.58,72.42,HEALTHY,30.47,50.7,0.0,1.84,6.21,3.5,0,Tomato (Vegetative),0.85,50.0,60.4,HEALTHY,1,40.0
2026-03-03 00:00:00,esp32-field-01,HOT_HIGH_ET0,26.23,2434,24.34,75.66,HEALTHY,27.99,54.3,0.0,2.09,5.63,0.9,0,Tomato (Vegetative),0.85,50.0,60.4,HEALTHY,1,40.0
2026-03-03 01:00:00,esp32-field-01,HOT_HIGH_ET0,26.28,2397,26.24,73.76,HEALTHY,27.06,62.7,0.0,0.24,5.5,2.8,0,Tomato (Vegetative),0.85,50.0,60.4,HEALTHY,1,25.0
2026-03-03 02:00:00,esp32-field-01,HOT_HIGH_ET0,26.34,2394,27.03,72.97,HEALTHY,25.83,54.9,0.0,0.17,4.86,0.0,0,Tomato (Vegetative),0.85,50.0,60.3,HEALTHY,1,30.0
2026-03-03 03:00:00,esp32-field-01,HOT_HIGH_ET0,26.39,2408,25.77,74.23,HEALTHY,27.3,57.8,0.0,0.91,5.69,4.1,0,Tomato (Vegetative),0.85,50.0,60.3,HEALTHY,1,30.0
2026-03-03 04:00:00,esp32-field-01,HOT_HIGH_ET0,26.45,2390,26.52,73.48,HEALTHY,27.97,56.8,0.0,1.72,5.52,0.3,0,Tomato (Vegetative),0.85,50.0,60.3,HEALTHY,1,30.0
2026-03-03 05:00:00,esp32-field-01,HOT_HIGH_ET0,26.51,2416,25.39,74.61,HEALTHY,29.74,55.9,0.0,3.17,5.79,0.9,0,Tomato (Vegetative),0.85,50.0,60.3,HEALTHY,1,30.0
2026-03-03 06:00:00,esp32-field-01,HOT_HIGH_ET0,26.5,2409,26.25,73.75,HEALTHY,29.95,48.1,0.0,1.02,6.21,0.4,0,Tomato (Vegetative),0.85,50.0,60.3,HEALTHY,0,0.0
2026-03-03 07:00:00,esp32-field-01,HOT_HIGH_ET0,26.55,2383,27.81,72.19,HEALTHY,30.89,42.4,0.0,3.26,6.14,5.2,0,Tomato (Vegetative),0.85,50.0,60.3,HEALTHY,1,40.0
2026-03-03 08:00:00,esp32-field-01,HOT_HIGH_ET0,26.46,2379,27.27,72.73,HEALTHY,34.5,40.7,0.0,0.49,7.14,7.3,0,Tomato (Vegetative),0.85,50.0,60.3,HEALTHY,0,0.0
2026-03-03 09:00:00,esp32-field-01,HOT_HIGH_ET0,26.39,2415,26.38,73.62,HEALTHY,35.11,36.4,0.0,0.3,7.14,4.3,0,Tomato (Vegetative),0.85,50.0,60.3,HEALTHY,1,25.0
2026-03-03 10:00:00,esp32-field-01,HOT_HIGH_ET0,26.3,2383,27.3,72.7,HEALTHY,38.22,31.4,0.0,0.1,7.28,4.2,0,Tomato (Vegetative),0.85,50.0,60.3,HEALTHY,1,30.0
2026-03-03 11:00:00,esp32-field-01,HOT_HIGH_ET0,26.18,2444,25.93,74.07,HEALTHY,39.63,27.0,0.0,0.24,7.79,4.5,0,Tomato (Vegetative),0.85,50.0,60.2,HEALTHY,1,30.0
2026-03-03 12:00:00,esp32-field-01,HOT_HIGH_ET0,26.03,2400,25.88,74.12,HEALTHY,40.08,20.1,0.0,2.39,8.13,1.7,0,Tomato (Vegetative),0.85,50.0,60.2,HEALTHY,1,25.0
2026-03-03 13:00:00,esp32-field-01,HOT_HIGH_ET0,25.9,2399,25.25,74.75,HEALTHY,41.33,20.0,0.0,1.15,7.97,3.2,0,Tomato (Vegetative),0.85,50.0,60.2,HEALTHY,1,30.0
2026-03-03 14:00:00,esp32-field-01,HOT_HIGH_ET0,25.79,2415,26.0,74.0,HEALTHY,42.4,20.0,0.0,0.5,8.53,1.0,0,Tomato (Vegetative),0.85,50.0,60.2,HEALTHY,1,30.0
2026-03-03 15:00:00,esp32-field-01,HOT_HIGH_ET0,25.7,2411,26.41,73.59,HEALTHY,40.54,23.8,0.0,2.89,8.11,2.1,0,Tomato (Vegetative),0.85,50.0,60.2,HEALTHY,1,25.0
2026-03-03 16:00:00,esp32-field-01,HOT_HIGH_ET0,25.67,2401,25.41,74.59,HEALTHY,40.55,21.1,0.0,1.47,7.86,1.4,0,Tomato (Vegetative),0.85,50.0,60.2,HEALTHY,1,30.0
2026-03-03 17:00:00,esp32-field-01,HOT_HIGH_ET0,25.71,2408,25.67,74.33,HEALTHY,39.77,26.6,0.0,1.32,8.1,1.2,0,Tomato (Vegetative),0.85,50.0,60.2,HEALTHY,1,40.0
2026-03-03 18:00:00,esp32-field-01,HOT_HIGH_ET0,25.8,2427,24.04,75.96,HEALTHY,38.78,34.3,0.0,6.11,8.08,1.0,0,Tomato (Vegetative),0.85,50.0,60.2,HEALTHY,1,40.0
2026-03-03 19:00:00,esp32-field-01,HOT_HIGH_ET0,25.84,2371,26.72,73.28,HEALTHY,34.93,37.0,0.0,0.05,6.9,1.6,0,Tomato (Vegetative),0.85,50.0,60.2,HEALTHY,1,25.0
2026-03-03 20:00:00,esp32-field-01,HOT_HIGH_ET0,25.9,2412,25.64,74.36,HEALTHY,34.6,42.8,0.0,0.22,6.73,0.7,0,Tomato (Vegetative),0.85,50.0,60.2,HEALTHY,1,30.0
2026-03-03 21:00:00,esp32-field-01,HOT_HIGH_ET0,25.95,2410,26.13,73.87,HEALTHY,33.47,41.7,0.0,2.14,6.41,5.0,0,Tomato (Vegetative),0.85,50.0,60.1,HEALTHY,1,30.0
2026-03-03 22:00:00,esp32-field-01,HOT_HIGH_ET0,26.01,2412,25.75,74.25,HEALTHY,29.85,47.8,0.0,1.37,6.35,1.1,0,Tomato (Vegetative),0.85,50.0,60.1,HEALTHY,1,30.0
2026-03-03 23:00:00,esp32-field-01,HOT_HIGH_ET0,26.07,2415,25.07,74.93,HEALTHY,29.22,53.0,0.0,0.26,6.13,0.6,0,Tomato (Vegetative),0.85,50.0,60.1,HEALTHY,1,30.0
2026-03-04 00:00:00,esp32-field-01,HOT_HIGH_ET0,26.11,2420,25.54,74.46,HEALTHY,27.81,60.2,0.0,1.1,5.31,2.2,0,Tomato (Vegetative),0.85,50.0,60.1,HEALTHY,1,25.0
2026-03-04 01:00:00,esp32-field-01,HOT_HIGH_ET0,26.19,2383,26.79,73.21,HEALTHY,26.69,62.3,0.0,0.01,5.48,7.1,0,Tomato (Vegetative),0.85,50.0,60.1,HEALTHY,1,40.0
2026-03-04 02:00:00,esp32-field-01,HOT_HIGH_ET0,26.25,2412,25.91,74.09,HEALTHY,26.07,57.3,0.0,0.52,5.43,3.4,0,Tomato (Vegetative),0.85,50.0,60.1,HEALTHY,1,30.0
2026-03-04 03:00:00,esp32-field-01,HOT_HIGH_ET0,26.3,2400,27.34,72.66,HEALTHY,25.75,58.1,0.0,0.87,5.28,0.4,0,Tomato (Vegetative),0.85,50.0,60.1,HEALTHY,1,25.0
2026-03-04 04:00:00,esp32-field-01,HOT_HIGH_ET0,26.38,2392,25.8,74.2,HEALTHY,27.15,54.5,0.0,2.59,5.4,4.4,0,Tomato (Vegetative),0.85,50.0,60.1,HEALTHY,1,40.0
2026-03-04 05:00:00,esp32-field-01,HOT_HIGH_ET0,26.46,2384,27.67,72.33,HEALTHY,28.05,53.8,0.0,0.06,5.32,4.0,0,Tomato (Vegetative),0.85,50.0,60.1,HEALTHY,1,40.0
2026-03-04 06:00:00,esp32-field-01,HOT_HIGH_ET0,26.51,2405,26.9,73.1,HEALTHY,31.85,50.6,0.0,8.58,6.53,1.3,0,Tomato (Vegetative),0.85,50.0,60.1,HEALTHY,1,30.0
2026-03-04 07:00:00,esp32-field-01,HOT_HIGH_ET0,26.48,2433,25.21,74.79,HEALTHY,31.73,49.3,0.0,0.45,5.86,8.2,0,Tomato (Vegetative),0.85,50.0,60.0,HEALTHY,0,0.0
2026-03-04 08:00:00,esp32-field-01,HOT_HIGH_ET0,26.45,2390,27.11,72.89,HEALTHY,34.15,38.2,0.0,0.8,6.75,3.1,0,Tomato (Vegetative),0.85,50.0,60.0,HEALTHY,1,25.0
2026-03-04 09:00:00,esp32-field-01,HOT_HIGH_ET0,26.39,2400,26.58,73.42,HEALTHY,35.42,36.8,0.0,1.56,7.21,6.1,0,Tomato (Vegetative),0.85,50.0,60.0,HEALTHY,1,30.0
2026-03-04 10:00:00,esp32-field-01,HOT_HIGH_ET0,26.29,2410,25.89,74.11,HEALTHY,38.6,28.0,0.0,1.35,7.28,2.3,0,Tomato (Vegetative),0.85,50.0,60.0,HEALTHY,1,25.0
2026-03-04 11:00:00,esp32-field-01,HOT_HIGH_ET0,26.18,2417,25.07,74.93,HEALTHY,38.89,25.0,0.0,0.07,8.05,4.8,0,Tomato (Vegetative),0.85,50.0,60.0,HEALTHY,1,40.0
2026-03-04 12:00:00,esp32-field-01,HOT_HIGH_ET0,26.07,2425,25.66,74.34,HEALTHY,39.6,21.3,0.0,0.71,8.08,0.8,0,Tomato (Vegetative),0.85,50.0,60.0,HEALTHY,1,40.0
2026-03-04 13:00:00,esp32-field-01,HOT_HIGH_ET0,25.92,2421,25.13,74.87,HEALTHY,41.29,21.6,0.0,3.57,8.48,8.0,0,Tomato (Vegetative),0.85,50.0,60.0,HEALTHY,1,25.0
2026-03-04 14:00:00,esp32-field-01,HOT_HIGH_ET0,25.83,2400,25.77,74.23,HEALTHY,40.93,20.1,0.0,0.88,8.31,1.3,0,Tomato (Vegetative),0.85,50.0,60.0,HEALTHY,1,40.0
2026-03-04 15:00:00,esp32-field-01,HOT_HIGH_ET0,25.75,2414,25.91,74.09,HEALTHY,41.21,20.0,0.0,1.22,8.58,11.2,0,Tomato (Vegetative),0.85,50.0,60.0,HEALTHY,1,30.0
2026-03-04 16:00:00,esp32-field-01,HOT_HIGH_ET0,25.73,2402,25.45,74.55,HEALTHY,40.08,23.4,0.0,0.59,8.38,3.1,0,Tomato (Vegetative),0.85,50.0,60.0,HEALTHY,1,40.0
2026-03-04 17:00:00,esp32-field-01,HOT_HIGH_ET0,25.73,2458,24.59,75.41,HEALTHY,39.75,27.2,0.0,0.37,8.3,0.9,0,Tomato (Vegetative),0.85,50.0,60.0,HEALTHY,1,25.0
2026-03-04 18:00:00,esp32-field-01,HOT_HIGH_ET0,25.82,2395,26.52,73.48,HEALTHY,37.86,30.2,0.0,1.73,7.55,0.5,0,Tomato (Vegetative),0.85,50.0,59.9,HEALTHY,1,40.0
2026-03-04 19:00:00,esp32-field-01,HOT_HIGH_ET0,25.88,2389,27.33,72.67,HEALTHY,35.29,34.5,0.0,1.69,7.04,13.8,0,Tomato (Vegetative),0.85,50.0,59.9,HEALTHY,1,30.0
2026-03-04 20:00:00,esp32-field-01,HOT_HIGH_ET0,25.93,2381,26.51,73.49,HEALTHY,34.91,41.6,0.0,8.0,7.16,11.1,0,Tomato (Vegetative),0.85,50.0,59.9,HEALTHY,1,30.0
2026-03-04 21:00:00,esp32-field-01,HOT_HIGH_ET0,25.99,2424,25.27,74.73,HEALTHY,32.54,48.7,0.0,3.33,6.09,0.8,0,Tomato (Vegetative),0.85,50.0,59.9,HEALTHY,1,30.0
2026-03-04 22:00:00,esp32-field-01,HOT_HIGH_ET0,26.07,2443,24.44,75.56,HEALTHY,29.99,51.7,0.0,0.23,6.05,8.7,0,Tomato (Vegetative),0.85,50.0,59.9,HEALTHY,1,40.0
2026-03-04 23:00:00,esp32-field-01,HOT_HIGH_ET0,26.15,2409,26.9,73.1,HEALTHY,28.66,53.5,0.0,0.52,5.84,5.3,0,Tomato (Vegetative),0.85,50.0,59.9,HEALTHY,1,40.0
2026-03-05 00:00:00,esp32-field-01,HOT_HIGH_ET0,26.23,2399,25.89,74.11,HEALTHY,27.63,55.1,0.0,1.37,5.25,1.1,0,Tomato (Vegetative),0.85,50.0,59.9,HEALTHY,1,40.0
2026-03-05 01:00:00,esp32-field-01,HOT_HIGH_ET0,26.31,2403,27.18,72.82,HEALTHY,26.62,57.1,0.0,0.87,5.38,3.8,0,Tomato (Vegetative),0.85,50.0,59.9,HEALTHY,1,40.0
2026-03-05 02:00:00,esp32-field-01,HOT_HIGH_ET0,26.36,2398,26.44,73.56,HEALTHY,25.24,55.7,0.0,0.64,4.87,5.2,0,Tomato (Vegetative),0.85,50.0,59.9,HEALTHY,1,25.0
2026-03-05 03:00:00,esp32-field-01,HOT_HIGH_ET0,26.44,2399,26.91,73.09,HEALTHY,26.94,58.2,0.0,1.44,5.18,2.4,0,Tomato (Vegetative),0.85,50.0,59.9,HEALTHY,1,40.0
2026-03-05 04:00:00,esp32-field-01,HOT_HIGH_ET0,26.49,2404,26.01,73.99,HEALTHY,27.85,53.5,0.0,0.45,5.32,5.6,0,Tomato (Vegetative),0.85,50.0,59.8,HEALTHY,1,25.0
2026-03-05 05:00:00,esp32-field-01,HOT_HIGH_ET0,26.53,2403,27.48,72.52,HEALTHY,28.41,50.3,0.0,0.0,5.96,1.5,0,Tomato (Vegetative),0.85,50.0,59.8,HEALTHY,1,25.0
2026-03-05 06:00:00,esp32-field-01,HOT_HIGH_ET0,26.52,2415,25.56,74.44,HEALTHY,29.99,46.9,0.0,0.42,6.45,0.1,0,Tomato (Vegetative),0.85,50.0,59.8,HEALTHY,0,0.0
2026-03-05 07:00:00,esp32-field-01,HOT_HIGH_ET0,26.48,2405,26.33,73.67,HEALTHY,31.08,42.6,0.0,3.62,6.42,6.5,0,Tomato (Vegetative),0.85,50.0,59.8,HEALTHY,0,0.0
2026-03-05 08:00:00,esp32-field-01,HOT_HIGH_ET0,26.45,2379,26.93,73.07,HEALTHY,34.93,41.8,0.0,0.65,7.04,1.3,0,Tomato (Vegetative),0.85,50.0,59.8,HEALTHY,1,25.0
2026-03-05 09:00:00,esp32-field-01,HOT_HIGH_ET0,26.37,2397,26.4,73.6,HEALTHY,35.65,31.8,0.0,0.94,7.56,12.7,0,Tomato (Vegetative),0.85,50.0,59.8,HEALTHY,1,25.0
2026-03-05 10:00:00,esp32-field-01,HOT_HIGH_ET0,26.27,2409,26.28,73.72,HEALTHY,37.84,30.1,0.0,0.64,7.66,2.6,0,Tomato (Vegetative),0.85,50.0,59.8,HEALTHY,1,30.0
2026-03-05 11:00:00,esp32-field-01,HOT_HIGH_ET0,26.15,2402,25.28,74.72,HEALTHY,39.64,30.0,0.0,3.08,7.75,1.4,0,Tomato (Vegetative),0.85,50.0,59.8,HEALTHY,1,30.0
2026-03-05 12:00:00,esp32-field-01,HOT_HIGH_ET0,26.01,2417,26.19,73.81,HEALTHY,40.14,20.6,0.0,0.92,7.99,0.4,0,Tomato (Vegetative),0.85,50.0,59.8,HEALTHY,1,25.0
2026-03-05 13:00:00,esp32-field-01,HOT_HIGH_ET0,25.9,2425,25.83,74.17,HEALTHY,41.28,22.1,0.0,0.43,8.19,0.1,0,Tomato (Vegetative),0.85,50.0,59.8,HEALTHY,1,40.0
2026-03-05 14:00:00,esp32-field-01,HOT_HIGH_ET0,25.82,2430,24.72,75.28,HEALTHY,41.84,20.6,0.0,0.62,7.93,0.0,0,Tomato (Vegetative),0.85,50.0,59.7,HEALTHY,1,40.0
2026-03-05 15:00:00,esp32-field-01,HOT_HIGH_ET0,25.74,2425,26.01,73.99,HEALTHY,42.01,23.4,0.0,0.52,8.02,0.8,0,Tomato (Vegetative),0.85,50.0,59.7,HEALTHY,1,30.0
2026-03-05 16:00:00,esp32-field-01,HOT_HIGH_ET0,25.71,2409,26.73,73.27,HEALTHY,40.56,24.7,0.0,0.42,7.9,0.9,0,Tomato (Vegetative),0.85,50.0,59.7,HEALTHY,1,30.0
2026-03-05 17:00:00,esp32-field-01,HOT_HIGH_ET0,25.73,2410,26.6,73.4,HEALTHY,39.39,28.1,0.0,1.15,7.99,2.7,0,Tomato (Vegetative),0.85,50.0,59.7,HEALTHY,1,30.0
2026-03-05 18:00:00,esp32-field-01,HOT_HIGH_ET0,25.79,2412,25.41,74.59,HEALTHY,36.67,26.7,0.0,4.17,7.17,0.3,0,Tomato (Vegetative),0.85,50.0,59.7,HEALTHY,1,30.0
2026-03-05 19:00:00,esp32-field-01,HOT_HIGH_ET0,25.84,2404,26.76,73.24,HEALTHY,35.24,38.8,0.0,0.25,6.66,3.8,0,Tomato (Vegetative),0.85,50.0,59.7,HEALTHY,1,25.0
2026-03-05 20:00:00,esp32-field-01,HOT_HIGH_ET0,25.88,2414,26.15,73.85,HEALTHY,33.8,40.3,0.0,0.11,6.68,0.8,0,Tomato (Vegetative),0.85,50.0,59.7,HEALTHY,1,25.0
2026-03-05 21:00:00,esp32-field-01,HOT_HIGH_ET0,25.96,2397,25.32,74.68,HEALTHY,33.84,43.4,0.0,0.28,7.13,4.4,0,Tomato (Vegetative),0.85,50.0,59.7,HEALTHY,1,40.0
2026-03-05 22:00:00,esp32-field-01,HOT_HIGH_ET0,26.04,2395,25.62,74.38,HEALTHY,31.12,48.0,0.0,5.08,6.2,3.1,0,Tomato (Vegetative),0.85,50.0,59.7,HEALTHY,1,40.0
2026-03-05 23:00:00,esp32-field-01,HOT_HIGH_ET0,26.1,2385,27.23,72.77,HEALTHY,28.05,48.5,0.0,3.26,5.41,1.1,0,Tomato (Vegetative),0.85,50.0,59.6,HEALTHY,1,30.0
2026-03-06 00:00:00,esp32-field-01,HOT_HIGH_ET0,26.18,2416,26.28,73.72,HEALTHY,28.06,56.4,0.0,0.36,5.43,2.6,0,Tomato (Vegetative),0.85,50.0,59.6,HEALTHY,1,40.0
2026-03-06 01:00:00,esp32-field-01,HOT_HIGH_ET0,26.22,2408,25.29,74.71,HEALTHY,26.74,60.1,0.0,0.29,5.34,0.4,0,Tomato (Vegetative),0.85,50.0,59.6,HEALTHY,1,25.0
2026-03-06 02:00:00,esp32-field-01,HOT_HIGH_ET0,26.27,2391,26.34,73.66,HEALTHY,26.52,60.1,0.0,0.15,5.47,6.5,0,Tomato (Vegetative),0.85,50.0,59.6,HEALTHY,1,25.0
2026-03-06 03:00:00,esp32-field-01,HOT_HIGH_ET0,26.33,2417,25.12,74.88,HEALTHY,26.42,61.1,0.0,2.52,5.64,2.9,0,Tomato (Vegetative),0.85,50.0,59.6,HEALTHY,1,30.0
2026-03-06 04:00:00,esp32-field-01,HOT_HIGH_ET0,26.39,2411,26.64,73.36,HEALTHY,28.34,56.5,0.0,0.21,5.17,0.4,0,Tomato (Vegetative),0.85,50.0,59.6,HEALTHY,1,30.0
2026-03-06 05:00:00,esp32-field-01,HOT_HIGH_ET0,26.63,2375,27.97,72.03,HEALTHY,27.72,54.4,1.2,5.3,5.83,72.7,1,Tomato (Vegetative),0.85,50.0,62.0,HEALTHY,0,0.0
2026-03-06 06:00:00,esp32-field-01,HOT_HIGH_ET0,26.62,2371,28.16,71.84,HEALTHY,30.88,46.9,0.0,0.17,6.04,4.1,0,Tomato (Vegetative),0.85,50.0,59.6,HEALTHY,0,0.0
2026-03-06 07:00:00,esp32-field-01,HOT_HIGH_ET0,26.58,2387,26.28,73.72,HEALTHY,32.77,46.2,0.0,0.07,6.81,0.9,0,Tomato (Vegetative),0.85,50.0,59.6,HEALTHY,0,0.0
2026-03-06 08:00:00,esp32-field-01,HOT_HIGH_ET0,26.49,2395,27.66,72.34,HEALTHY,32.94,38.0,0.0,0.3,7.07,0.2,0,Tomato (Vegetative),0.85,50.0,59.6,HEALTHY,0,0.0
2026-03-06 09:00:00,esp32-field-01,HOT_HIGH_ET0,26.41,2398,26.44,73.56,HEALTHY,37.03,33.4,0.0,1.38,7.43,2.4,0,Tomato (Vegetative),0.85,50.0,59.5,HEALTHY,1,25.0
2026-03-06 10:00:00,esp32-field-01,HOT_HIGH_ET0,26.31,2386,27.71,72.29,HEALTHY,36.8,24.5,0.0,0.65,7.13,0.9,0,Tomato (Vegetative),0.85,50.0,59.5,HEALTHY,1,25.0
2026-03-06 11:00:00,esp32-field-01,HOT_HIGH_ET0,26.18,2406,25.82,74.18,HEALTHY,39.88,24.9,0.0,0.23,7.81,2.7,0,Tomato (Vegetative),0.85,50.0,59.5,HEALTHY,1,25.0
2026-03-06 12:00:00,esp32-field-01,HOT_HIGH_ET0,26.05,2386,26.89,73.11,HEALTHY,41.01,22.2,0.0,0.81,7.89,9.2,0,Tomato (Vegetative),0.85,50.0,59.5,HEALTHY,1,30.0
2026-03-06 13:00:00,esp32-field-01,HOT_HIGH_ET0,25.91,2469,22.7,77.3,HEALTHY,41.8,20.7,0.0,0.67,8.11,8.8,0,Tomato (Vegetative),0.85,50.0,59.5,HEALTHY,1,25.0
2026-03-06 14:00:00,esp32-field-01,HOT_HIGH_ET0,25.77,2436,24.78,75.22,HEALTHY,41.29,21.4,0.0,0.28,8.96,2.9,0,Tomato (Vegetative),0.85,50.0,59.5,HEALTHY,1,25.0
2026-03-06 15:00:00,esp32-field-01,HOT_HIGH_ET0,25.72,2411,26.76,73.24,HEALTHY,41.8,22.5,0.0,10.6,8.13,1.1,0,Tomato (Vegetative),0.85,50.0,59.5,HEALTHY,1,40.0
2026-03-06 16:00:00,esp32-field-01,HOT_HIGH_ET0,25.68,2378,26.0,74.0,HEALTHY,40.53,24.7,0.0,1.9,8.01,12.5,0,Tomato (Vegetative),0.85,50.0,59.5,HEALTHY,1,25.0
2026-03-06 17:00:00,esp32-field-01,HOT_HIGH_ET0,25.71,2402,27.19,72.81,HEALTHY,38.75,30.2,0.0,0.63,7.98,0.8,0,Tomato (Vegetative),0.85,50.0,59.5,HEALTHY,1,40.0
2026-03-06 18:00:00,esp32-field-01,HOT_HIGH_ET0,25.77,2389,26.15,73.85,HEALTHY,38.54,29.2,0.0,0.24,7.77,0.2,0,Tomato (Vegetative),0.85,50.0,59.5,HEALTHY,1,25.0
2026-03-06 19:00:00,esp32-field-01,HOT_HIGH_ET0,25.82,2400,25.83,74.17,HEALTHY,36.8,30.6,0.0,1.57,7.01,4.9,0,Tomato (Vegetative),0.85,50.0,59.5,HEALTHY,1,30.0
2026-03-06 20:00:00,esp32-field-01,HOT_HIGH_ET0,25.9,2396,26.3,73.7,HEALTHY,33.46,35.4,0.0,2.16,6.55,2.9,0,Tomato (Vegetative),0.85,50.0,59.4,HEALTHY,1,40.0
2026-03-06 21:00:00,esp32-field-01,HOT_HIGH_ET0,25.95,2421,25.21,74.79,HEALTHY,32.08,48.4,0.0,0.93,6.79,1.2,0,Tomato (Vegetative),0.85,50.0,59.4,HEALTHY,1,25.0
2026-03-06 22:00:00,esp32-field-01,HOT_HIGH_ET0,26.03,2424,25.54,74.46,HEALTHY,30.85,49.7,0.0,2.34,6.48,7.1,0,Tomato (Vegetative),0.85,50.0,59.4,HEALTHY,1,40.0
2026-03-06 23:00:00,esp32-field-01,HOT_HIGH_ET0,26.11,2415,25.61,74.39,HEALTHY,28.65,57.5,0.0,1.94,5.61,0.5,0,Tomato (Vegetative),0.85,50.0,59.4,HEALTHY,1,40.0
2026-03-07 00:00:00,esp32-field-01,HOT_HIGH_ET0,26.16,2385,26.69,73.31,HEALTHY,26.59,56.6,0.0,1.25,4.95,4.3,0,Tomato (Vegetative),0.85,50.0,59.4,HEALTHY,1,30.0
2026-03-07 01:00:00,esp32-field-01,HOT_HIGH_ET0,26.22,2399,25.24,74.76,HEALTHY,27.09,57.9,0.0,0.68,5.0,0.6,0,Tomato (Vegetative),0.85,50.0,59.4,HEALTHY,1,30.0
2026-03-07 02:00:00,esp32-field-01,HOT_HIGH_ET0,26.27,2404,25.49,74.51,HEALTHY,27.3,57.4,0.0,0.61,5.48,3.7,0,Tomato (Vegetative),0.85,50.0,59.4,HEALTHY,1,25.0
2026-03-07 03:00:00,esp32-field-01,HOT_HIGH_ET0,26.32,2403,26.43,73.57,HEALTHY,26.8,53.2,0.0,1.15,5.19,2.0,0,Tomato (Vegetative),0.85,50.0,59.4,HEALTHY,1,25.0
2026-03-07 04:00:00,esp32-field-01,HOT_HIGH_ET0,26.4,2405,26.02,73.98,HEALTHY,26.61,59.4,0.0,1.56,5.34,2.2,0,Tomato (Vegetative),0.85,50.0,59.4,HEALTHY,1,40.0
2026-03-07 05:00:00,esp32-field-01,HOT_HIGH_ET0,26.46,2399,26.56,73.44,HEALTHY,28.33,54.7,0.0,0.12,5.31,2.1,0,Tomato (Vegetative),0.85,50.0,59.4,HEALTHY,1,30.0
2026-03-07 06:00:00,esp32-field-01,HOT_HIGH_ET0,26.54,2373,27.41,72.59,HEALTHY,29.58,49.5,0.0,0.21,5.81,3.8,0,Tomato (Vegetative),0.85,50.0,59.3,HEALTHY,1,40.0
2026-03-07 07:00:00,esp32-field-01,HOT_HIGH_ET0,26.5,2389,26.81,73.19,HEALTHY,31.56,44.3,0.0,4.45,6.18,2.3,0,Tomato (Vegetative),0.85,50.0,59.3,HEALTHY,0,0.0
2026-03-07 08:00:00,esp32-field-01,HOT_HIGH_ET0,26.5,2384,26.15,73.85,HEALTHY,32.74,39.3,0.0,1.85,6.85,0.4,0,Tomato (Vegetative),0.85,50.0,59.3,HEALTHY,1,40.0
2026-03-07 09:00:00,esp32-field-01,HOT_HIGH_ET0,26.46,2416,25.37,74.63,HEALTHY,35.6,31.1,0.0,0.36,7.49,1.1,0,Tomato (Vegetative),0.85,50.0,59.3,HEALTHY,1,40.0
2026-03-07 10:00:00,esp32-field-01,HOT_HIGH_ET0,26.38,2401,25.78,74.22,HEALTHY,37.56,31.3,0.0,0.25,7.85,5.0,0,Tomato (Vegetative),0.85,50.0,59.3,HEALTHY,1,40.0
2026-03-07 11:00:00,esp32-field-01,HOT_HIGH_ET0,26.25,2371,28.11,71.89,HEALTHY,39.72,28.6,0.0,1.23,8.2,10.8,0,Tomato (Vegetative),0.85,50.0,59.3,HEALTHY,1,30.0
2026-03-07 12:00:00,esp32-field-01,HOT_HIGH_ET0,26.1,2396,26.56,73.44,HEALTHY,40.62,24.7,0.0,1.32,8.38,2.9,0,Tomato (Vegetative),0.85,50.0,59.3,HEALTHY,1,30.0
2026-03-07 13:00:00,esp32-field-01,HOT_HIGH_ET0,26.01,2412,25.43,74.57,HEALTHY,40.7,20.7,0.0,0.68,7.63,10.2,0,Tomato (Vegetative),0.85,50.0,59.3,HEALTHY,1,40.0
2026-03-07 14:00:00,esp32-field-01,HOT_HIGH_ET0,25.89,2428,25.11,74.89,HEALTHY,41.55,21.3,0.0,3.27,8.17,0.2,0,Tomato (Vegetative),0.85,50.0,59.3,HEALTHY,1,25.0
2026-03-07 15:00:00,esp32-field-01,HOT_HIGH_ET0,25.81,2393,25.74,74.26,HEALTHY,40.87,26.0,0.0,0.57,8.13,2.9,0,Tomato (Vegetative),0.85,50.0,59.2,HEALTHY,1,30.0
2026-03-07 16:00:00,esp32-field-01,HOT_HIGH_ET0,25.78,2412,25.62,74.38,HEALTHY,40.29,23.9,0.0,0.68,8.32,0.1,0,Tomato (Vegetative),0.85,50.0,59.2,HEALTHY,1,30.0
2026-03-07 17:00:00,esp32-field-01,HOT_HIGH_ET0,25.81,2422,25.28,74.72,HEALTHY,39.55,26.4,0.0,0.96,7.97,11.5,0,Tomato (Vegetative),0.85,50.0,59.2,HEALTHY,1,40.0
2026-03-07 18:00:00,esp32-field-01,HOT_HIGH_ET0,25.88,2413,26.92,73.08,HEALTHY,37.63,34.1,0.0,2.63,7.67,3.3,0,Tomato (Vegetative),0.85,50.0,59.2,HEALTHY,1,30.0
2026-03-07 19:00:00,esp32-field-01,HOT_HIGH_ET0,25.94,2416,25.88,74.12,HEALTHY,38.26,37.0,0.0,0.33,7.11,5.9,0,Tomato (Vegetative),0.85,50.0,59.2,HEALTHY,1,30.0
2026-03-07 20:00:00,esp32-field-01,HOT_HIGH_ET0,25.98,2355,28.01,71.99,HEALTHY,33.12,37.5,0.0,0.42,6.5,2.9,0,Tomato (Vegetative),0.85,50.0,59.2,HEALTHY,1,25.0
2026-03-07 21:00:00,esp32-field-01,HOT_HIGH_ET0,26.04,2380,26.4,73.6,HEALTHY,31.01,42.3,0.0,2.51,6.71,0.4,0,Tomato (Vegetative),0.85,50.0,59.2,HEALTHY,1,30.0
2026-03-07 22:00:00,esp32-field-01,HOT_HIGH_ET0,26.12,2421,25.39,74.61,HEALTHY,30.98,49.6,0.0,0.54,6.14,5.2,0,Tomato (Vegetative),0.85,50.0,59.2,HEALTHY,1,40.0
2026-03-07 23:00:00,esp32-field-01,HOT_HIGH_ET0,26.17,2394,26.97,73.03,HEALTHY,28.89,51.9,0.0,0.03,5.55,1.9,0,Tomato (Vegetative),0.85,50.0,59.2,HEALTHY,1,30.0
2026-03-08 00:00:00,esp32-field-01,HOT_HIGH_ET0,26.25,2381,26.46,73.54,HEALTHY,26.88,53.3,0.0,0.54,5.48,5.4,0,Tomato (Vegetative),0.85,50.0,59.2,HEALTHY,1,40.0
2026-03-08 01:00:00,esp32-field-01,HOT_HIGH_ET0,26.3,2418,25.94,74.06,HEALTHY,26.98,60.3,0.0,1.78,5.1,0.7,0,Tomato (Vegetative),0.85,50.0,59.1,HEALTHY,1,25.0
2026-03-08 02:00:00,esp32-field-01,HOT_HIGH_ET0,26.35,2392,26.3,73.7,HEALTHY,26.6,59.3,0.0,0.05,5.05,0.7,0,Tomato (Vegetative),0.85,50.0,59.1,HEALTHY,1,25.0
2026-03-08 03:00:00,esp32-field-01,HOT_HIGH_ET0,26.43,2421,25.54,74.46,HEALTHY,26.48,58.6,0.0,2.51,5.47,0.1,0,Tomato (Vegetative),0.85,50.0,59.1,HEALTHY,1,40.0
2026-03-08 04:00:00,esp32-field-01,HOT_HIGH_ET0,26.51,2397,26.79,73.21,HEALTHY,27.56,57.2,0.0,2.58,5.6,1.3,0,Tomato (Vegetative),0.85,50.0,59.1,HEALTHY,1,40.0
2026-03-08 05:00:00,esp32-field-01,HOT_HIGH_ET0,26.5,2394,27.2,72.8,HEALTHY,28.15,54.0,0.0,0.44,5.67,4.7,0,Tomato (Vegetative),0.85,50.0,59.1,HEALTHY,0,0.0
2026-03-08 06:00:00,esp32-field-01,HOT_HIGH_ET0,26.56,2425,26.55,73.45,HEALTHY,30.28,49.7,0.0,4.07,6.07,5.9,0,Tomato (Vegetative),0.85,50.0,59.1,HEALTHY,1,30.0
2026-03-08 07:00:00,esp32-field-01,HOT_HIGH_ET0,26.51,2415,25.38,74.62,HEALTHY,31.77,43.1,0.0,0.05,6.52,0.1,0,Tomato (Vegetative),0.85,50.0,59.1,HEALTHY,0,0.0
2026-03-08 08:00:00,esp32-field-01,HOT_HIGH_ET0,26.43,0,0.0,0.0,FAULT,33.51,34.4,0.0,0.43,6.68,3.8,0,Tomato (Vegetative),0.85,50.0,59.1,HEALTHY,0,0.0
2026-03-08 09:00:00,esp32-field-01,HOT_HIGH_ET0,26.39,2416,25.99,74.01,HEALTHY,36.05,31.4,0.0,0.24,7.32,2.6,0,Tomato (Vegetative),0.85,50.0,59.1,HEALTHY,1,40.0
2026-03-08 10:00:00,esp32-field-01,HOT_HIGH_ET0,26.3,2401,26.23,73.77,HEALTHY,36.43,29.1,0.0,4.2,7.25,0.7,0,Tomato (Vegetative),0.85,50.0,59.1,HEALTHY,1,30.0
2026-03-08 11:00:00,esp32-field-01,HOT_HIGH_ET0,26.21,2420,25.34,74.66,HEALTHY,39.2,24.3,0.0,4.58,7.58,0.1,0,Tomato (Vegetative),0.85,50.0,59.0,HEALTHY,1,40.0
2026-03-08 12:00:00,esp32-field-01,HOT_HIGH_ET0,26.09,2399,25.99,74.01,HEALTHY,40.49,22.2,0.0,1.79,8.38,2.9,0,Tomato (Vegetative),0.85,50.0,59.0,HEALTHY,1,40.0
2026-03-08 13:00:00,esp32-field-01,HOT_HIGH_ET0,25.98,2394,25.73,74.27,HEALTHY,41.32,22.8,0.0,2.23,8.19,1.3,0,Tomato (Vegetative),0.85,50.0,59.0,HEALTHY,1,40.0
2026-03-08 14:00:00,esp32-field-01,HOT_HIGH_ET0,25.86,2389,26.34,73.66,HEALTHY,41.21,20.0,0.0,2.68,8.66,4.3,0,Tomato (Vegetative),0.85,50.0,59.0,HEALTHY,1,30.0
2026-03-08 15:00:00,esp32-field-01,HOT_HIGH_ET0,25.81,2419,24.85,75.15,HEALTHY,40.57,20.3,0.0,0.08,7.89,0.2,0,Tomato (Vegetative),0.85,50.0,59.0,HEALTHY,1,40.0
2026-03-08 16:00:00,esp32-field-01,HOT_HIGH_ET0,25.77,2468,23.39,76.61,HEALTHY,40.25,22.5,0.0,4.74,7.94,3.0,0,Tomato (Vegetative),0.85,50.0,59.0,HEALTHY,1,25.0
2026-03-08 17:00:00,esp32-field-01,HOT_HIGH_ET0,25.78,2423,24.98,75.02,HEALTHY,39.66,28.4,0.0,0.72,8.02,3.6,0,Tomato (Vegetative),0.85,50.0,59.0,HEALTHY,1,30.0
2026-03-08 18:00:00,esp32-field-01,HOT_HIGH_ET0,25.84,2395,26.0,74.0,HEALTHY,38.49,28.4,0.0,0.28,7.5,5.5,0,Tomato (Vegetative),0.85,50.0,59.0,HEALTHY,1,25.0
2026-03-08 19:00:00,esp32-field-01,HOT_HIGH_ET0,25.91,2396,26.99,73.01,HEALTHY,35.32,35.3,0.0,2.21,7.52,4.3,0,Tomato (Vegetative),0.85,50.0,59.0,HEALTHY,1,40.0
2026-03-08 20:00:00,esp32-field-01,HOT_HIGH_ET0,25.97,2388,26.26,73.74,HEALTHY,35.19,38.4,0.0,2.02,6.92,1.5,0,Tomato (Vegetative),0.85,50.0,59.0,HEALTHY,1,30.0
2026-03-08 21:00:00,esp32-field-01,HOT_HIGH_ET0,26.05,2402,26.68,73.32,HEALTHY,32.58,40.1,0.0,0.73,6.72,4.2,0,Tomato (Vegetative),0.85,50.0,59.0,HEALTHY,1,40.0
2026-03-08 22:00:00,esp32-field-01,HOT_HIGH_ET0,26.13,2369,26.48,73.52,HEALTHY,31.06,50.3,0.0,0.7,5.89,2.6,0,Tomato (Vegetative),0.85,50.0,58.9,HEALTHY,1,40.0
2026-03-08 23:00:00,esp32-field-01,HOT_HIGH_ET0,26.19,2394,25.14,74.86,HEALTHY,28.49,52.3,0.0,0.59,5.32,4.7,0,Tomato (Vegetative),0.85,50.0,58.9,HEALTHY,1,30.0
2026-03-09 00:00:00,esp32-field-01,HOT_HIGH_ET0,26.23,2404,26.37,73.63,HEALTHY,26.54,52.8,0.0,1.23,5.46,0.7,0,Tomato (Vegetative),0.85,50.0,58.9,HEALTHY,1,25.0
2026-03-09 01:00:00,esp32-field-01,HOT_HIGH_ET0,26.31,2393,26.37,73.63,HEALTHY,26.47,62.0,0.0,0.09,5.12,5.3,0,Tomato (Vegetative),0.85,50.0,58.9,HEALTHY,1,40.0
2026-03-09 02:00:00,esp32-field-01,HOT_HIGH_ET0,26.36,2423,26.35,73.65,HEALTHY,27.36,62.6,0.0,0.8,5.29,3.2,0,Tomato (Vegetative),0.85,50.0,58.9,HEALTHY,1,25.0
2026-03-09 03:00:00,esp32-field-01,HOT_HIGH_ET0,26.41,2391,26.48,73.52,HEALTHY,26.61,60.3,0.0,1.2,5.23,4.9,0,Tomato (Vegetative),0.85,50.0,58.9,HEALTHY,1,25.0
2026-03-09 04:00:00,esp32-field-01,HOT_HIGH_ET0,26.49,2398,26.05,73.95,HEALTHY,28.11,53.4,0.0,6.85,5.72,0.7,0,Tomato (Vegetative),0.85,50.0,58.9,HEALTHY,1,40.0
2026-03-09 05:00:00,esp32-field-01,HOT_HIGH_ET0,26.53,2386,27.08,72.92,HEALTHY,29.25,56.9,0.0,0.68,5.6,2.7,0,Tomato (Vegetative),0.85,50.0,58.9,HEALTHY,1,25.0
2026-03-09 06:00:00,esp32-field-01,HOT_HIGH_ET0,26.52,2399,26.6,73.4,HEALTHY,32.22,49.8,0.0,0.95,6.11,1.9,0,Tomato (Vegetative),0.85,50.0,58.9,HEALTHY,0,0.0
2026-03-09 07:00:00,esp32-field-01,HOT_HIGH_ET0,26.48,2397,26.15,73.85,HEALTHY,31.99,49.1,0.0,0.26,6.19,0.1,0,Tomato (Vegetative),0.85,50.0,58.9,HEALTHY,0,0.0
2026-03-09 08:00:00,esp32-field-01,HOT_HIGH_ET0,26.49,2418,25.86,74.14,HEALTHY,33.07,36.5,0.0,0.61,6.92,0.3,0,Tomato (Vegetative),0.85,50.0,58.8,HEALTHY,1,40.0
2026-03-09 09:00:00,esp32-field-01,HOT_HIGH_ET0,26.42,2369,28.27,71.73,HEALTHY,36.79,33.5,0.0,2.1,7.24,0.8,0,Tomato (Vegetative),0.85,50.0,58.8,HEALTHY,1,30.0
2026-03-09 10:00:00,esp32-field-01,HOT_HIGH_ET0,26.32,2408,26.28,73.72,HEALTHY,37.35,27.7,0.0,0.37,7.46,0.4,0,Tomato (Vegetative),0.85,50.0,58.8,HEALTHY,1,25.0
2026-03-09 11:00:00,esp32-field-01,HOT_HIGH_ET0,26.22,2391,26.98,73.02,HEALTHY,39.21,34.7,0.0,0.71,7.79,2.3,0,Tomato (Vegetative),0.85,50.0,58.8,HEALTHY,1,40.0
2026-03-09 12:00:00,esp32-field-01,HOT_HIGH_ET0,26.1,2432,25.38,74.62,HEALTHY,41.07,29.3,0.0,0.53,8.37,0.6,0,Tomato (Vegetative),0.85,50.0,58.8,HEALTHY,1,40.0
2026-03-09 13:00:00,esp32-field-01,HOT_HIGH_ET0,25.98,2423,26.27,73.73,HEALTHY,41.54,20.1,0.0,0.44,7.87,12.8,0,Tomato (Vegetative),0.85,50.0,58.8,HEALTHY,1,30.0
2026-03-09 14:00:00,esp32-field-01,HOT_HIGH_ET0,25.87,2413,26.42,73.58,HEALTHY,40.46,21.4,0.0,0.24,8.28,6.8,0,Tomato (Vegetative),0.85,50.0,58.8,HEALTHY,1,30.0
2026-03-09 15:00:00,esp32-field-01,HOT_HIGH_ET0,25.78,2413,25.61,74.39,HEALTHY,40.73,21.5,0.0,1.17,8.15,4.8,0,Tomato (Vegetative),0.85,50.0,58.8,HEALTHY,1,25.0
2026-03-09 16:00:00,esp32-field-01,HOT_HIGH_ET0,25.77,2452,24.7,75.3,HEALTHY,40.89,21.2,0.0,0.1,8.1,2.9,0,Tomato (Vegetative),0.85,50.0,58.8,HEALTHY,1,40.0
2026-03-09 17:00:00,esp32-field-01,HOT_HIGH_ET0,25.78,2398,25.35,74.65,HEALTHY,38.82,29.5,0.0,0.67,7.17,0.1,0,Tomato (Vegetative),0.85,50.0,58.8,HEALTHY,1,25.0
2026-03-09 18:00:00,esp32-field-01,HOT_HIGH_ET0,25.84,2359,27.03,72.97,HEALTHY,38.4,33.0,0.0,8.39,7.75,1.2,0,Tomato (Vegetative),0.85,50.0,58.7,HEALTHY,1,30.0
2026-03-09 19:00:00,esp32-field-01,HOT_HIGH_ET0,25.9,2370,27.85,72.15,HEALTHY,34.0,40.3,0.0,0.48,6.68,0.8,0,Tomato (Vegetative),0.85,50.0,58.7,HEALTHY,1,30.0
2026-03-09 20:00:00,esp32-field-01,HOT_HIGH_ET0,25.94,2398,26.01,73.99,HEALTHY,34.33,42.1,0.0,0.16,7.49,0.3,0,Tomato (Vegetative),0.85,50.0,58.7,HEALTHY,1,25.0
2026-03-09 21:00:00,esp32-field-01,HOT_HIGH_ET0,26.02,2413,25.26,74.74,HEALTHY,32.58,45.0,0.0,2.73,7.19,1.6,0,Tomato (Vegetative),0.85,50.0,58.7,HEALTHY,1,40.0
2026-03-09 22:00:00,esp32-field-01,HOT_HIGH_ET0,26.07,2379,27.62,72.38,HEALTHY,30.64,51.1,0.0,1.55,6.36,3.0,0,Tomato (Vegetative),0.85,50.0,58.7,HEALTHY,1,25.0
2026-03-09 23:00:00,esp32-field-01,HOT_HIGH_ET0,26.11,2388,26.33,73.67,HEALTHY,27.98,51.2,0.0,1.01,5.35,0.3,0,Tomato (Vegetative),0.85,50.0,58.7,HEALTHY,1,25.0
2026-03-10 00:00:00,esp32-field-01,HOT_HIGH_ET0,26.16,2388,26.53,73.47,HEALTHY,26.49,50.5,0.0,2.21,5.44,0.0,0,Tomato (Vegetative),0.85,50.0,58.7,HEALTHY,1,25.0
2026-03-10 01:00:00,esp32-field-01,HOT_HIGH_ET0,26.21,2410,26.29,73.71,HEALTHY,27.65,62.0,0.0,1.62,5.32,2.8,0,Tomato (Vegetative),0.85,50.0,58.7,HEALTHY,1,25.0
2026-03-10 02:00:00,esp32-field-01,HOT_HIGH_ET0,26.26,2398,26.37,73.63,HEALTHY,27.2,56.4,0.0,0.15,5.51,1.8,0,Tomato (Vegetative),0.85,50.0,58.7,HEALTHY,1,30.0
2026-03-10 03:00:00,esp32-field-01,HOT_HIGH_ET0,26.34,2393,27.27,72.73,HEALTHY,26.18,57.4,0.0,1.23,5.01,3.2,0,Tomato (Vegetative),0.85,50.0,58.6,HEALTHY,1,40.0
2026-03-10 04:00:00,esp32-field-01,HOT_HIGH_ET0,26.4,2408,26.18,73.82,HEALTHY,27.21,59.1,0.0,2.54,5.52,1.4,0,Tomato (Vegetative),0.85,50.0,58.6,HEALTHY,1,30.0
2026-03-10 05:00:00,esp32-field-01,HOT_HIGH_ET0,26.48,2410,25.78,74.22,HEALTHY,28.97,52.1,0.0,1.3,6.0,12.9,0,Tomato (Vegetative),0.85,50.0,58.6,HEALTHY,1,40.0
2026-03-10 06:00:00,esp32-field-01,HOT_HIGH_ET0,26.54,2387,27.49,72.51,HEALTHY,29.95,52.9,0.0,1.24,5.77,1.7,0,Tomato (Vegetative),0.85,50.0,58.6,HEALTHY,1,30.0
2026-03-10 07:00:00,esp32-field-01,HOT_HIGH_ET0,26.5,2425,26.57,73.43,HEALTHY,31.61,42.8,0.0,0.28,6.37,1.8,0,Tomato (Vegetative),0.85,50.0,58.6,HEALTHY,0,0.0
2026-03-10 08:00:00,esp32-field-01,HOT_HIGH_ET0,26.48,2417,26.03,73.97,HEALTHY,33.42,37.3,0.0,0.08,6.69,0.3,0,Tomato (Vegetative),0.85,50.0,58.6,HEALTHY,1,30.0
2026-03-10 09:00:00,esp32-field-01,HOT_HIGH_ET0,26.41,2420,26.09,73.91,HEALTHY,35.41,34.4,0.0,0.54,7.13,15.8,0,Tomato (Vegetative),0.85,50.0,58.6,HEALTHY,1,25.0
2026-03-10 10:00:00,esp32-field-01,HOT_HIGH_ET0,26.34,2409,26.12,73.88,HEALTHY,37.92,29.9,0.0,3.68,7.62,0.3,0,Tomato (Vegetative),0.85,50.0,58.6,HEALTHY,1,40.0
2026-03-10 11:00:00,esp32-field-01,HOT_HIGH_ET0,26.2,2414,25.72,74.28,HEALTHY,40.03,27.0,0.0,2.5,8.12,2.3,0,Tomato (Vegetative),0.85,50.0,58.6,HEALTHY,1,25.0
2026-03-10 12:00:00,esp32-field-01,HOT_HIGH_ET0,26.09,2401,25.47,74.53,HEALTHY,39.81,22.3,0.0,1.06,8.03,1.0,0,Tomato (Vegetative),0.85,50.0,58.6,HEALTHY,1,40.0
2026-03-10 13:00:00,esp32-field-01,HOT_HIGH_ET0,25.95,2412,25.83,74.17,HEALTHY,41.31,26.7,0.0,3.16,8.22,0.1,0,Tomato (Vegetative),0.85,50.0,58.5,HEALTHY,1,30.0
2026-03-10 14:00:00,esp32-field-01,HOT_HIGH_ET0,25.84,2400,26.32,73.68,HEALTHY,41.05,22.6,0.0,0.18,8.5,4.6,0,Tomato (Vegetative),0.85,50.0,58.5,HEALTHY,1,30.0
2026-03-10 15:00:00,esp32-field-01,HOT_HIGH_ET0,25.79,2384,26.12,73.88,HEALTHY,41.43,20.0,0.0,0.42,7.97,13.7,0,Tomato (Vegetative),0.85,50.0,58.5,HEALTHY,1,40.0
2026-03-10 16:00:00,esp32-field-01,HOT_HIGH_ET0,25.74,2433,25.5,74.5,HEALTHY,40.71,20.5,0.0,3.46,7.85,2.8,0,Tomato (Vegetative),0.85,50.0,58.5,HEALTHY,1,25.0
2026-03-10 17:00:00,esp32-field-01,HOT_HIGH_ET0,25.75,2398,26.53,73.47,HEALTHY,39.44,21.4,0.0,0.8,7.99,0.5,0,Tomato (Vegetative),0.85,50.0,58.5,HEALTHY,1,25.0
2026-03-10 18:00:00,esp32-field-01,HOT_HIGH_ET0,25.82,2413,26.36,73.64,HEALTHY,36.82,35.2,0.0,0.54,7.19,1.2,0,Tomato (Vegetative),0.85,50.0,58.5,HEALTHY,1,30.0
2026-03-10 19:00:00,esp32-field-01,HOT_HIGH_ET0,25.86,2424,25.87,74.13,HEALTHY,35.27,37.5,0.0,0.54,7.11,1.1,0,Tomato (Vegetative),0.85,50.0,58.5,HEALTHY,1,25.0
2026-03-10 20:00:00,esp32-field-01,HOT_HIGH_ET0,25.94,2400,26.45,73.55,HEALTHY,33.36,42.8,0.0,0.28,6.8,2.7,0,Tomato (Vegetative),0.85,50.0,58.5,HEALTHY,1,40.0
2026-03-10 21:00:00,esp32-field-01,HOT_HIGH_ET0,26.02,2426,25.28,74.72,HEALTHY,31.92,45.7,0.0,1.22,6.35,0.8,0,Tomato (Vegetative),0.85,50.0,58.5,HEALTHY,1,40.0
2026-03-10 22:00:00,esp32-field-01,HOT_HIGH_ET0,26.07,2402,26.64,73.36,HEALTHY,29.16,54.5,0.0,1.24,5.92,15.6,0,Tomato (Vegetative),0.85,50.0,58.5,HEALTHY,1,30.0
2026-03-10 23:00:00,esp32-field-01,HOT_HIGH_ET0,26.15,2425,26.48,73.52,HEALTHY,28.65,49.4,0.0,0.29,5.64,0.4,0,Tomato (Vegetative),0.85,50.0,58.5,HEALTHY,1,40.0
2026-03-11 00:00:00,esp32-field-01,HOT_HIGH_ET0,26.21,2377,26.76,73.24,HEALTHY,26.8,52.6,0.0,0.47,5.31,1.0,0,Tomato (Vegetative),0.85,50.0,58.4,HEALTHY,1,30.0
2026-03-11 01:00:00,esp32-field-01,HOT_HIGH_ET0,26.27,2406,26.72,73.28,HEALTHY,28.34,56.8,0.0,1.69,5.56,0.8,0,Tomato (Vegetative),0.85,50.0,58.4,HEALTHY,1,30.0
2026-03-11 02:00:00,esp32-field-01,HOT_HIGH_ET0,26.33,2417,25.14,74.86,HEALTHY,26.04,55.4,0.0,0.04,4.84,1.8,0,Tomato (Vegetative),0.85,50.0,58.4,HEALTHY,1,30.0
2026-03-11 03:00:00,esp32-field-01,HOT_HIGH_ET0,26.37,2414,26.72,73.28,HEALTHY,27.74,57.3,0.0,0.63,5.73,10.2,0,Tomato (Vegetative),0.85,50.0,58.4,HEALTHY,1,25.0
2026-03-11 04:00:00,esp32-field-01,HOT_HIGH_ET0,26.43,2385,26.42,73.58,HEALTHY,28.47,53.0,0.0,3.84,5.85,5.0,0,Tomato (Vegetative),0.85,50.0,58.4,HEALTHY,1,30.0
2026-03-11 05:00:00,esp32-field-01,HOT_HIGH_ET0,26.49,2405,25.75,74.25,HEALTHY,28.81,54.6,0.0,1.53,5.9,2.6,0,Tomato (Vegetative),0.85,50.0,58.4,HEALTHY,1,30.0
2026-03-11 06:00:00,esp32-field-01,HOT_HIGH_ET0,26.53,2398,27.09,72.91,HEALTHY,30.17,50.7,0.0,1.01,6.44,0.9,0,Tomato (Vegetative),0.85,50.0,58.4,HEALTHY,1,25.0
2026-03-11 07:00:00,esp32-field-01,HOT_HIGH_ET0,26.49,2400,26.57,73.43,HEALTHY,31.73,42.5,0.0,1.44,6.36,0.3,0,Tomato (Vegetative),0.85,50.0,58.4,HEALTHY,0,0.0
2026-03-11 08:00:00,esp32-field-01,HOT_HIGH_ET0,26.5,2394,26.38,73.62,HEALTHY,32.83,41.9,0.0,3.36,6.6,3.0,0,Tomato (Vegetative),0.85,50.0,58.4,HEALTHY,1,40.0
2026-03-11 09:00:00,esp32-field-01,HOT_HIGH_ET0,26.43,2389,26.97,73.03,HEALTHY,35.93,34.1,0.0,0.93,7.14,2.6,0,Tomato (Vegetative),0.85,50.0,58.4,HEALTHY,1,25.0
2026-03-11 10:00:00,esp32-field-01,HOT_HIGH_ET0,26.35,2408,26.42,73.58,HEALTHY,38.0,28.9,0.0,0.18,8.04,7.5,0,Tomato (Vegetative),0.85,50.0,58.3,HEALTHY,1,40.0
2026-03-11 11:00:00,esp32-field-01,HOT_HIGH_ET0,26.23,2421,25.98,74.02,HEALTHY,40.18,25.3,0.0,1.27,8.3,2.2,0,Tomato (Vegetative),0.85,50.0,58.3,HEALTHY,1,40.0
2026-03-11 12:00:00,esp32-field-01,HOT_HIGH_ET0,26.12,2408,26.38,73.62,HEALTHY,41.01,22.5,0.0,0.15,8.28,0.6,0,Tomato (Vegetative),0.85,50.0,58.3,HEALTHY,1,40.0
2026-03-11 13:00:00,esp32-field-01,HOT_HIGH_ET0,25.97,2370,26.84,73.16,HEALTHY,41.31,23.0,0.0,0.58,8.39,3.6,0,Tomato (Vegetative),0.85,50.0,58.3,HEALTHY,1,25.0
2026-03-11 14:00:00,esp32-field-01,HOT_HIGH_ET0,25.88,2440,25.12,74.88,HEALTHY,40.86,22.4,0.0,0.24,8.27,1.7,0,Tomato (Vegetative),0.85,50.0,58.3,HEALTHY,1,40.0
2026-03-11 15:00:00,esp32-field-01,HOT_HIGH_ET0,25.79,2410,26.25,73.75,HEALTHY,41.57,20.0,0.0,1.61,8.14,0.3,0,Tomato (Vegetative),0.85,50.0,58.3,HEALTHY,1,25.0
2026-03-11 16:00:00,esp32-field-01,HOT_HIGH_ET0,25.78,2406,25.81,74.19,HEALTHY,39.95,26.7,0.0,0.53,7.95,0.1,0,Tomato (Vegetative),0.85,50.0,58.3,HEALTHY,1,40.0
2026-03-11 17:00:00,esp32-field-01,HOT_HIGH_ET0,25.79,2405,26.67,73.33,HEALTHY,40.25,28.3,0.0,0.77,8.28,3.1,0,Tomato (Vegetative),0.85,50.0,58.3,HEALTHY,1,25.0
2026-03-11 18:00:00,esp32-field-01,HOT_HIGH_ET0,25.88,2428,25.24,74.76,HEALTHY,37.82,30.4,0.0,1.02,7.63,1.5,0,Tomato (Vegetative),0.85,50.0,58.3,HEALTHY,1,40.0
2026-03-11 19:00:00,esp32-field-01,HOT_HIGH_ET0,25.92,2433,25.78,74.22,HEALTHY,36.64,35.3,0.0,1.88,7.21,0.9,0,Tomato (Vegetative),0.85,50.0,58.2,HEALTHY,1,25.0
2026-03-11 20:00:00,esp32-field-01,HOT_HIGH_ET0,25.97,2422,25.96,74.04,HEALTHY,34.56,37.0,0.0,0.05,7.13,2.7,0,Tomato (Vegetative),0.85,50.0,58.2,HEALTHY,1,30.0
2026-03-11 21:00:00,esp32-field-01,HOT_HIGH_ET0,26.05,2410,25.95,74.05,HEALTHY,32.47,43.4,0.0,0.13,6.6,7.4,0,Tomato (Vegetative),0.85,50.0,58.2,HEALTHY,1,40.0
2026-03-11 22:00:00,esp32-field-01,HOT_HIGH_ET0,26.11,2391,27.32,72.68,HEALTHY,30.84,50.1,0.0,0.42,5.81,0.4,0,Tomato (Vegetative),0.85,50.0,58.2,HEALTHY,1,30.0
2026-03-11 23:00:00,esp32-field-01,HOT_HIGH_ET0,26.17,2390,27.03,72.97,HEALTHY,29.53,56.6,0.0,1.7,5.99,0.2,0,Tomato (Vegetative),0.85,50.0,58.2,HEALTHY,1,30.0
2026-03-12 00:00:00,esp32-field-01,HOT_HIGH_ET0,26.21,2420,25.39,74.61,HEALTHY,26.23,55.6,0.0,2.19,4.97,1.3,0,Tomato (Vegetative),0.85,50.0,58.2,HEALTHY,1,25.0
2026-03-12 01:00:00,esp32-field-01,HOT_HIGH_ET0,26.26,2409,25.66,74.34,HEALTHY,27.94,64.1,0.0,0.72,5.62,0.1,0,Tomato (Vegetative),0.85,50.0,58.2,HEALTHY,1,25.0
2026-03-12 02:00:00,esp32-field-01,HOT_HIGH_ET0,26.32,2381,27.42,72.58,HEALTHY,26.01,58.8,0.0,1.1,4.89,0.1,0,Tomato (Vegetative),0.85,50.0,58.2,HEALTHY,1,30.0
2026-03-12 03:00:00,esp32-field-01,HOT_HIGH_ET0,26.4,2418,25.79,74.21,HEALTHY,26.93,58.8,0.0,5.86,5.42,0.0,0,Tomato (Vegetative),0.85,50.0,58.2,HEALTHY,1,40.0
2026-03-12 04:00:00,esp32-field-01,HOT_HIGH_ET0,26.45,2413,25.53,74.47,HEALTHY,26.84,60.6,0.0,0.79,5.3,1.7,0,Tomato (Vegetative),0.85,50.0,58.2,HEALTHY,1,25.0
2026-03-12 05:00:00,esp32-field-01,HOT_HIGH_ET0,26.5,2392,27.52,72.48,HEALTHY,28.16,52.4,0.0,1.86,5.63,2.3,0,Tomato (Vegetative),0.85,50.0,58.1,HEALTHY,1,30.0
2026-03-12 06:00:00,esp32-field-01,HOT_HIGH_ET0,26.49,2395,26.56,73.44,HEALTHY,30.17,50.3,0.0,2.03,6.21,4.2,0,Tomato (Vegetative),0.85,50.0,58.1,HEALTHY,0,0.0
2026-03-12 07:00:00,esp32-field-01,HOT_HIGH_ET0,26.5,2426,26.0,74.0,HEALTHY,32.96,40.5,0.0,2.56,7.04,1.7,0,Tomato (Vegetative),0.85,50.0,58.1,HEALTHY,1,25.0
2026-03-12 08:00:00,esp32-field-01,HOT_HIGH_ET0,26.42,2412,26.24,73.76,HEALTHY,33.19,38.5,0.0,0.27,6.55,4.2,0,Tomato (Vegetative),0.85,50.0,58.1,HEALTHY,0,0.0
2026-03-12 09:00:00,esp32-field-01,HOT_HIGH_ET0,26.38,2398,27.97,72.03,HEALTHY,35.43,33.2,0.0,1.67,7.49,4.3,0,Tomato (Vegetative),0.85,50.0,58.1,HEALTHY,1,40.0
2026-03-12 10:00:00,esp32-field-01,HOT_HIGH_ET0,26.28,2378,27.93,72.07,HEALTHY,37.38,31.9,0.0,0.68,7.36,0.6,0,Tomato (Vegetative),0.85,50.0,58.1,HEALTHY,1,25.0
2026-03-12 11:00:00,esp32-field-01,HOT_HIGH_ET0,26.18,2440,25.29,74.71,HEALTHY,38.88,25.5,0.0,0.77,7.84,0.3,0,Tomato (Vegetative),0.85,50.0,58.1,HEALTHY,1,40.0
2026-03-12 12:00:00,esp32-field-01,HOT_HIGH_ET0,26.06,2432,25.18,74.82,HEALTHY,40.42,22.1,0.0,2.03,8.26,2.7,0,Tomato (Vegetative),0.85,50.0,58.1,HEALTHY,1,40.0
2026-03-12 13:00:00,esp32-field-01,HOT_HIGH_ET0,25.95,2393,26.55,73.45,HEALTHY,40.32,21.3,0.0,0.34,8.21,0.2,0,Tomato (Vegetative),0.85,50.0,58.1,HEALTHY,1,40.0
2026-03-12 14:00:00,esp32-field-01,HOT_HIGH_ET0,25.83,2396,25.74,74.26,HEALTHY,42.9,23.9,0.0,0.54,8.39,1.6,0,Tomato (Vegetative),0.85,50.0,58.1,HEALTHY,1,25.0
2026-03-12 15:00:00,esp32-field-01,HOT_HIGH_ET0,25.77,2405,25.51,74.49,HEALTHY,40.52,22.3,0.0,0.37,8.03,4.4,0,Tomato (Vegetative),0.85,50.0,58.0,HEALTHY,1,40.0
2026-03-12 16:00:00,esp32-field-01,HOT_HIGH_ET0,25.76,2436,24.62,75.38,HEALTHY,40.8,23.6,0.0,0.07,7.94,2.4,0,Tomato (Vegetative),0.85,50.0,58.0,HEALTHY,1,40.0
2026-03-12 17:00:00,esp32-field-01,HOT_HIGH_ET0,25.8,2445,24.09,75.91,HEALTHY,38.55,27.1,0.0,1.66,7.74,0.3,0,Tomato (Vegetative),0.85,50.0,58.0,HEALTHY,1,40.0
2026-03-12 18:00:00,esp32-field-01,HOT_HIGH_ET0,25.87,2421,25.9,74.1,HEALTHY,37.3,29.5,0.0,1.59,7.35,1.6,0,Tomato (Vegetative),0.85,50.0,58.0,HEALTHY,1,30.0
2026-03-12 19:00:00,esp32-field-01,HOT_HIGH_ET0,25.93,2407,25.67,74.33,HEALTHY,35.61,30.6,0.0,0.75,6.94,4.3,0,Tomato (Vegetative),0.85,50.0,58.0,HEALTHY,1,30.0
2026-03-12 20:00:00,esp32-field-01,HOT_HIGH_ET0,25.98,2395,26.23,73.77,HEALTHY,33.57,38.2,0.0,1.37,6.9,1.1,0,Tomato (Vegetative),0.85,50.0,58.0,HEALTHY,1,30.0
2026-03-12 21:00:00,esp32-field-01,HOT_HIGH_ET0,26.06,2426,25.1,74.9,HEALTHY,30.46,44.9,0.0,0.35,5.6,4.4,0,Tomato (Vegetative),0.85,50.0,58.0,HEALTHY,1,40.0
2026-03-12 22:00:00,esp32-field-01,HOT_HIGH_ET0,26.11,2407,25.38,74.62,HEALTHY,29.92,48.0,0.0,0.05,6.25,0.4,0,Tomato (Vegetative),0.85,50.0,58.0,HEALTHY,1,25.0
2026-03-12 23:00:00,esp32-field-01,HOT_HIGH_ET0,26.15,2431,25.22,74.78,HEALTHY,28.82,51.8,0.0,0.02,5.77,0.4,0,Tomato (Vegetative),0.85,50.0,58.0,HEALTHY,1,25.0
2026-03-13 00:00:00,esp32-field-01,HOT_HIGH_ET0,26.21,2399,26.61,73.39,HEALTHY,27.5,58.3,0.0,1.3,5.74,0.2,0,Tomato (Vegetative),0.85,50.0,58.0,HEALTHY,1,30.0
2026-03-13 01:00:00,esp32-field-01,HOT_HIGH_ET0,26.26,2392,26.39,73.61,HEALTHY,27.98,60.5,0.0,1.15,5.47,9.8,0,Tomato (Vegetative),0.85,50.0,58.0,HEALTHY,1,25.0
2026-03-13 02:00:00,esp32-field-01,HOT_HIGH_ET0,26.32,2441,25.01,74.99,HEALTHY,27.13,60.0,0.0,0.13,5.37,3.6,0,Tomato (Vegetative),0.85,50.0,57.9,HEALTHY,1,30.0
2026-03-13 03:00:00,esp32-field-01,HOT_HIGH_ET0,26.4,2412,26.56,73.44,HEALTHY,26.98,61.5,0.0,3.22,5.41,0.2,0,Tomato (Vegetative),0.85,50.0,57.9,HEALTHY,1,40.0
2026-03-13 04:00:00,esp32-field-01,HOT_HIGH_ET0,26.44,2407,27.12,72.88,HEALTHY,26.42,56.0,0.0,4.94,5.31,3.7,0,Tomato (Vegetative),0.85,50.0,57.9,HEALTHY,1,25.0
2026-03-13 05:00:00,esp32-field-01,HOT_HIGH_ET0,26.5,2389,27.18,72.82,HEALTHY,28.95,52.7,0.0,0.62,5.76,3.9,0,Tomato (Vegetative),0.85,50.0,57.9,HEALTHY,1,30.0
2026-03-13 06:00:00,esp32-field-01,HOT_HIGH_ET0,26.56,2414,26.02,73.98,HEALTHY,29.38,48.7,0.0,2.78,5.68,1.9,0,Tomato (Vegetative),0.85,50.0,57.9,HEALTHY,1,30.0
2026-03-13 07:00:00,esp32-field-01,HOT_HIGH_ET0,26.52,2387,27.27,72.73,HEALTHY,31.88,46.3,0.0,0.05,6.38,6.8,0,Tomato (Vegetative),0.85,50.0,57.9,HEALTHY,0,0.0
2026-03-13 08:00:00,esp32-field-01,HOT_HIGH_ET0,26.43,2371,27.41,72.59,HEALTHY,33.74,39.4,0.0,4.47,6.78,3.6,0,Tomato (Vegetative),0.85,50.0,57.9,HEALTHY,0,0.0
2026-03-13 09:00:00,esp32-field-01,HOT_HIGH_ET0,26.37,2418,25.47,74.53,HEALTHY,36.22,34.9,0.0,0.5,7.02,10.5,0,Tomato (Vegetative),0.85,50.0,57.9,HEALTHY,1,30.0
2026-03-13 10:00:00,esp32-field-01,HOT_HIGH_ET0,26.32,2407,27.38,72.62,HEALTHY,36.61,25.9,0.0,1.25,6.87,2.6,0,Tomato (Vegetative),0.85,50.0,57.9,HEALTHY,1,40.0
2026-03-13 11:00:00,esp32-field-01,HOT_HIGH_ET0,26.19,2397,26.06,73.94,HEALTHY,39.47,30.8,0.0,0.91,7.56,4.5,0,Tomato (Vegetative),0.85,50.0,57.8,HEALTHY,1,25.0
2026-03-13 12:00:00,esp32-field-01,HOT_HIGH_ET0,26.08,2378,27.2,72.8,HEALTHY,40.04,23.4,0.0,0.83,7.84,10.3,0,Tomato (Vegetative),0.85,50.0,57.8,HEALTHY,1,40.0
2026-03-13 13:00:00,esp32-field-01,HOT_HIGH_ET0,25.92,2378,27.71,72.29,HEALTHY,42.15,23.4,0.0,1.18,8.89,1.6,0,Tomato (Vegetative),0.85,50.0,57.8,HEALTHY,1,25.0
2026-03-13 14:00:00,esp32-field-01,HOT_HIGH_ET0,25.81,2402,26.28,73.72,HEALTHY,42.5,20.0,0.0,2.83,8.45,4.1,0,Tomato (Vegetative),0.85,50.0,57.8,HEALTHY,1,30.0
2026-03-13 15:00:00,esp32-field-01,HOT_HIGH_ET0,25.75,2439,24.65,75.35,HEALTHY,41.11,22.6,0.0,0.37,8.24,0.1,0,Tomato (Vegetative),0.85,50.0,57.8,HEALTHY,1,40.0
2026-03-13 16:00:00,esp32-field-01,HOT_HIGH_ET0,25.74,2419,25.74,74.26,HEALTHY,40.39,24.6,0.0,0.57,8.17,1.0,0,Tomato (Vegetative),0.85,50.0,57.8,HEALTHY,1,40.0
2026-03-13 17:00:00,esp32-field-01,HOT_HIGH_ET0,25.75,2426,24.62,75.38,HEALTHY,40.18,23.9,0.0,3.21,7.44,0.2,0,Tomato (Vegetative),0.85,50.0,57.8,HEALTHY,1,25.0
2026-03-13 18:00:00,esp32-field-01,HOT_HIGH_ET0,25.8,2409,26.56,73.44,HEALTHY,37.92,30.9,0.0,0.42,7.8,9.4,0,Tomato (Vegetative),0.85,50.0,57.8,HEALTHY,1,25.0
2026-03-13 19:00:00,esp32-field-01,HOT_HIGH_ET0,25.85,2411,26.68,73.32,HEALTHY,36.89,35.2,0.0,1.12,7.27,6.6,0,Tomato (Vegetative),0.85,50.0,57.8,HEALTHY,1,25.0
2026-03-13 20:00:00,esp32-field-01,HOT_HIGH_ET0,25.9,2381,26.84,73.16,HEALTHY,35.21,40.0,0.0,1.89,6.59,3.0,0,Tomato (Vegetative),0.85,50.0,57.8,HEALTHY,1,30.0
2026-03-13 21:00:00,esp32-field-01,HOT_HIGH_ET0,25.98,2411,25.3,74.7,HEALTHY,32.42,46.5,0.0,0.31,6.63,4.1,0,Tomato (Vegetative),0.85,50.0,57.8,HEALTHY,1,40.0
2026-03-13 22:00:00,esp32-field-01,HOT_HIGH_ET0,26.03,2402,25.69,74.31,HEALTHY,29.35,50.1,0.0,1.8,5.91,0.0,0,Tomato (Vegetative),0.85,50.0,57.7,HEALTHY,1,25.0
2026-03-13 23:00:00,esp32-field-01,HOT_HIGH_ET0,26.11,2389,26.01,73.99,HEALTHY,28.1,57.1,0.0,1.33,4.85,1.5,0,Tomato (Vegetative),0.85,50.0,57.7,HEALTHY,1,40.0
2026-03-14 00:00:00,esp32-field-01,HOT_HIGH_ET0,26.19,2408,26.03,73.97,HEALTHY,28.66,55.9,0.0,0.37,6.35,1.4,0,Tomato (Vegetative),0.85,50.0,57.7,HEALTHY,1,40.0
2026-03-14 01:00:00,esp32-field-01,HOT_HIGH_ET0,26.27,2409,26.66,73.34,HEALTHY,25.88,58.0,0.0,0.16,5.28,1.4,0,Tomato (Vegetative),0.85,50.0,57.7,HEALTHY,1,40.0
2026-03-14 02:00:00,esp32-field-01,HOT_HIGH_ET0,26.33,2409,25.94,74.06,HEALTHY,25.89,59.9,0.0,2.63,4.73,2.0,0,Tomato (Vegetative),0.85,50.0,57.7,HEALTHY,1,30.0
2026-03-14 03:00:00,esp32-field-01,HOT_HIGH_ET0,26.37,2416,25.89,74.11,HEALTHY,27.74,56.5,0.0,0.35,5.23,5.6,0,Tomato (Vegetative),0.85,50.0,57.7,HEALTHY,1,25.0
2026-03-14 04:00:00,esp32-field-01,HOT_HIGH_ET0,26.43,2415,25.59,74.41,HEALTHY,28.39,57.6,0.0,4.31,6.04,0.6,0,Tomato (Vegetative),0.85,50.0,57.7,HEALTHY,1,30.0
2026-03-14 05:00:00,esp32-field-01,HOT_HIGH_ET0,26.48,2411,25.27,74.73,HEALTHY,29.51,52.9,0.0,1.73,5.91,8.8,0,Tomato (Vegetative),0.85,50.0,57.7,HEALTHY,1,25.0
2026-03-14 06:00:00,esp32-field-01,HOT_HIGH_ET0,26.53,2420,24.66,75.34,HEALTHY,31.23,50.1,0.0,0.44,6.29,0.0,0,Tomato (Vegetative),0.85,50.0,57.7,HEALTHY,1,30.0
2026-03-14 07:00:00,esp32-field-01,HOT_HIGH_ET0,26.49,2380,27.55,72.45,HEALTHY,31.22,42.8,0.0,1.82,6.06,1.2,0,Tomato (Vegetative),0.85,50.0,57.6,HEALTHY,0,0.0
2026-03-14 08:00:00,esp32-field-01,HOT_HIGH_ET0,26.47,2417,26.71,73.29,HEALTHY,33.66,43.2,0.0,2.5,6.69,10.3,0,Tomato (Vegetative),0.85,50.0,57.6,HEALTHY,1,25.0
2026-03-14 09:00:00,esp32-field-01,HOT_HIGH_ET0,26.39,2433,25.18,74.82,HEALTHY,36.12,34.8,0.0,1.44,7.23,5.9,0,Tomato (Vegetative),0.85,50.0,57.6,HEALTHY,1,25.0
2026-03-14 10:00:00,esp32-field-01,HOT_HIGH_ET0,26.29,2412,25.43,74.57,HEALTHY,37.75,31.7,0.0,0.6,7.49,2.1,0,Tomato (Vegetative),0.85,50.0,57.6,HEALTHY,1,25.0
2026-03-14 11:00:00,esp32-field-01,HOT_HIGH_ET0,26.19,2428,25.87,74.13,HEALTHY,39.36,25.2,0.0,0.38,7.69,0.7,0,Tomato (Vegetative),0.85,50.0,57.6,HEALTHY,1,40.0
2026-03-14 12:00:00,esp32-field-01,HOT_HIGH_ET0,26.05,2401,26.71,73.29,HEALTHY,40.9,20.9,0.0,1.84,7.96,0.6,0,Tomato (Vegetative),0.85,50.0,57.6,HEALTHY,1,25.0
2026-03-14 13:00:00,esp32-field-01,HOT_HIGH_ET0,25.95,2394,26.49,73.51,HEALTHY,41.73,23.9,0.0,2.27,7.9,0.7,0,Tomato (Vegetative),0.85,50.0,57.6,HEALTHY,1,40.0
2026-03-14 14:00:00,esp32-field-01,HOT_HIGH_ET0,25.84,2367,27.43,72.57,HEALTHY,40.84,20.9,0.0,0.4,7.91,4.5,0,Tomato (Vegetative),0.85,50.0,57.6,HEALTHY,1,30.0
2026-03-14 15:00:00,esp32-field-01,HOT_HIGH_ET0,25.76,2410,26.03,73.97,HEALTHY,41.39,20.0,0.0,1.08,8.44,11.5,0,Tomato (Vegetative),0.85,50.0,57.6,HEALTHY,1,30.0
2026-03-14 16:00:00,esp32-field-01,HOT_HIGH_ET0,25.71,2413,25.58,74.42,HEALTHY,40.34,21.8,0.0,1.01,8.42,0.1,0,Tomato (Vegetative),0.85,50.0,57.6,HEALTHY,1,25.0
2026-03-14 17:00:00,esp32-field-01,HOT_HIGH_ET0,25.75,2424,25.4,74.6,HEALTHY,39.16,25.8,0.0,0.49,7.75,9.2,0,Tomato (Vegetative),0.85,50.0,57.5,HEALTHY,1,40.0
2026-03-14 18:00:00,esp32-field-01,HOT_HIGH_ET0,25.82,2398,26.31,73.69,HEALTHY,37.04,27.2,0.0,0.56,7.22,2.2,0,Tomato (Vegetative),0.85,50.0,57.5,HEALTHY,1,30.0
2026-03-14 19:00:00,esp32-field-01,HOT_HIGH_ET0,25.86,2409,26.54,73.46,HEALTHY,36.34,34.8,0.0,1.49,7.76,4.5,0,Tomato (Vegetative),0.85,50.0,57.5,HEALTHY,1,25.0
2026-03-14 20:00:00,esp32-field-01,HOT_HIGH_ET0,25.94,2425,24.62,75.38,HEALTHY,34.82,43.3,0.0,0.44,7.07,3.8,0,Tomato (Vegetative),0.85,50.0,57.5,HEALTHY,1,40.0
2026-03-14 21:00:00,esp32-field-01,HOT_HIGH_ET0,26.0,2423,25.48,74.52,HEALTHY,31.53,46.3,0.0,0.04,6.49,1.7,0,Tomato (Vegetative),0.85,50.0,57.5,HEALTHY,1,30.0
2026-03-14 22:00:00,esp32-field-01,HOT_HIGH_ET0,26.08,2440,24.9,75.1,HEALTHY,29.79,47.2,0.0,1.66,5.83,3.3,0,Tomato (Vegetative),0.85,50.0,57.5,HEALTHY,1,40.0
2026-03-14 23:00:00,esp32-field-01,HOT_HIGH_ET0,26.12,2436,26.16,73.84,HEALTHY,28.06,56.6,0.0,0.93,5.63,1.1,0,Tomato (Vegetative),0.85,50.0,57.5,HEALTHY,1,25.0
2026-03-15 00:00:00,esp32-field-01,HOT_HIGH_ET0,26.2,2393,26.86,73.14,HEALTHY,27.79,54.4,0.0,1.67,6.02,5.2,0,Tomato (Vegetative),0.85,50.0,57.5,HEALTHY,1,40.0
2026-03-15 01:00:00,esp32-field-01,HOT_HIGH_ET0,26.26,2401,26.74,73.26,HEALTHY,26.73,57.4,0.0,0.94,5.48,0.9,0,Tomato (Vegetative),0.85,50.0,57.5,HEALTHY,1,30.0
2026-03-15 02:00:00,esp32-field-01,HOT_HIGH_ET0,26.34,2411,25.74,74.26,HEALTHY,26.01,64.4,0.0,0.14,5.57,1.7,0,Tomato (Vegetative),0.85,50.0,57.5,HEALTHY,1,40.0
2026-03-15 03:00:00,esp32-field-01,HOT_HIGH_ET0,26.4,2409,26.39,73.61,HEALTHY,27.66,56.1,0.0,3.82,5.41,1.6,0,Tomato (Vegetative),0.85,50.0,57.5,HEALTHY,1,30.0
2026-03-15 04:00:00,esp32-field-01,HOT_HIGH_ET0,26.48,2378,26.91,73.09,HEALTHY,26.98,61.0,0.0,4.27,5.26,1.6,0,Tomato (Vegetative),0.85,50.0,57.4,HEALTHY,1,40.0
2026-03-15 05:00:00,esp32-field-01,HOT_HIGH_ET0,26.53,2416,26.39,73.61,HEALTHY,28.36,51.7,0.0,1.1,5.33,2.0,0,Tomato (Vegetative),0.85,50.0,57.4,HEALTHY,1,25.0
2026-03-15 06:00:00,esp32-field-01,HOT_HIGH_ET0,26.51,2411,25.56,74.44,HEALTHY,30.05,50.3,0.0,0.32,6.26,3.1,0,Tomato (Vegetative),0.85,50.0,57.4,HEALTHY,0,0.0
2026-03-15 07:00:00,esp32-field-01,HOT_HIGH_ET0,26.47,2459,23.58,76.42,HEALTHY,32.19,41.2,0.0,1.83,6.51,3.5,0,Tomato (Vegetative),0.85,50.0,57.4,HEALTHY,0,0.0
2026-03-15 08:00:00,esp32-field-01,HOT_HIGH_ET0,26.72,2408,26.82,73.18,HEALTHY,33.78,37.5,1.6,3.1,7.0,72.5,1,Tomato (Vegetative),0.85,50.0,60.6,HEALTHY,0,0.0
2026-03-15 09:00:00,esp32-field-01,HOT_HIGH_ET0,26.6,2408,26.65,73.35,HEALTHY,36.86,34.6,0.0,0.02,7.1,1.5,0,Tomato (Vegetative),0.85,50.0,57.4,HEALTHY,0,0.0
2026-03-15 10:00:00,esp32-field-01,HOT_HIGH_ET0,26.44,2379,27.43,72.57,HEALTHY,37.28,27.0,0.0,0.12,7.34,0.2,0,Tomato (Vegetative),0.85,50.0,57.4,HEALTHY,0,0.0
2026-03-15 11:00:00,esp32-field-01,HOT_HIGH_ET0,26.31,2431,25.23,74.77,HEALTHY,40.39,24.7,0.0,1.92,8.18,4.2,0,Tomato (Vegetative),0.85,50.0,57.4,HEALTHY,1,30.0
2026-03-15 12:00:00,esp32-field-01,HOT_HIGH_ET0,26.18,2404,26.08,73.92,HEALTHY,40.61,22.2,0.0,3.72,7.71,4.0,0,Tomato (Vegetative),0.85,50.0,57.4,HEALTHY,1,30.0
2026-03-15 13:00:00,esp32-field-01,HOT_HIGH_ET0,26.08,2380,27.37,72.63,HEALTHY,41.62,23.1,0.0,4.02,8.01,0.0,0,Tomato (Vegetative),0.85,50.0,57.3,HEALTHY,1,40.0
2026-03-15 14:00:00,esp32-field-01,HOT_HIGH_ET0,26.0,2390,27.06,72.94,HEALTHY,41.05,21.2,0.0,2.23,8.02,8.9,0,Tomato (Vegetative),0.85,50.0,57.3,HEALTHY,1,40.0
2026-03-15 15:00:00,esp32-field-01,HOT_HIGH_ET0,25.95,2432,25.24,74.76,HEALTHY,40.31,21.1,0.0,0.57,7.97,1.6,0,Tomato (Vegetative),0.85,50.0,57.3,HEALTHY,1,40.0
2026-03-15 16:00:00,esp32-field-01,HOT_HIGH_ET0,25.9,2412,25.31,74.69,HEALTHY,41.63,24.9,0.0,1.6,8.12,0.3,0,Tomato (Vegetative),0.85,50.0,57.3,HEALTHY,1,25.0
2026-03-15 17:00:00,esp32-field-01,HOT_HIGH_ET0,25.94,2420,25.92,74.08,HEALTHY,39.25,24.3,0.0,0.62,7.79,1.8,0,Tomato (Vegetative),0.85,50.0,57.3,HEALTHY,1,40.0
2026-03-15 18:00:00,esp32-field-01,HOT_HIGH_ET0,26.01,2392,27.03,72.97,HEALTHY,37.7,32.1,0.0,0.93,7.76,14.2,0,Tomato (Vegetative),0.85,50.0,57.3,HEALTHY,1,30.0
2026-03-15 19:00:00,esp32-field-01,HOT_HIGH_ET0,26.06,2403,25.56,74.44,HEALTHY,36.4,35.5,0.0,2.41,7.33,0.1,0,Tomato (Vegetative),0.85,50.0,57.3,HEALTHY,1,30.0
2026-03-15 20:00:00,esp32-field-01,HOT_HIGH_ET0,26.11,2395,26.37,73.63,HEALTHY,34.74,36.9,0.0,0.85,6.92,4.4,0,Tomato (Vegetative),0.85,50.0,57.3,HEALTHY,1,25.0
2026-03-15 21:00:00,esp32-field-01,HOT_HIGH_ET0,26.15,2385,27.11,72.89,HEALTHY,30.62,44.3,0.0,1.04,6.11,2.9,0,Tomato (Vegetative),0.85,50.0,57.3,HEALTHY,1,25.0
2026-03-15 22:00:00,esp32-field-01,HOT_HIGH_ET0,26.21,2385,27.55,72.45,HEALTHY,31.04,47.3,0.0,2.33,6.21,0.2,0,Tomato (Vegetative),0.85,50.0,57.3,HEALTHY,1,30.0
2026-03-15 23:00:00,esp32-field-01,HOT_HIGH_ET0,26.25,2393,26.76,73.24,HEALTHY,29.52,54.1,0.0,1.52,5.9,0.8,0,Tomato (Vegetative),0.85,50.0,57.2,HEALTHY,1,25.0
2026-03-16 00:00:00,esp32-field-01,HOT_HIGH_ET0,26.33,2409,25.18,74.82,HEALTHY,29.22,57.6,0.0,1.54,5.66,8.5,0,Tomato (Vegetative),0.85,50.0,57.2,HEALTHY,1,40.0
2026-03-16 01:00:00,esp32-field-01,HOT_HIGH_ET0,26.39,2420,26.59,73.41,HEALTHY,26.87,59.6,0.0,1.11,5.29,7.7,0,Tomato (Vegetative),0.85,50.0,57.2,HEALTHY,1,30.0
2026-03-16 02:00:00,esp32-field-01,HOT_HIGH_ET0,26.47,2385,26.58,73.42,HEALTHY,26.23,59.8,0.0,0.11,5.11,3.4,0,Tomato (Vegetative),0.85,50.0,57.2,HEALTHY,1,40.0
2026-03-16 03:00:00,esp32-field-01,HOT_HIGH_ET0,26.53,2375,27.24,72.76,HEALTHY,26.86,56.5,0.0,3.48,5.33,4.0,0,Tomato (Vegetative),0.85,50.0,57.2,HEALTHY,1,30.0
2026-03-16 04:00:00,esp32-field-01,HOT_HIGH_ET0,26.52,2428,26.0,74.0,HEALTHY,28.84,55.2,0.0,0.73,5.28,6.8,0,Tomato (Vegetative),0.85,50.0,57.2,HEALTHY,0,0.0
2026-03-16 05:00:00,esp32-field-01,HOT_HIGH_ET0,26.51,2405,26.88,73.12,HEALTHY,27.66,52.0,0.0,1.97,6.0,2.5,0,Tomato (Vegetative),0.85,50.0,57.2,HEALTHY,0,0.0
2026-03-16 06:00:00,esp32-field-01,HOT_HIGH_ET0,26.5,2395,26.96,73.04,HEALTHY,29.57,48.5,0.0,0.11,5.9,4.2,0,Tomato (Vegetative),0.85,50.0,57.2,HEALTHY,0,0.0
2026-03-16 07:00:00,esp32-field-01,HOT_HIGH_ET0,26.53,2404,27.13,72.87,HEALTHY,32.36,44.9,0.0,1.9,6.37,2.4,0,Tomato (Vegetative),0.85,50.0,57.2,HEALTHY,1,30.0
2026-03-16 08:00:00,esp32-field-01,HOT_HIGH_ET0,26.44,2388,27.16,72.84,HEALTHY,33.23,40.1,0.0,0.35,6.56,0.5,0,Tomato (Vegetative),0.85,50.0,57.2,HEALTHY,0,0.0
2026-03-16 09:00:00,esp32-field-01,HOT_HIGH_ET0,26.39,2416,26.15,73.85,HEALTHY,35.06,36.5,0.0,0.61,6.82,0.6,0,Tomato (Vegetative),0.85,50.0,57.1,HEALTHY,1,30.0
2026-03-16 10:00:00,esp32-field-01,HOT_HIGH_ET0,26.31,2433,25.36,74.64,HEALTHY,38.33,32.3,0.0,4.53,7.82,5.7,0,Tomato (Vegetative),0.85,50.0,57.1,HEALTHY,1,40.0
2026-03-16 11:00:00,esp32-field-01,HOT_HIGH_ET0,26.22,2398,26.32,73.68,HEALTHY,39.63,25.7,0.0,2.92,7.44,1.3,0,Tomato (Vegetative),0.85,50.0,57.1,HEALTHY,1,40.0
2026-03-16 12:00:00,esp32-field-01,HOT_HIGH_ET0,26.09,2417,26.28,73.72,HEALTHY,41.81,25.1,0.0,0.36,8.85,1.4,0,Tomato (Vegetative),0.85,50.0,57.1,HEALTHY,1,40.0
2026-03-16 13:00:00,esp32-field-01,HOT_HIGH_ET0,25.96,2409,24.7,75.3,HEALTHY,41.73,20.5,0.0,1.23,8.0,7.6,0,Tomato (Vegetative),0.85,50.0,57.1,HEALTHY,1,30.0
2026-03-16 14:00:00,esp32-field-01,HOT_HIGH_ET0,25.84,2387,26.45,73.55,HEALTHY,42.68,24.3,0.0,3.11,8.78,0.8,0,Tomato (Vegetative),0.85,50.0,57.1,HEALTHY,1,30.0
2026-03-16 15:00:00,esp32-field-01,HOT_HIGH_ET0,25.76,2412,26.39,73.61,HEALTHY,40.94,20.9,0.0,0.46,8.24,5.9,0,Tomato (Vegetative),0.85,50.0,57.1,HEALTHY,1,30.0
2026-03-16 16:00:00,esp32-field-01,HOT_HIGH_ET0,25.72,2425,26.13,73.87,HEALTHY,41.11,21.5,0.0,1.36,7.75,6.8,0,Tomato (Vegetative),0.85,50.0,57.1,HEALTHY,1,25.0
2026-03-16 17:00:00,esp32-field-01,HOT_HIGH_ET0,25.74,2423,25.91,74.09,HEALTHY,38.99,27.7,0.0,0.29,8.15,5.2,0,Tomato (Vegetative),0.85,50.0,57.1,HEALTHY,1,30.0
2026-03-16 18:00:00,esp32-field-01,HOT_HIGH_ET0,25.79,2409,26.49,73.51,HEALTHY,37.22,30.1,0.0,1.02,7.1,1.3,0,Tomato (Vegetative),0.85,50.0,57.1,HEALTHY,1,25.0
2026-03-16 19:00:00,esp32-field-01,HOT_HIGH_ET0,25.87,2404,26.29,73.71,HEALTHY,36.08,35.2,0.0,0.99,7.34,2.6,0,Tomato (Vegetative),0.85,50.0,57.0,HEALTHY,1,40.0
2026-03-16 20:00:00,esp32-field-01,HOT_HIGH_ET0,25.91,2433,25.36,74.64,HEALTHY,34.09,36.9,0.0,2.7,6.59,7.4,0,Tomato (Vegetative),0.85,50.0,57.0,HEALTHY,1,25.0
2026-03-16 21:00:00,esp32-field-01,HOT_HIGH_ET0,25.99,2397,26.79,73.21,HEALTHY,31.79,46.1,0.0,0.09,6.43,0.3,0,Tomato (Vegetative),0.85,50.0,57.0,HEALTHY,1,40.0
2026-03-16 22:00:00,esp32-field-01,HOT_HIGH_ET0,26.07,2401,26.57,73.43,HEALTHY,29.14,47.9,0.0,0.94,5.69,0.5,0,Tomato (Vegetative),0.85,50.0,57.0,HEALTHY,1,40.0
2026-03-16 23:00:00,esp32-field-01,HOT_HIGH_ET0,26.15,2433,25.32,74.68,HEALTHY,29.98,49.1,0.0,0.02,6.15,2.7,0,Tomato (Vegetative),0.85,50.0,57.0,HEALTHY,1,40.0
2026-03-17 00:00:00,esp32-field-01,MONSOON_HEAVY_RAIN,26.42,2358,27.5,72.5,HEALTHY,21.01,92.8,1.3,3.52,2.26,78.9,1,Tomato (Vegetative),0.85,50.0,59.6,HEALTHY,0,0.0
2026-03-17 01:00:00,esp32-field-01,MONSOON_HEAVY_RAIN,32.63,2308,32.31,67.69,HEALTHY,19.75,95.3,29.2,44.92,1.69,100.0,1,Tomato (Vegetative),0.85,50.0,100.0,HEALTHY,0,0.0
2026-03-17 02:00:00,esp32-field-01,MONSOON_HEAVY_RAIN,32.62,2262,32.94,67.06,HEALTHY,22.75,91.6,0.0,0.49,2.5,5.4,0,Tomato (Vegetative),0.85,50.0,57.0,HEALTHY,0,0.0
2026-03-17 03:00:00,esp32-field-01,MONSOON_HEAVY_RAIN,33.51,2277,33.25,66.75,HEALTHY,19.28,93.8,4.2,6.58,2.15,82.9,1,Tomato (Vegetative),0.85,50.0,65.4,HEALTHY,0,0.0
2026-03-17 04:00:00,esp32-field-01,MONSOON_HEAVY_RAIN,33.51,2279,33.61,66.39,HEALTHY,20.14,98.0,0.0,0.38,2.11,0.6,0,Tomato (Vegetative),0.85,50.0,57.0,HEALTHY,0,0.0
2026-03-17 05:00:00,esp32-field-01,MONSOON_HEAVY_RAIN,33.5,2280,33.58,66.42,HEALTHY,22.32,89.9,0.0,1.28,2.26,3.4,0,Tomato (Vegetative),0.85,50.0,57.0,HEALTHY,0,0.0
2026-03-17 06:00:00,esp32-field-01,MONSOON_HEAVY_RAIN,33.5,2292,33.23,66.77,HEALTHY,22.12,91.9,0.0,1.85,2.69,5.8,0,Tomato (Vegetative),0.85,50.0,56.9,HEALTHY,0,0.0
2026-03-17 07:00:00,esp32-field-01,MONSOON_HEAVY_RAIN,33.48,2273,33.41,66.59,HEALTHY,23.35,87.5,0.0,2.42,2.35,2.4,0,Tomato (Vegetative),0.85,50.0,56.9,HEALTHY,0,0.0
2026-03-17 08:00:00,esp32-field-01,MONSOON_HEAVY_RAIN,35.83,2273,35.12,64.88,HEALTHY,24.69,84.3,12.5,21.19,2.49,96.9,1,Tomato (Vegetative),0.85,50.0,81.9,HEALTHY,0,0.0
2026-03-17 09:00:00,esp32-field-01,MONSOON_HEAVY_RAIN,35.59,2279,34.6,65.4,HEALTHY,23.55,79.3,0.0,0.25,2.54,2.3,0,Tomato (Vegetative),0.85,50.0,56.9,HEALTHY,0,0.0
2026-03-17 10:00:00,esp32-field-01,MONSOON_HEAVY_RAIN,36.23,2236,35.58,64.42,HEALTHY,24.24,79.6,5.2,8.65,2.27,86.1,1,Tomato (Vegetative),0.85,50.0,67.3,HEALTHY,0,0.0
2026-03-17 11:00:00,esp32-field-01,MONSOON_HEAVY_RAIN,38.5,2186,38.62,61.38,HEALTHY,27.42,82.7,16.5,25.09,2.77,100.0,1,Tomato (Vegetative),0.85,50.0,89.9,HEALTHY,0,0.0
2026-03-17 12:00:00,esp32-field-01,MONSOON_HEAVY_RAIN,37.73,2219,36.97,63.03,HEALTHY,27.57,79.3,1.0,1.76,3.21,76.5,1,Tomato (Vegetative),0.85,50.0,58.9,HEALTHY,0,0.0
2026-03-17 13:00:00,esp32-field-01,MONSOON_HEAVY_RAIN,37.0,2246,35.81,64.19,HEALTHY,27.18,74.4,0.0,2.01,2.73,0.4,0,Tomato (Vegetative),0.85,50.0,56.9,HEALTHY,0,0.0
2026-03-17 14:00:00,esp32-field-01,MONSOON_HEAVY_RAIN,36.45,2221,37.15,62.85,HEALTHY,28.15,81.1,0.0,0.76,2.75,9.1,0,Tomato (Vegetative),0.85,50.0,56.9,HEALTHY,0,0.0
2026-03-17 15:00:00,esp32-field-01,MONSOON_HEAVY_RAIN,36.05,2260,35.15,64.85,HEALTHY,26.18,76.2,0.0,2.97,2.72,10.5,0,Tomato (Vegetative),0.85,50.0,56.8,HEALTHY,0,0.0
2026-03-17 16:00:00,esp32-field-01,MONSOON_HEAVY_RAIN,35.76,2232,36.11,63.89,HEALTHY,26.41,80.2,0.0,0.16,3.06,0.8,0,Tomato (Vegetative),0.85,50.0,56.8,HEALTHY,0,0.0
2026-03-17 17:00:00,esp32-field-01,MONSOON_HEAVY_RAIN,35.56,2279,34.57,65.43,HEALTHY,26.9,76.6,0.0,3.41,2.52,0.9,0,Tomato (Vegetative),0.85,50.0,56.8,HEALTHY,0,0.0
2026-03-17 18:00:00,esp32-field-01,MONSOON_HEAVY_RAIN,35.93,2242,35.79,64.21,HEALTHY,27.41,81.3,3.2,9.0,3.16,83.9,1,Tomato (Vegetative),0.85,50.0,63.2,HEALTHY,0,0.0
2026-03-17 19:00:00,esp32-field-01,MONSOON_HEAVY_RAIN,36.39,2227,36.47,63.53,HEALTHY,26.38,79.6,4.4,7.13,2.73,81.9,1,Tomato (Vegetative),0.85,50.0,65.6,HEALTHY,0,0.0
2026-03-17 20:00:00,esp32-field-01,MONSOON_HEAVY_RAIN,37.4,2189,38.13,61.87,HEALTHY,22.65,81.4,8.5,13.83,2.26,83.8,1,Tomato (Vegetative),0.85,50.0,73.8,HEALTHY,0,0.0
2026-03-17 21:00:00,esp32-field-01,MONSOON_HEAVY_RAIN,36.79,2239,34.96,65.04,HEALTHY,24.63,87.6,0.0,9.36,2.76,3.0,0,Tomato (Vegetative),0.85,50.0,56.8,HEALTHY,0,0.0
2026-03-17 22:00:00,esp32-field-01,MONSOON_HEAVY_RAIN,41.01,2142,41.73,58.27,HEALTHY,21.3,87.3,29.3,44.65,1.93,100.0,1,Tomato (Vegetative),0.85,50.0,100.0,HEALTHY,0,0.0
2026-03-17 23:00:00,esp32-field-01,MONSOON_HEAVY_RAIN,39.51,2138,40.91,59.09,HEALTHY,21.31,94.5,0.0,1.42,2.07,14.0,0,Tomato (Vegetative),0.85,50.0,56.8,HEALTHY,0,0.0
2026-03-18 00:00:00,esp32-field-01,MONSOON_HEAVY_RAIN,38.38,2216,38.33,61.67,HEALTHY,20.45,90.3,0.0,0.7,2.49,1.4,0,Tomato (Vegetative),0.85,50.0,56.8,HEALTHY,0,0.0
2026-03-18 01:00:00,esp32-field-01,MONSOON_HEAVY_RAIN,37.53,2219,37.01,62.99,HEALTHY,19.6,94.7,0.0,0.51,1.79,0.4,0,Tomato (Vegetative),0.85,50.0,56.8,HEALTHY,0,0.0
2026-03-18 02:00:00,esp32-field-01,MONSOON_HEAVY_RAIN,36.89,2202,37.73,62.27,HEALTHY,20.33,95.0,0.0,0.04,2.34,7.2,0,Tomato (Vegetative),0.85,50.0,56.7,HEALTHY,0,0.0
2026-03-18 03:00:00,esp32-field-01,MONSOON_HEAVY_RAIN,38.35,2215,38.73,61.27,HEALTHY,20.51,94.8,12.1,18.7,1.83,98.5,1,Tomato (Vegetative),0.85,50.0,80.9,HEALTHY,0,0.0
2026-03-18 04:00:00,esp32-field-01,MONSOON_HEAVY_RAIN,37.51,2199,38.44,61.56,HEALTHY,21.24,89.6,0.0,0.74,2.3,2.2,0,Tomato (Vegetative),0.85,50.0,56.7,HEALTHY,0,0.0
2026-03-18 05:00:00,esp32-field-01,MONSOON_HEAVY_RAIN,36.88,2252,35.98,64.02,HEALTHY,21.51,87.7,0.0,0.94,1.67,3.2,0,Tomato (Vegetative),0.85,50.0,56.7,HEALTHY,0,0.0
2026-03-18 06:00:00,esp32-field-01,MONSOON_HEAVY_RAIN,36.41,2257,35.13,64.87,HEALTHY,21.97,91.5,0.0,0.29,2.23,3.9,0,Tomato (Vegetative),0.85,50.0,56.7,HEALTHY,0,0.0
2026-03-18 07:00:00,esp32-field-01,MONSOON_HEAVY_RAIN,36.05,2245,35.44,64.56,HEALTHY,22.05,86.1,0.0,0.27,1.63,0.9,0,Tomato (Vegetative),0.85,50.0,56.7,HEALTHY,0,0.0
2026-03-18 08:00:00,esp32-field-01,MONSOON_HEAVY_RAIN,35.76,2210,37.1,62.9,HEALTHY,23.55,84.3,0.0,0.69,2.87,1.1,0,Tomato (Vegetative),0.85,50.0,56.7,HEALTHY,0,0.0
2026-03-18 09:00:00,esp32-field-01,MONSOON_HEAVY_RAIN,35.53,2268,34.18,65.82,HEALTHY,23.65,79.8,0.0,0.01,2.72,1.7,0,Tomato (Vegetative),0.85,50.0,56.7,HEALTHY,0,0.0
2026-03-18 10:00:00,esp32-field-01,MONSOON_HEAVY_RAIN,39.59,2163,40.95,59.05,HEALTHY,25.57,82.1,26.6,40.31,2.97,100.0,1,Tomato (Vegetative),0.85,50.0,100.0,HEALTHY,0,0.0
2026-03-18 11:00:00,esp32-field-01,MONSOON_HEAVY_RAIN,38.4,2201,38.66,61.34,HEALTHY,25.8,84.3,0.0,1.22,2.35,0.6,0,Tomato (Vegetative),0.85,50.0,56.6,HEALTHY,0,0.0
2026-03-18 12:00:00,esp32-field-01,MONSOON_HEAVY_RAIN,39.15,2178,40.15,59.85,HEALTHY,27.23,75.9,10.4,17.65,2.96,99.3,1,Tomato (Vegetative),0.85,50.0,77.4,HEALTHY,0,0.0
2026-03-18 13:00:00,esp32-field-01,MONSOON_HEAVY_RAIN,39.87,2180,39.52,60.48,HEALTHY,26.35,76.7,11.4,18.23,3.16,97.9,1,Tomato (Vegetative),0.85,50.0,79.4,HEALTHY,0,0.0
2026-03-18 14:00:00,esp32-field-01,MONSOON_HEAVY_RAIN,42.98,2137,41.93,58.07,HEALTHY,27.18,78.3,27.4,42.6,2.54,100.0,1,Tomato (Vegetative),0.85,50.0,100.0,HEALTHY,0,0.0
2026-03-18 15:00:00,esp32-field-01,MONSOON_HEAVY_RAIN,40.94,2177,39.68,60.32,HEALTHY,27.35,74.1,0.0,0.31,3.24,8.3,0,Tomato (Vegetative),0.85,50.0,56.6,HEALTHY,0,0.0
2026-03-18 16:00:00,esp32-field-01,MONSOON_HEAVY_RAIN,39.43,2176,39.32,60.68,HEALTHY,27.64,79.0,0.0,2.4,2.86,2.9,0,Tomato (Vegetative),0.85,50.0,56.6,HEALTHY,0,0.0
2026-03-18 17:00:00,esp32-field-01,MONSOON_HEAVY_RAIN,38.31,2173,39.32,60.68,HEALTHY,24.97,77.1,0.0,4.46,2.43,1.7,0,Tomato (Vegetative),0.85,50.0,56.6,HEALTHY,0,0.0
2026-03-18 18:00:00,esp32-field-01,MONSOON_HEAVY_RAIN,37.48,2218,36.05,63.95,HEALTHY,25.46,79.8,0.0,0.19,2.86,2.7,0,Tomato (Vegetative),0.85,50.0,56.6,HEALTHY,0,0.0
2026-03-18 19:00:00,esp32-field-01,MONSOON_HEAVY_RAIN,36.86,2240,36.66,63.34,HEALTHY,26.1,83.1,0.0,0.13,2.77,0.4,0,Tomato (Vegetative),0.85,50.0,56.6,HEALTHY,0,0.0
2026-03-18 20:00:00,esp32-field-01,MONSOON_HEAVY_RAIN,39.16,2184,39.2,60.8,HEALTHY,24.26,87.6,17.4,27.1,2.4,100.0,1,Tomato (Vegetative),0.85,50.0,91.4,HEALTHY,0,0.0
2026-03-18 21:00:00,esp32-field-01,MONSOON_HEAVY_RAIN,38.12,2195,38.27,61.73,HEALTHY,23.1,84.1,0.0,0.47,2.38,1.1,0,Tomato (Vegetative),0.85,50.0,56.5,HEALTHY,0,0.0
2026-03-18 22:00:00,esp32-field-01,MONSOON_HEAVY_RAIN,37.34,2231,36.4,63.6,HEALTHY,22.33,88.8,0.0,1.4,2.28,1.0,0,Tomato (Vegetative),0.85,50.0,56.5,HEALTHY,0,0.0
2026-03-18 23:00:00,esp32-field-01,MONSOON_HEAVY_RAIN,36.75,2227,36.36,63.64,HEALTHY,20.38,88.5,0.0,0.15,2.0,12.0,0,Tomato (Vegetative),0.85,50.0,56.5,HEALTHY,0,0.0
2026-03-19 00:00:00,esp32-field-01,MONSOON_HEAVY_RAIN,36.31,2270,35.2,64.8,HEALTHY,20.82,92.6,0.0,0.29,1.94,0.6,0,Tomato (Vegetative),0.85,50.0,56.5,HEALTHY,0,0.0
2026-03-19 01:00:00,esp32-field-01,MONSOON_HEAVY_RAIN,35.98,2231,36.16,63.84,HEALTHY,20.5,95.3,0.0,3.69,2.37,5.2,0,Tomato (Vegetative),0.85,50.0,56.5,HEALTHY,0,0.0
2026-03-19 02:00:00,esp32-field-01,MONSOON_HEAVY_RAIN,37.39,2193,37.83,62.17,HEALTHY,20.08,94.5,10.4,22.72,2.25,82.4,1,Tomato (Vegetative),0.85,50.0,77.3,HEALTHY,0,0.0
2026-03-19 03:00:00,esp32-field-01,MONSOON_HEAVY_RAIN,40.06,2187,39.19,60.81,HEALTHY,20.18,97.2,20.5,32.57,1.87,100.0,1,Tomato (Vegetative),0.85,50.0,97.5,HEALTHY,0,0.0
2026-03-19 04:00:00,esp32-field-01,MONSOON_HEAVY_RAIN,38.79,2200,38.37,61.63,HEALTHY,20.25,93.3,0.0,0.3,2.75,12.7,0,Tomato (Vegetative),0.85,50.0,56.5,HEALTHY,0,0.0
2026-03-19 05:00:00,esp32-field-01,MONSOON_HEAVY_RAIN,37.84,2229,37.04,62.96,HEALTHY,20.35,92.1,0.0,0.28,1.77,2.8,0,Tomato (Vegetative),0.85,50.0,56.5,HEALTHY,0,0.0
2026-03-19 06:00:00,esp32-field-01,MONSOON_HEAVY_RAIN,38.83,2190,39.65,60.35,HEALTHY,22.16,89.0,10.7,18.18,2.24,87.2,1,Tomato (Vegetative),0.85,50.0,77.9,HEALTHY,0,0.0
2026-03-19 07:00:00,esp32-field-01,MONSOON_HEAVY_RAIN,37.86,2210,37.88,62.12,HEALTHY,23.72,82.6,0.0,0.32,2.25,4.9,0,Tomato (Vegetative),0.85,50.0,56.5,HEALTHY,0,0.0
2026-03-19 08:00:00,esp32-field-01,MONSOON_HEAVY_RAIN,37.12,2222,36.35,63.65,HEALTHY,23.69,86.3,0.0,1.5,2.48,3.0,0,Tomato (Vegetative),0.85,50.0,56.4,HEALTHY,0,0.0
2026-03-19 09:00:00,esp32-field-01,MONSOON_HEAVY_RAIN,40.08,2163,40.53,59.47,HEALTHY,25.42,81.1,22.1,33.47,2.61,100.0,1,Tomato (Vegetative),0.85,50.0,100.0,HEALTHY,0,0.0
2026-03-19 10:00:00,esp32-field-01,MONSOON_HEAVY_RAIN,38.77,2167,39.34,60.66,HEALTHY,25.81,78.7,0.0,0.24,2.61,0.1,0,Tomato (Vegetative),0.85,50.0,56.4,HEALTHY,0,0.0
2026-03-19 11:00:00,esp32-field-01,MONSOON_HEAVY_RAIN,37.77,2206,37.36,62.64,HEALTHY,26.88,74.4,0.0,1.4,2.89,0.7,0,Tomato (Vegetative),0.85,50.0,56.4,HEALTHY,0,0.0
2026-03-19 12:00:00,esp32-field-01,MONSOON_HEAVY_RAIN,37.03,2190,37.85,62.15,HEALTHY,27.03,80.4,0.0,3.32,2.82,0.9,0,Tomato (Vegetative),0.85,50.0,56.4,HEALTHY,0,0.0
2026-03-19 13:00:00,esp32-field-01,MONSOON_HEAVY_RAIN,37.33,2222,37.21,62.79,HEALTHY,27.78,79.3,5.4,8.28,3.05,76.3,1,Tomato (Vegetative),0.85,50.0,67.2,HEALTHY,0,0.0
2026-03-19 14:00:00,esp32-field-01,MONSOON_HEAVY_RAIN,36.69,2208,37.28,62.72,HEALTHY,26.85,76.7,0.0,0.53,3.28,0.2,0,Tomato (Vegetative),0.85,50.0,56.4,HEALTHY,0,0.0
2026-03-19 15:00:00,esp32-field-01,MONSOON_HEAVY_RAIN,36.24,2251,35.1,64.9,HEALTHY,26.92,78.4,0.0,0.61,2.41,4.7,0,Tomato (Vegetative),0.85,50.0,56.4,HEALTHY,0,0.0
2026-03-19 16:00:00,esp32-field-01,MONSOON_HEAVY_RAIN,35.9,2239,35.98,64.02,HEALTHY,26.41,73.9,0.0,1.43,2.91,0.2,0,Tomato (Vegetative),0.85,50.0,56.4,HEALTHY,0,0.0
2026-03-19 17:00:00,esp32-field-01,MONSOON_HEAVY_RAIN,35.66,2255,35.99,64.01,HEALTHY,26.21,78.6,0.0,3.24,3.3,3.4,0,Tomato (Vegetative),0.85,50.0,56.3,HEALTHY,0,0.0
2026-03-19 18:00:00,esp32-field-01,MONSOON_HEAVY_RAIN,35.49,2257,35.41,64.59,HEALTHY,25.99,79.2,0.0,1.04,2.54,8.9,0,Tomato (Vegetative),0.85,50.0,56.3,HEALTHY,0,0.0
2026-03-19 19:00:00,esp32-field-01,MONSOON_HEAVY_RAIN,35.37,2260,35.02,64.98,HEALTHY,24.78,82.1,0.0,1.44,2.8,2.3,0,Tomato (Vegetative),0.85,50.0,56.3,HEALTHY,0,0.0
2026-03-19 20:00:00,esp32-field-01,MONSOON_HEAVY_RAIN,35.27,2261,35.29,64.71,HEALTHY,24.64,84.9,0.0,3.15,2.67,2.7,0,Tomato (Vegetative),0.85,50.0,56.3,HEALTHY,0,0.0
2026-03-19 21:00:00,esp32-field-01,MONSOON_HEAVY_RAIN,40.19,2174,40.75,59.25,HEALTHY,23.4,84.2,31.3,47.68,2.58,100.0,1,Tomato (Vegetative),0.85,50.0,100.0,HEALTHY,0,0.0
2026-03-19 22:00:00,esp32-field-01,MONSOON_HEAVY_RAIN,38.89,2171,38.24,61.76,HEALTHY,21.57,91.6,0.0,1.21,1.91,2.2,0,Tomato (Vegetative),0.85,50.0,56.3,HEALTHY,0,0.0
2026-03-19 23:00:00,esp32-field-01,MONSOON_HEAVY_RAIN,39.91,2181,39.98,60.02,HEALTHY,22.51,92.6,12.5,20.06,2.44,94.7,1,Tomato (Vegetative),0.85,50.0,81.3,HEALTHY,0,0.0
2026-03-20 00:00:00,esp32-field-01,MONSOON_HEAVY_RAIN,38.68,2203,38.39,61.61,HEALTHY,21.63,92.1,0.0,0.23,2.49,2.3,0,Tomato (Vegetative),0.85,50.0,56.3,HEALTHY,0,0.0
2026-03-20 01:00:00,esp32-field-01,MONSOON_HEAVY_RAIN,38.95,2208,39.38,60.62,HEALTHY,21.15,93.4,7.5,11.67,2.09,87.0,1,Tomato (Vegetative),0.85,50.0,71.3,HEALTHY,0,0.0
2026-03-20 02:00:00,esp32-field-01,MONSOON_HEAVY_RAIN,37.96,2181,39.85,60.15,HEALTHY,22.02,95.2,0.0,3.16,2.84,0.8,0,Tomato (Vegetative),0.85,50.0,56.3,HEALTHY,0,0.0
2026-03-20 03:00:00,esp32-field-01,MONSOON_HEAVY_RAIN,37.22,2212,36.87,63.13,HEALTHY,20.14,89.0,0.0,1.31,2.45,0.6,0,Tomato (Vegetative),0.85,50.0,56.2,HEALTHY,0,0.0
2026-03-20 04:00:00,esp32-field-01,MONSOON_HEAVY_RAIN,36.66,2218,36.33,63.67,HEALTHY,21.17,92.0,0.0,2.61,2.42,0.6,0,Tomato (Vegetative),0.85,50.0,56.2,HEALTHY,0,0.0
2026-03-20 05:00:00,esp32-field-01,MONSOON_HEAVY_RAIN,36.24,2244,35.46,64.54,HEALTHY,21.65,91.6,0.0,1.47,1.89,6.3,0,Tomato (Vegetative),0.85,50.0,56.2,HEALTHY,0,0.0
2026-03-20 06:00:00,esp32-field-01,MONSOON_HEAVY_RAIN,35.93,2254,35.09,64.91,HEALTHY,22.72,90.7,0.0,0.52,2.12,0.5,0,Tomato (Vegetative),0.85,50.0,56.2,HEALTHY,0,0.0
2026-03-20 07:00:00,esp32-field-01,MONSOON_HEAVY_RAIN,35.68,2257,34.88,65.12,HEALTHY,22.92,88.6,0.0,0.44,2.57,3.0,0,Tomato (Vegetative),0.85,50.0,56.2,HEALTHY,0,0.0
2026-03-20 08:00:00,esp32-field-01,MONSOON_HEAVY_RAIN,35.49,2255,35.67,64.33,HEALTHY,24.8,88.9,0.0,1.48,2.79,7.6,0,Tomato (Vegetative),0.85,50.0,56.2,HEALTHY,0,0.0
2026-03-20 09:00:00,esp32-field-01,MONSOON_HEAVY_RAIN,35.33,2263,34.73,65.27,HEALTHY,24.3,82.9,0.0,0.86,2.72,0.5,0,Tomato (Vegetative),0.85,50.0,56.2,HEALTHY,0,0.0
2026-03-20 10:00:00,esp32-field-01,MONSOON_HEAVY_RAIN,35.2,2249,35.91,64.09,HEALTHY,25.21,76.2,0.0,2.15,2.57,4.9,0,Tomato (Vegetative),0.85,50.0,56.2,HEALTHY,0,0.0
2026-03-20 11:00:00,esp32-field-01,MONSOON_HEAVY_RAIN,37.56,2228,36.13,63.87,HEALTHY,26.82,81.1,15.4,26.76,2.39,100.0,1,Tomato (Vegetative),0.85,50.0,87.0,HEALTHY,0,0.0
2026-03-20 12:00:00,esp32-field-01,MONSOON_HEAVY_RAIN,36.87,2213,37.53,62.47,HEALTHY,27.04,76.3,0.0,0.89,2.88,14.0,0,Tomato (Vegetative),0.85,50.0,56.2,HEALTHY,0,0.0
2026-03-20 13:00:00,esp32-field-01,MONSOON_HEAVY_RAIN,37.34,2225,37.71,62.29,HEALTHY,27.53,70.5,6.2,9.79,2.88,83.9,1,Tomato (Vegetative),0.85,50.0,68.5,HEALTHY,0,0.0
2026-03-20 14:00:00,esp32-field-01,MONSOON_HEAVY_RAIN,36.71,2233,35.62,64.38,HEALTHY,26.43,81.1,0.0,1.1,2.76,0.6,0,Tomato (Vegetative),0.85,50.0,56.1,HEALTHY,0,0.0
2026-03-20 15:00:00,esp32-field-01,MONSOON_HEAVY_RAIN,36.24,2212,37.21,62.79,HEALTHY,28.07,76.2,0.0,0.62,3.14,0.0,0,Tomato (Vegetative),0.85,50.0,56.1,HEALTHY,0,0.0
2026-03-20 16:00:00,esp32-field-01,MONSOON_HEAVY_RAIN,35.9,2265,34.78,65.22,HEALTHY,27.87,76.5,0.0,0.24,2.95,0.6,0,Tomato (Vegetative),0.85,50.0,56.1,HEALTHY,0,0.0
2026-03-20 17:00:00,esp32-field-01,MONSOON_HEAVY_RAIN,35.66,2251,34.58,65.42,HEALTHY,25.38,82.8,0.0,0.21,2.59,4.6,0,Tomato (Vegetative),0.85,50.0,56.1,HEALTHY,0,0.0
2026-03-20 18:00:00,esp32-field-01,MONSOON_HEAVY_RAIN,35.5,2197,37.26,62.74,HEALTHY,24.89,83.9,0.0,0.62,2.3,0.0,0,Tomato (Vegetative),0.85,50.0,56.1,HEALTHY,0,0.0
2026-03-20 19:00:00,esp32-field-01,MONSOON_HEAVY_RAIN,36.06,2228,36.83,63.17,HEALTHY,24.87,80.9,4.3,6.75,2.4,77.3,1,Tomato (Vegetative),0.85,50.0,64.7,HEALTHY,0,0.0
2026-03-20 20:00:00,esp32-field-01,MONSOON_HEAVY_RAIN,40.57,2159,40.5,59.5,HEALTHY,25.13,86.4,30.0,47.61,2.45,100.0,1,Tomato (Vegetative),0.85,50.0,100.0,HEALTHY,0,0.0
2026-03-20 21:00:00,esp32-field-01,MONSOON_HEAVY_RAIN,39.17,2160,39.65,60.35,HEALTHY,24.22,87.0,0.0,0.67,2.37,0.4,0,Tomato (Vegetative),0.85,50.0,56.1,HEALTHY,0,0.0
2026-03-20 22:00:00,esp32-field-01,MONSOON_HEAVY_RAIN,38.13,2183,37.67,62.33,HEALTHY,23.09,91.4,0.0,0.22,2.17,4.7,0,Tomato (Vegetative),0.85,50.0,56.1,HEALTHY,0,0.0
2026-03-20 23:00:00,esp32-field-01,MONSOON_HEAVY_RAIN,37.34,2207,38.56,61.44,HEALTHY,20.35,86.1,0.0,2.88,2.19,3.0,0,Tomato (Vegetative),0.85,50.0,56.0,HEALTHY,0,0.0
2026-03-21 00:00:00,esp32-field-01,MONSOON_HEAVY_RAIN,36.75,2234,35.54,64.46,HEALTHY,20.9,89.3,0.0,0.98,2.48,2.5,0,Tomato (Vegetative),0.85,50.0,56.0,HEALTHY,0,0.0
2026-03-21 01:00:00,esp32-field-01,MONSOON_HEAVY_RAIN,36.31,2247,35.77,64.23,HEALTHY,19.19,93.6,0.0,0.46,2.16,0.7,0,Tomato (Vegetative),0.85,50.0,56.0,HEALTHY,0,0.0
2026-03-21 02:00:00,esp32-field-01,MONSOON_HEAVY_RAIN,35.98,2220,35.72,64.28,HEALTHY,20.29,93.2,0.0,1.61,2.48,6.4,0,Tomato (Vegetative),0.85,50.0,56.0,HEALTHY,0,0.0
2026-03-21 03:00:00,esp32-field-01,MONSOON_HEAVY_RAIN,39.88,2158,40.36,59.64,HEALTHY,20.81,95.2,26.0,42.95,2.57,100.0,1,Tomato (Vegetative),0.85,50.0,100.0,HEALTHY,0,0.0
2026-03-21 04:00:00,esp32-field-01,MONSOON_HEAVY_RAIN,38.65,2198,38.11,61.89,HEALTHY,21.77,93.3,0.0,0.9,2.5,4.6,0,Tomato (Vegetative),0.85,50.0,56.0,HEALTHY,0,0.0
2026-03-21 05:00:00,esp32-field-01,MONSOON_HEAVY_RAIN,37.74,2218,37.4,62.6,HEALTHY,20.9,92.1,0.0,2.66,2.25,5.8,0,Tomato (Vegetative),0.85,50.0,56.0,HEALTHY,0,0.0
2026-03-21 06:00:00,esp32-field-01,MONSOON_HEAVY_RAIN,37.15,2212,36.99,63.01,HEALTHY,22.9,89.1,0.6,6.35,2.45,71.7,1,Tomato (Vegetative),0.85,50.0,57.2,HEALTHY,0,0.0
2026-03-21 07:00:00,esp32-field-01,MONSOON_HEAVY_RAIN,36.6,2241,36.21,63.79,HEALTHY,22.85,88.6,0.0,3.11,2.39,1.1,0,Tomato (Vegetative),0.85,50.0,56.0,HEALTHY,0,0.0
2026-03-21 08:00:00,esp32-field-01,MONSOON_HEAVY_RAIN,36.17,2218,36.52,63.48,HEALTHY,24.3,82.1,0.0,2.75,2.63,2.3,0,Tomato (Vegetative),0.85,50.0,56.0,HEALTHY,0,0.0
2026-03-21 09:00:00,esp32-field-01,MONSOON_HEAVY_RAIN,35.85,2247,35.28,64.72,HEALTHY,23.63,83.4,0.0,0.3,2.36,3.7,0,Tomato (Vegetative),0.85,50.0,56.0,HEALTHY,0,0.0
2026-03-21 10:00:00,esp32-field-01,MONSOON_HEAVY_RAIN,35.59,2231,36.61,63.39,HEALTHY,25.15,84.2,0.0,1.13,2.84,1.0,0,Tomato (Vegetative),0.85,50.0,55.9,HEALTHY,0,0.0
2026-03-21 11:00:00,esp32-field-01,MONSOON_HEAVY_RAIN,36.03,2265,35.34,64.66,HEALTHY,25.87,83.0,4.0,6.31,2.79,78.7,1,Tomato (Vegetative),0.85,50.0,63.9,HEALTHY,0,0.0
2026-03-21 12:00:00,esp32-field-01,MONSOON_HEAVY_RAIN,35.72,2266,34.84,65.16,HEALTHY,26.42,80.9,0.0,0.87,2.82,7.1,0,Tomato (Vegetative),0.85,50.0,55.9,HEALTHY,0,0.0
2026-03-21 13:00:00,esp32-field-01,MONSOON_HEAVY_RAIN,35.49,2251,35.29,64.71,HEALTHY,26.23,74.9,0.0,1.1,2.76,2.3,0,Tomato (Vegetative),0.85,50.0,55.9,HEALTHY,0,0.0
2026-03-21 14:00:00,esp32-field-01,MONSOON_HEAVY_RAIN,35.33,2247,36.64,63.36,HEALTHY,26.35,70.5,0.0,0.26,2.53,4.3,0,Tomato (Vegetative),0.85,50.0,55.9,HEALTHY,0,0.0
2026-03-21 15:00:00,esp32-field-01,MONSOON_HEAVY_RAIN,35.21,2263,35.07,64.93,HEALTHY,27.3,75.0,0.0,1.73,2.97,1.9,0,Tomato (Vegetative),0.85,50.0,55.9,HEALTHY,0,0.0
2026-03-21 16:00:00,esp32-field-01,MONSOON_HEAVY_RAIN,35.13,2242,35.29,64.71,HEALTHY,27.0,77.6,0.0,0.25,2.98,0.7,0,Tomato (Vegetative),0.85,50.0,55.9,HEALTHY,0,0.0
2026-03-21 17:00:00,esp32-field-01,MONSOON_HEAVY_RAIN,35.08,2224,35.57,64.43,HEALTHY,25.47,77.4,0.0,3.59,2.94,5.5,0,Tomato (Vegetative),0.85,50.0,55.9,HEALTHY,0,0.0
2026-03-21 18:00:00,esp32-field-01,MONSOON_HEAVY_RAIN,35.06,2271,34.53,65.47,HEALTHY,26.2,77.0,0.0,0.12,2.51,8.1,0,Tomato (Vegetative),0.85,50.0,55.9,HEALTHY,0,0.0
2026-03-21 19:00:00,esp32-field-01,MONSOON_HEAVY_RAIN,35.04,2257,34.24,65.76,HEALTHY,24.76,81.3,0.0,2.13,2.65,2.1,0,Tomato (Vegetative),0.85,50.0,55.8,HEALTHY,0,0.0
2026-03-21 20:00:00,esp32-field-01,MONSOON_HEAVY_RAIN,35.12,2271,35.26,64.74,HEALTHY,24.73,85.4,0.6,1.5,2.94,68.9,1,Tomato (Vegetative),0.85,50.0,57.0,HEALTHY,0,0.0
2026-03-21 21:00:00,esp32-field-01,MONSOON_HEAVY_RAIN,35.5,2247,35.31,64.69,HEALTHY,23.5,88.9,2.6,5.93,2.4,82.5,1,Tomato (Vegetative),0.85,50.0,61.0,HEALTHY,0,0.0
2026-03-21 22:00:00,esp32-field-01,MONSOON_HEAVY_RAIN,35.37,2249,35.66,64.34,HEALTHY,22.34,86.0,0.0,0.12,2.34,3.4,0,Tomato (Vegetative),0.85,50.0,55.8,HEALTHY,0,0.0
2026-03-21 23:00:00,esp32-field-01,MONSOON_HEAVY_RAIN,35.96,2234,35.48,64.52,HEALTHY,22.29,94.3,4.3,6.87,2.75,71.5,1,Tomato (Vegetative),0.85,50.0,64.4,HEALTHY,0,0.0
2026-03-22 00:00:00,esp32-field-01,MONSOON_HEAVY_RAIN,35.72,2238,35.32,64.68,HEALTHY,22.74,92.9,0.0,1.5,2.45,5.6,0,Tomato (Vegetative),0.85,50.0,55.8,HEALTHY,0,0.0
2026-03-22 01:00:00,esp32-field-01,MONSOON_HEAVY_RAIN,35.54,2268,35.02,64.98,HEALTHY,21.18,94.1,0.0,0.25,2.23,1.0,0,Tomato (Vegetative),0.85,50.0,55.8,HEALTHY,0,0.0
2026-03-22 02:00:00,esp32-field-01,MONSOON_HEAVY_RAIN,35.4,2243,35.34,64.66,HEALTHY,20.09,91.2,0.0,0.33,2.16,10.1,0,Tomato (Vegetative),0.85,50.0,55.8,HEALTHY,0,0.0
2026-03-22 03:00:00,esp32-field-01,MONSOON_HEAVY_RAIN,35.3,2233,35.5,64.5,HEALTHY,20.89,88.9,0.0,1.09,2.15,2.0,0,Tomato (Vegetative),0.85,50.0,55.8,HEALTHY,0,0.0
2026-03-22 04:00:00,esp32-field-01,MONSOON_HEAVY_RAIN,35.22,2279,34.61,65.39,HEALTHY,22.47,89.3,0.0,0.47,2.39,2.4,0,Tomato (Vegetative),0.85,50.0,55.8,HEALTHY,0,0.0
2026-03-22 05:00:00,esp32-field-01,MONSOON_HEAVY_RAIN,35.16,2238,36.2,63.8,HEALTHY,20.82,88.2,0.0,1.22,2.41,6.9,0,Tomato (Vegetative),0.85,50.0,55.8,HEALTHY,0,0.0
2026-03-22 06:00:00,esp32-field-01,MONSOON_HEAVY_RAIN,36.09,2243,34.99,65.01,HEALTHY,22.51,91.6,6.1,9.21,2.37,76.4,1,Tomato (Vegetative),0.85,50.0,67.9,HEALTHY,0,0.0
2026-03-22 07:00:00,esp32-field-01,MONSOON_HEAVY_RAIN,35.81,2254,35.94,64.06,HEALTHY,22.36,85.5,0.0,6.96,1.82,0.4,0,Tomato (Vegetative),0.85,50.0,55.7,HEALTHY,0,0.0
2026-03-22 08:00:00,esp32-field-01,MONSOON_HEAVY_RAIN,35.58,2232,35.13,64.87,HEALTHY,23.06,87.9,0.0,1.13,2.37,0.6,0,Tomato (Vegetative),0.85,50.0,55.7,HEALTHY,0,0.0
2026-03-22 09:00:00,esp32-field-01,MONSOON_HEAVY_RAIN,35.4,2227,36.65,63.35,HEALTHY,25.41,79.4,0.0,0.03,2.54,4.8,0,Tomato (Vegetative),0.85,50.0,55.7,HEALTHY,0,0.0
2026-03-22 10:00:00,esp32-field-01,MONSOON_HEAVY_RAIN,37.79,2223,38.21,61.79,HEALTHY,25.56,81.8,15.9,24.86,2.74,95.8,1,Tomato (Vegetative),0.85,50.0,87.5,HEALTHY,0,0.0
2026-03-22 11:00:00,esp32-field-01,MONSOON_HEAVY_RAIN,37.05,2215,37.2,62.8,HEALTHY,26.76,77.0,0.0,0.65,2.73,2.0,0,Tomato (Vegetative),0.85,50.0,55.7,HEALTHY,0,0.0
2026-03-22 12:00:00,esp32-field-01,MONSOON_HEAVY_RAIN,36.48,2257,35.53,64.47,HEALTHY,27.12,79.2,0.0,2.03,2.72,0.3,0,Tomato (Vegetative),0.85,50.0,55.7,HEALTHY,0,0.0
2026-03-22 13:00:00,esp32-field-01,MONSOON_HEAVY_RAIN,36.06,2220,37.13,62.87,HEALTHY,27.16,75.3,0.0,0.51,2.79,4.7,0,Tomato (Vegetative),0.85,50.0,55.7,HEALTHY,0,0.0
2026-03-22 14:00:00,esp32-field-01,MONSOON_HEAVY_RAIN,35.75,2219,37.44,62.56,HEALTHY,27.2,79.3,0.0,0.59,2.56,1.2,0,Tomato (Vegetative),0.85,50.0,55.7,HEALTHY,0,0.0
2026-03-22 15:00:00,esp32-field-01,MONSOON_HEAVY_RAIN,35.53,2231,35.72,64.28,HEALTHY,27.56,78.2,0.0,0.24,3.07,0.4,0,Tomato (Vegetative),0.85,50.0,55.6,HEALTHY,0,0.0
2026-03-22 16:00:00,esp32-field-01,MONSOON_HEAVY_RAIN,35.37,2243,36.46,63.54,HEALTHY,28.25,79.2,0.0,0.61,2.91,7.9,0,Tomato (Vegetative),0.85,50.0,55.6,HEALTHY,0,0.0
2026-03-22 17:00:00,esp32-field-01,MONSOON_HEAVY_RAIN,35.26,2247,34.72,65.28,HEALTHY,27.18,78.6,0.0,0.5,3.02,0.8,0,Tomato (Vegetative),0.85,50.0,55.6,HEALTHY,0,0.0
2026-03-22 18:00:00,esp32-field-01,MONSOON_HEAVY_RAIN,35.2,2239,34.89,65.11,HEALTHY,25.61,78.7,0.0,0.83,3.0,3.5,0,Tomato (Vegetative),0.85,50.0,55.6,HEALTHY,0,0.0
2026-03-22 19:00:00,esp32-field-01,MONSOON_HEAVY_RAIN,35.17,2255,34.9,65.1,HEALTHY,24.77,81.2,0.2,0.41,2.51,74.6,1,Tomato (Vegetative),0.85,50.0,56.0,HEALTHY,0,0.0
2026-03-22 20:00:00,esp32-field-01,MONSOON_HEAVY_RAIN,35.13,2249,34.58,65.42,HEALTHY,24.46,85.2,0.0,0.72,2.79,2.9,0,Tomato (Vegetative),0.85,50.0,55.6,HEALTHY,0,0.0
2026-03-22 21:00:00,esp32-field-01,MONSOON_HEAVY_RAIN,38.18,2193,38.52,61.48,HEALTHY,23.46,84.8,19.4,29.96,2.45,98.7,1,Tomato (Vegetative),0.85,50.0,94.4,HEALTHY,0,0.0
2026-03-22 22:00:00,esp32-field-01,MONSOON_HEAVY_RAIN,38.29,2235,36.44,63.56,HEALTHY,22.58,94.7,5.7,9.09,2.22,77.5,1,Tomato (Vegetative),0.85,50.0,67.0,HEALTHY,0,0.0
2026-03-22 23:00:00,esp32-field-01,MONSOON_HEAVY_RAIN,37.47,2211,37.58,62.42,HEALTHY,21.64,91.4,0.0,2.65,2.78,5.4,0,Tomato (Vegetative),0.85,50.0,55.6,HEALTHY,0,0.0
2026-03-23 00:00:00,esp32-field-01,MONSOON_HEAVY_RAIN,36.85,2191,38.88,61.12,HEALTHY,19.28,93.5,0.0,2.71,2.12,2.0,0,Tomato (Vegetative),0.85,50.0,55.6,HEALTHY,0,0.0
2026-03-23 01:00:00,esp32-field-01,MONSOON_HEAVY_RAIN,36.38,2217,37.05,62.95,HEALTHY,20.16,91.2,0.0,0.5,2.2,0.3,0,Tomato (Vegetative),0.85,50.0,55.5,HEALTHY,0,0.0
2026-03-23 02:00:00,esp32-field-01,MONSOON_HEAVY_RAIN,40.7,2169,39.84,60.16,HEALTHY,20.43,95.9,29.3,44.0,2.0,100.0,1,Tomato (Vegetative),0.85,50.0,100.0,HEALTHY,0,0.0
2026-03-23 03:00:00,esp32-field-01,MONSOON_HEAVY_RAIN,39.28,2193,39.17,60.83,HEALTHY,21.83,94.7,0.0,0.01,2.1,1.1,0,Tomato (Vegetative),0.85,50.0,55.5,HEALTHY,0,0.0
2026-03-23 04:00:00,esp32-field-01,MONSOON_HEAVY_RAIN,38.2,2193,37.98,62.02,HEALTHY,21.97,96.7,0.0,0.69,2.58,2.2,0,Tomato (Vegetative),0.85,50.0,55.5,HEALTHY,0,0.0
2026-03-23 05:00:00,esp32-field-01,MONSOON_HEAVY_RAIN,37.4,2220,36.71,63.29,HEALTHY,22.28,91.9,0.0,3.48,2.68,0.7,0,Tomato (Vegetative),0.85,50.0,55.5,HEALTHY,0,0.0
2026-03-23 06:00:00,esp32-field-01,MONSOON_HEAVY_RAIN,36.8,2225,34.97,65.03,HEALTHY,21.57,88.8,0.0,0.26,2.35,3.7,0,Tomato (Vegetative),0.85,50.0,55.5,HEALTHY,0,0.0
2026-03-23 07:00:00,esp32-field-01,MONSOON_HEAVY_RAIN,36.33,2263,35.42,64.58,HEALTHY,22.89,85.3,0.0,2.25,2.61,4.8,0,Tomato (Vegetative),0.85,50.0,55.5,HEALTHY,0,0.0
2026-03-23 08:00:00,esp32-field-01,MONSOON_HEAVY_RAIN,35.98,2241,35.94,64.06,HEALTHY,23.13,85.0,0.0,0.0,2.47,6.3,0,Tomato (Vegetative),0.85,50.0,55.5,HEALTHY,0,0.0
2026-03-23 09:00:00,esp32-field-01,MONSOON_HEAVY_RAIN,35.7,2229,35.94,64.06,HEALTHY,25.11,80.4,0.0,5.5,2.85,1.7,0,Tomato (Vegetative),0.85,50.0,55.5,HEALTHY,0,0.0
2026-03-23 10:00:00,esp32-field-01,MONSOON_HEAVY_RAIN,35.48,2230,35.8,64.2,HEALTHY,25.15,81.7,0.0,1.48,2.6,3.7,0,Tomato (Vegetative),0.85,50.0,55.5,HEALTHY,0,0.0
2026-03-23 11:00:00,esp32-field-01,MONSOON_HEAVY_RAIN,35.3,2238,35.72,64.28,HEALTHY,25.93,79.4,0.0,0.45,3.0,2.8,0,Tomato (Vegetative),0.85,50.0,55.5,HEALTHY,0,0.0
2026-03-23 12:00:00,esp32-field-01,MONSOON_HEAVY_RAIN,37.1,2208,36.79,63.21,HEALTHY,27.25,77.8,12.1,20.26,3.05,95.6,1,Tomato (Vegetative),0.85,50.0,79.6,HEALTHY,0,0.0
2026-03-23 13:00:00,esp32-field-01,MONSOON_HEAVY_RAIN,36.53,2236,36.49,63.51,HEALTHY,27.71,77.3,0.0,1.48,2.24,1.8,0,Tomato (Vegetative),0.85,50.0,55.4,HEALTHY,0,0.0
2026-03-23 14:00:00,esp32-field-01,MONSOON_HEAVY_RAIN,36.13,2256,35.13,64.87,HEALTHY,26.46,77.5,0.2,10.58,2.98,75.1,1,Tomato (Vegetative),0.85,50.0,55.8,HEALTHY,0,0.0
2026-03-23 15:00:00,esp32-field-01,MONSOON_HEAVY_RAIN,37.3,2228,36.08,63.92,HEALTHY,26.69,77.4,9.3,14.43,2.53,94.2,1,Tomato (Vegetative),0.85,50.0,74.0,HEALTHY,0,0.0
2026-03-23 16:00:00,esp32-field-01,MONSOON_HEAVY_RAIN,36.7,2257,35.72,64.28,HEALTHY,27.32,77.2,0.0,2.78,2.63,2.0,0,Tomato (Vegetative),0.85,50.0,55.4,HEALTHY,0,0.0
2026-03-23 17:00:00,esp32-field-01,MONSOON_HEAVY_RAIN,36.26,2261,34.59,65.41,HEALTHY,26.19,78.9,0.0,0.08,2.38,3.8,0,Tomato (Vegetative),0.85,50.0,55.4,HEALTHY,0,0.0
2026-03-23 18:00:00,esp32-field-01,MONSOON_HEAVY_RAIN,35.95,2262,35.45,64.55,HEALTHY,26.66,79.9,0.0,0.37,2.64,2.7,0,Tomato (Vegetative),0.85,50.0,55.4,HEALTHY,0,0.0
2026-03-23 19:00:00,esp32-field-01,MONSOON_HEAVY_RAIN,35.71,2244,35.39,64.61,HEALTHY,23.64,82.7,0.0,2.24,2.17,6.0,0,Tomato (Vegetative),0.85,50.0,55.4,HEALTHY,0,0.0
2026-03-23 20:00:00,esp32-field-01,MONSOON_HEAVY_RAIN,35.53,2253,35.2,64.8,HEALTHY,24.49,84.6,0.0,1.82,2.74,6.5,0,Tomato (Vegetative),0.85,50.0,55.4,HEALTHY,0,0.0
2026-03-23 21:00:00,esp32-field-01,MONSOON_HEAVY_RAIN,35.39,2249,35.69,64.31,HEALTHY,24.4,88.2,0.0,6.04,2.48,1.7,0,Tomato (Vegetative),0.85,50.0,55.3,HEALTHY,0,0.0
2026-03-23 22:00:00,esp32-field-01,MONSOON_HEAVY_RAIN,35.29,2246,35.17,64.83,HEALTHY,22.76,89.8,0.0,1.64,2.33,0.2,0,Tomato (Vegetative),0.85,50.0,55.3,HEALTHY,0,0.0
2026-03-23 23:00:00,esp32-field-01,MONSOON_HEAVY_RAIN,36.41,2205,36.69,63.31,HEALTHY,21.3,88.0,7.5,11.4,2.19,87.5,1,Tomato (Vegetative),0.85,50.0,70.3,HEALTHY,0,0.0
2026-03-24 00:00:00,esp32-field-01,MONSOON_HEAVY_RAIN,36.05,2189,37.88,62.12,HEALTHY,21.09,92.1,0.0,4.83,2.34,0.7,0,Tomato (Vegetative),0.85,50.0,55.3,HEALTHY,0,0.0
2026-03-24 01:00:00,esp32-field-01,MONSOON_HEAVY_RAIN,38.2,2201,38.14,61.86,HEALTHY,21.15,92.0,15.1,23.21,1.94,100.0,1,Tomato (Vegetative),0.85,50.0,85.5,HEALTHY,0,0.0
2026-03-24 02:00:00,esp32-field-01,MONSOON_HEAVY_RAIN,37.82,2206,38.32,61.68,HEALTHY,20.55,93.9,2.7,6.65,2.68,65.0,1,Tomato (Vegetative),0.85,50.0,60.7,HEALTHY,0,0.0
2026-03-24 03:00:00,esp32-field-01,MONSOON_HEAVY_RAIN,37.12,2225,37.0,63.0,HEALTHY,19.84,91.7,0.0,1.29,1.74,1.2,0,Tomato (Vegetative),0.85,50.0,55.3,HEALTHY,0,0.0
2026-03-24 04:00:00,esp32-field-01,MONSOON_HEAVY_RAIN,42.16,2122,41.99,58.01,HEALTHY,22.75,94.5,35.0,54.04,2.54,100.0,1,Tomato (Vegetative),0.85,50.0,100.0,HEALTHY,0,0.0
2026-03-24 05:00:00,esp32-field-01,MONSOON_HEAVY_RAIN,40.37,2158,40.17,59.83,HEALTHY,21.54,88.8,0.0,1.19,2.3,3.6,0,Tomato (Vegetative),0.85,50.0,55.3,HEALTHY,0,0.0
2026-03-24 06:00:00,esp32-field-01,MONSOON_HEAVY_RAIN,39.02,2165,39.57,60.43,HEALTHY,22.88,89.3,0.0,3.21,2.55,1.3,0,Tomato (Vegetative),0.85,50.0,55.3,HEALTHY,0,0.0
2026-03-24 07:00:00,esp32-field-01,MONSOON_HEAVY_RAIN,38.0,2202,37.24,62.76,HEALTHY,22.76,88.8,0.0,1.88,3.01,4.2,0,Tomato (Vegetative),0.85,50.0,55.2,HEALTHY,0,0.0
2026-03-24 08:00:00,esp32-field-01,MONSOON_HEAVY_RAIN,40.67,2138,41.79,58.21,HEALTHY,24.26,83.6,21.6,36.06,2.56,100.0,1,Tomato (Vegetative),0.85,50.0,98.4,HEALTHY,0,0.0
2026-03-24 09:00:00,esp32-field-01,MONSOON_HEAVY_RAIN,39.22,2189,38.05,61.95,HEALTHY,25.35,84.5,0.0,5.28,2.64,1.3,0,Tomato (Vegetative),0.85,50.0,55.2,HEALTHY,0,0.0
2026-03-24 10:00:00,esp32-field-01,MONSOON_HEAVY_RAIN,40.87,2153,41.23,58.77,HEALTHY,27.41,79.6,17.3,26.26,3.16,100.0,1,Tomato (Vegetative),0.85,50.0,89.8,HEALTHY,0,0.0
2026-03-24 11:00:00,esp32-field-01,MONSOON_HEAVY_RAIN,39.35,2202,38.85,61.15,HEALTHY,26.33,75.8,0.0,0.37,2.79,1.1,0,Tomato (Vegetative),0.85,50.0,55.2,HEALTHY,0,0.0
2026-03-24 12:00:00,esp32-field-01,MONSOON_HEAVY_RAIN,40.08,2174,39.16,60.84,HEALTHY,27.67,77.2,11.7,20.82,2.78,94.3,1,Tomato (Vegetative),0.85,50.0,78.6,HEALTHY,0,0.0
2026-03-24 13:00:00,esp32-field-01,MONSOON_HEAVY_RAIN,38.75,2195,38.5,61.5,HEALTHY,28.28,81.6,0.0,5.33,2.87,0.7,0,Tomato (Vegetative),0.85,50.0,55.2,HEALTHY,0,0.0
2026-03-24 14:00:00,esp32-field-01,MONSOON_HEAVY_RAIN,37.77,2196,37.31,62.69,HEALTHY,27.41,78.1,0.0,0.28,2.77,19.2,0,Tomato (Vegetative),0.85,50.0,55.2,HEALTHY,0,0.0
2026-03-24 15:00:00,esp32-field-01,MONSOON_HEAVY_RAIN,37.03,2230,36.61,63.39,HEALTHY,27.7,76.0,0.0,3.05,3.41,0.5,0,Tomato (Vegetative),0.85,50.0,55.2,HEALTHY,0,0.0
2026-03-24 16:00:00,esp32-field-01,MONSOON_HEAVY_RAIN,36.5,2240,35.81,64.19,HEALTHY,26.78,78.5,0.0,0.02,2.97,2.6,0,Tomato (Vegetative),0.85,50.0,55.2,HEALTHY,0,0.0
2026-03-24 17:00:00,esp32-field-01,MONSOON_HEAVY_RAIN,36.11,2239,35.99,64.01,HEALTHY,27.08,78.9,0.0,3.1,2.83,1.7,0,Tomato (Vegetative),0.85,50.0,55.1,HEALTHY,0,0.0
2026-03-24 18:00:00,esp32-field-01,MONSOON_HEAVY_RAIN,35.83,2216,36.17,63.83,HEALTHY,25.96,82.0,0.0,0.56,2.72,0.4,0,Tomato (Vegetative),0.85,50.0,55.1,HEALTHY,0,0.0
2026-03-24 19:00:00,esp32-field-01,MONSOON_HEAVY_RAIN,38.63,2181,38.32,61.68,HEALTHY,25.47,85.0,18.9,28.59,2.41,100.0,1,Tomato (Vegetative),0.85,50.0,92.9,HEALTHY,0,0.0
2026-03-24 20:00:00,esp32-field-01,MONSOON_HEAVY_RAIN,37.72,2197,38.52,61.48,HEALTHY,23.66,84.0,0.0,1.36,2.53,6.1,0,Tomato (Vegetative),0.85,50.0,55.1,HEALTHY,0,0.0
2026-03-24 21:00:00,esp32-field-01,MONSOON_HEAVY_RAIN,37.04,2220,37.15,62.85,HEALTHY,23.64,89.3,0.0,1.29,2.42,0.5,0,Tomato (Vegetative),0.85,50.0,55.1,HEALTHY,0,0.0
2026-03-24 22:00:00,esp32-field-01,MONSOON_HEAVY_RAIN,36.53,2221,36.56,63.44,HEALTHY,21.81,86.2,0.0,0.32,1.88,2.3,0,Tomato (Vegetative),0.85,50.0,55.1,HEALTHY,0,0.0
2026-03-24 23:00:00,esp32-field-01,MONSOON_HEAVY_RAIN,36.14,2222,36.66,63.34,HEALTHY,21.27,88.1,0.0,3.85,2.06,0.2,0,Tomato (Vegetative),0.85,50.0,55.1,HEALTHY,0,0.0
2026-03-25 00:00:00,esp32-field-01,MONSOON_HEAVY_RAIN,38.91,2186,39.21,60.79,HEALTHY,20.66,94.1,19.2,29.43,2.23,100.0,1,Tomato (Vegetative),0.85,50.0,93.5,HEALTHY,0,0.0
2026-03-25 01:00:00,esp32-field-01,MONSOON_HEAVY_RAIN,43.51,2092,45.05,54.95,HEALTHY,19.68,89.9,35.0,52.72,2.07,100.0,1,Tomato (Vegetative),0.85,50.0,100.0,HEALTHY,0,0.0
2026-03-25 02:00:00,esp32-field-01,MONSOON_HEAVY_RAIN,41.38,2159,41.45,58.55,HEALTHY,20.18,95.3,0.0,2.11,2.25,3.5,0,Tomato (Vegetative),0.85,50.0,55.1,HEALTHY,0,0.0
2026-03-25 03:00:00,esp32-field-01,MONSOON_HEAVY_RAIN,40.98,2154,40.47,59.53,HEALTHY,19.99,95.8,7.5,13.99,2.04,80.9,1,Tomato (Vegetative),0.85,50.0,70.0,HEALTHY,0,0.0
2026-03-25 04:00:00,esp32-field-01,MONSOON_HEAVY_RAIN,39.48,2175,39.01,60.99,HEALTHY,21.21,89.7,0.0,2.15,2.18,1.4,0,Tomato (Vegetative),0.85,50.0,55.0,HEALTHY,0,0.0
2026-03-25 05:00:00,esp32-field-01,MONSOON_HEAVY_RAIN,40.54,2138,41.0,59.0,HEALTHY,21.65,92.5,13.7,21.74,2.36,94.6,1,Tomato (Vegetative),0.85,50.0,82.4,HEALTHY,0,0.0
2026-03-25 06:00:00,esp32-field-01,MONSOON_HEAVY_RAIN,39.15,2179,41.33,58.67,HEALTHY,22.47,90.0,0.0,0.66,1.69,3.9,0,Tomato (Vegetative),0.85,50.0,55.0,HEALTHY,0,0.0
2026-03-25 07:00:00,esp32-field-01,MONSOON_HEAVY_RAIN,38.1,2201,38.28,61.72,HEALTHY,23.2,83.7,0.0,2.92,2.53,5.1,0,Tomato (Vegetative),0.85,50.0,55.0,HEALTHY,0,0.0
2026-03-25 08:00:00,esp32-field-01,MONSOON_HEAVY_RAIN,37.3,2223,36.2,63.8,HEALTHY,25.07,85.1,0.0,5.32,2.42,4.4,0,Tomato (Vegetative),0.85,50.0,55.0,HEALTHY,0,0.0
2026-03-25 09:00:00,esp32-field-01,MONSOON_HEAVY_RAIN,37.62,2194,38.15,61.85,HEALTHY,25.41,80.3,5.8,9.24,2.78,74.8,1,Tomato (Vegetative),0.85,50.0,66.6,HEALTHY,0,0.0
2026-03-25 10:00:00,esp32-field-01,MONSOON_HEAVY_RAIN,36.92,2206,37.77,62.23,HEALTHY,25.96,80.3,0.0,2.26,2.86,4.0,0,Tomato (Vegetative),0.85,50.0,55.0,HEALTHY,0,0.0
2026-03-25 11:00:00,esp32-field-01,MONSOON_HEAVY_RAIN,41.42,2174,40.39,59.61,HEALTHY,26.07,80.1,31.6,48.69,2.82,100.0,1,Tomato (Vegetative),0.85,50.0,100.0,HEALTHY,0,0.0
2026-03-25 12:00:00,esp32-field-01,MONSOON_HEAVY_RAIN,39.76,2179,40.01,59.99,HEALTHY,25.45,80.7,0.0,0.73,3.11,1.3,0,Tomato (Vegetative),0.85,50.0,55.0,HEALTHY,0,0.0
2026-03-25 13:00:00,esp32-field-01,MONSOON_HEAVY_RAIN,38.52,2221,37.71,62.29,HEALTHY,27.46,72.5,0.0,0.01,2.59,6.1,0,Tomato (Vegetative),0.85,50.0,55.0,HEALTHY,0,0.0
2026-03-25 14:00:00,esp32-field-01,MONSOON_HEAVY_RAIN,37.59,2208,38.53,61.47,HEALTHY,26.66,76.4,0.0,2.67,2.97,0.4,0,Tomato (Vegetative),0.85,50.0,54.9,HEALTHY,0,0.0
2026-03-25 15:00:00,esp32-field-01,MONSOON_HEAVY_RAIN,36.91,2202,37.26,62.74,HEALTHY,27.72,81.1,0.0,5.12,2.48,3.1,0,Tomato (Vegetative),0.85,50.0,54.9,HEALTHY,0,0.0
2026-03-25 16:00:00,esp32-field-01,MONSOON_HEAVY_RAIN,36.41,2213,36.53,63.47,HEALTHY,27.48,74.7,0.0,1.44,2.85,0.5,0,Tomato (Vegetative),0.85,50.0,54.9,HEALTHY,0,0.0
2026-03-25 17:00:00,esp32-field-01,MONSOON_HEAVY_RAIN,36.04,2233,35.53,64.47,HEALTHY,27.94,81.9,0.0,1.65,3.37,6.5,0,Tomato (Vegetative),0.85,50.0,54.9,HEALTHY,0,0.0
2026-03-25 18:00:00,esp32-field-01,MONSOON_HEAVY_RAIN,35.78,2271,34.13,65.87,HEALTHY,25.94,79.5,0.0,3.54,2.89,12.9,0,Tomato (Vegetative),0.85,50.0,54.9,HEALTHY,0,0.0
2026-03-25 19:00:00,esp32-field-01,MONSOON_HEAVY_RAIN,35.58,2243,35.34,64.66,HEALTHY,25.76,84.5,0.0,0.4,2.45,0.9,0,Tomato (Vegetative),0.85,50.0,54.9,HEALTHY,0,0.0
2026-03-25 20:00:00,esp32-field-01,MONSOON_HEAVY_RAIN,35.43,2205,37.3,62.7,HEALTHY,23.63,87.0,0.0,0.28,2.36,2.1,0,Tomato (Vegetative),0.85,50.0,54.9,HEALTHY,0,0.0
2026-03-25 21:00:00,esp32-field-01,MONSOON_HEAVY_RAIN,35.32,2223,36.42,63.58,HEALTHY,23.31,86.0,0.0,2.19,2.69,0.9,0,Tomato (Vegetative),0.85,50.0,54.9,HEALTHY,0,0.0
2026-03-25 22:00:00,esp32-field-01,MONSOON_HEAVY_RAIN,39.62,2159,39.55,60.45,HEALTHY,22.01,87.0,27.5,43.4,2.35,100.0,1,Tomato (Vegetative),0.85,50.0,100.0,HEALTHY,0,0.0
2026-03-25 23:00:00,esp32-field-01,MONSOON_HEAVY_RAIN,38.46,2192,38.44,61.56,HEALTHY,21.05,95.1,0.0,1.93,2.3,0.6,0,Tomato (Vegetative),0.85,50.0,54.8,HEALTHY,0,0.0
2026-03-26 00:00:00,esp32-field-01,MONSOON_HEAVY_RAIN,37.59,2204,37.92,62.08,HEALTHY,22.2,93.0,0.0,0.4,2.32,4.6,0,Tomato (Vegetative),0.85,50.0,54.8,HEALTHY,0,0.0
2026-03-26 01:00:00,esp32-field-01,MONSOON_HEAVY_RAIN,36.94,2198,38.29,61.71,HEALTHY,21.31,89.6,0.0,0.76,2.35,3.5,0,Tomato (Vegetative),0.85,50.0,54.8,HEALTHY,0,0.0
2026-03-26 02:00:00,esp32-field-01,MONSOON_HEAVY_RAIN,38.72,2178,39.54,60.46,HEALTHY,20.2,93.1,14.2,22.27,2.37,94.0,1,Tomato (Vegetative),0.85,50.0,83.2,HEALTHY,0,0.0
2026-03-26 03:00:00,esp32-field-01,MONSOON_HEAVY_RAIN,43.36,2129,42.5,57.5,HEALTHY,20.71,90.6,35.0,53.68,2.27,100.0,1,Tomato (Vegetative),0.85,50.0,100.0,HEALTHY,0,0.0
2026-03-26 04:00:00,esp32-field-01,MONSOON_HEAVY_RAIN,41.27,2111,42.27,57.73,HEALTHY,21.14,92.7,0.0,0.33,2.69,3.5,0,Tomato (Vegetative),0.85,50.0,54.8,HEALTHY,0,0.0
2026-03-26 05:00:00,esp32-field-01,MONSOON_HEAVY_RAIN,39.7,2155,39.07,60.93,HEALTHY,21.34,91.4,0.0,1.16,2.53,0.9,0,Tomato (Vegetative),0.85,50.0,54.8,HEALTHY,0,0.0
2026-03-26 06:00:00,esp32-field-01,MONSOON_HEAVY_RAIN,38.52,2175,39.24,60.76,HEALTHY,22.89,86.8,0.0,3.07,2.6,2.3,0,Tomato (Vegetative),0.85,50.0,54.8,HEALTHY,0,0.0
2026-03-26 07:00:00,esp32-field-01,MONSOON_HEAVY_RAIN,40.08,2195,38.97,61.03,HEALTHY,22.69,90.7,15.4,24.43,2.05,100.0,1,Tomato (Vegetative),0.85,50.0,85.6,HEALTHY,0,0.0
2026-03-26 08:00:00,esp32-field-01,MONSOON_HEAVY_RAIN,38.79,2203,37.66,62.34,HEALTHY,24.36,86.6,0.0,0.01,2.83,6.6,0,Tomato (Vegetative),0.85,50.0,54.8,HEALTHY,0,0.0
2026-03-26 09:00:00,esp32-field-01,MONSOON_HEAVY_RAIN,37.81,2230,37.66,62.34,HEALTHY,25.67,86.1,0.0,1.08,2.27,1.6,0,Tomato (Vegetative),0.85,50.0,54.8,HEALTHY,0,0.0
2026-03-26 10:00:00,esp32-field-01,MONSOON_HEAVY_RAIN,42.64,2091,44.03,55.97,HEALTHY,26.04,81.9,35.0,52.95,2.64,100.0,1,Tomato (Vegetative),0.85,50.0,100.0,HEALTHY,0,0.0
2026-03-26 11:00:00,esp32-field-01,MONSOON_HEAVY_RAIN,43.11,2131,42.71,57.29,HEALTHY,26.4,78.2,15.3,24.08,3.24,100.0,1,Tomato (Vegetative),0.85,50.0,85.3,HEALTHY,0,0.0
2026-03-26 12:00:00,esp32-field-01,MONSOON_HEAVY_RAIN,41.76,2149,41.74,58.26,HEALTHY,27.49,79.8,4.6,7.35,3.02,82.5,1,Tomato (Vegetative),0.85,50.0,63.9,HEALTHY,0,0.0
2026-03-26 13:00:00,esp32-field-01,MONSOON_HEAVY_RAIN,40.01,2192,39.01,60.99,HEALTHY,27.86,75.6,0.0,0.03,3.3,0.6,0,Tomato (Vegetative),0.85,50.0,54.7,HEALTHY,0,0.0
2026-03-26 14:00:00,esp32-field-01,MONSOON_HEAVY_RAIN,38.72,2187,39.55,60.45,HEALTHY,26.55,74.0,0.0,0.45,2.3,1.6,0,Tomato (Vegetative),0.85,50.0,54.7,HEALTHY,0,0.0
2026-03-26 15:00:00,esp32-field-01,MONSOON_HEAVY_RAIN,37.75,2247,37.85,62.15,HEALTHY,28.21,74.8,0.0,2.02,3.04,14.6,0,Tomato (Vegetative),0.85,50.0,54.7,HEALTHY,0,0.0
2026-03-26 16:00:00,esp32-field-01,MONSOON_HEAVY_RAIN,37.04,2213,37.05,62.95,HEALTHY,26.81,78.0,0.0,1.08,2.77,0.6,0,Tomato (Vegetative),0.85,50.0,54.7,HEALTHY,0,0.0
2026-03-26 17:00:00,esp32-field-01,MONSOON_HEAVY_RAIN,36.51,2205,37.5,62.5,HEALTHY,27.36,77.1,0.0,0.89,2.86,0.8,0,Tomato (Vegetative),0.85,50.0,54.7,HEALTHY,0,0.0
2026-03-26 18:00:00,esp32-field-01,MONSOON_HEAVY_RAIN,37.43,2229,37.33,62.67,HEALTHY,25.27,80.9,8.1,13.22,2.81,83.6,1,Tomato (Vegetative),0.85,50.0,70.9,HEALTHY,0,0.0
2026-03-26 19:00:00,esp32-field-01,MONSOON_HEAVY_RAIN,42.39,2135,42.01,57.99,HEALTHY,25.02,82.3,35.0,53.17,2.63,100.0,1,Tomato (Vegetative),0.85,50.0,100.0,HEALTHY,0,0.0
2026-03-26 20:00:00,esp32-field-01,MONSOON_HEAVY_RAIN,40.54,2169,39.61,60.39,HEALTHY,24.61,82.1,0.0,0.75,2.39,2.9,0,Tomato (Vegetative),0.85,50.0,54.6,HEALTHY,0,0.0
2026-03-26 21:00:00,esp32-field-01,MONSOON_HEAVY_RAIN,39.15,2198,38.99,61.01,HEALTHY,22.32,90.9,0.0,0.81,2.49,0.2,0,Tomato (Vegetative),0.85,50.0,54.6,HEALTHY,0,0.0
2026-03-26 22:00:00,esp32-field-01,MONSOON_HEAVY_RAIN,38.51,2204,38.99,61.01,HEALTHY,23.44,91.9,2.5,8.65,2.81,85.1,1,Tomato (Vegetative),0.85,50.0,59.6,HEALTHY,0,0.0
2026-03-26 23:00:00,esp32-field-01,MONSOON_HEAVY_RAIN,37.63,2223,37.09,62.91,HEALTHY,21.22,91.9,0.0,0.06,2.42,0.5,0,Tomato (Vegetative),0.85,50.0,54.6,HEALTHY,0,0.0
2026-03-27 00:00:00,esp32-field-01,MONSOON_HEAVY_RAIN,36.97,2224,35.65,64.35,HEALTHY,20.15,97.3,0.0,1.0,1.99,7.9,0,Tomato (Vegetative),0.85,50.0,54.6,HEALTHY,0,0.0
2026-03-27 01:00:00,esp32-field-01,MONSOON_HEAVY_RAIN,36.47,2230,36.69,63.31,HEALTHY,20.93,93.3,0.0,4.4,2.6,2.6,0,Tomato (Vegetative),0.85,50.0,54.6,HEALTHY,0,0.0
2026-03-27 02:00:00,esp32-field-01,MONSOON_HEAVY_RAIN,36.1,2259,35.14,64.86,HEALTHY,20.95,92.5,0.0,0.91,2.28,1.9,0,Tomato (Vegetative),0.85,50.0,54.6,HEALTHY,0,0.0
2026-03-27 03:00:00,esp32-field-01,MONSOON_HEAVY_RAIN,35.82,2242,35.72,64.28,HEALTHY,20.95,93.5,0.0,1.05,1.5,1.8,0,Tomato (Vegetative),0.85,50.0,54.6,HEALTHY,0,0.0
2026-03-27 04:00:00,esp32-field-01,MONSOON_HEAVY_RAIN,35.61,2281,34.64,65.36,HEALTHY,21.88,95.2,0.0,2.15,3.11,1.0,0,Tomato (Vegetative),0.85,50.0,54.6,HEALTHY,0,0.0
2026-03-27 05:00:00,esp32-field-01,MONSOON_HEAVY_RAIN,35.46,2229,36.42,63.58,HEALTHY,21.97,92.1,0.0,2.74,1.85,0.8,0,Tomato (Vegetative),0.85,50.0,54.5,HEALTHY,0,0.0
2026-03-27 06:00:00,esp32-field-01,MONSOON_HEAVY_RAIN,37.25,2214,37.8,62.2,HEALTHY,22.33,89.4,12.0,23.66,2.25,98.9,1,Tomato (Vegetative),0.85,50.0,78.5,HEALTHY,0,0.0
2026-03-27 07:00:00,esp32-field-01,MONSOON_HEAVY_RAIN,36.68,2232,36.06,63.94,HEALTHY,22.98,92.6,0.0,0.32,2.58,1.2,0,Tomato (Vegetative),0.85,50.0,54.5,HEALTHY,0,0.0
2026-03-27 08:00:00,esp32-field-01,MONSOON_HEAVY_RAIN,36.23,2234,36.2,63.8,HEALTHY,25.24,82.2,0.0,0.68,2.71,1.9,0,Tomato (Vegetative),0.85,50.0,54.5,HEALTHY,0,0.0
2026-03-27 09:00:00,esp32-field-01,MONSOON_HEAVY_RAIN,35.89,2250,35.36,64.64,HEALTHY,26.13,81.9,0.0,1.3,2.78,1.1,0,Tomato (Vegetative),0.85,50.0,54.5,HEALTHY,0,0.0
2026-03-27 10:00:00,esp32-field-01,MONSOON_HEAVY_RAIN,35.62,2241,35.58,64.42,HEALTHY,25.91,78.8,0.0,4.7,2.65,2.9,0,Tomato (Vegetative),0.85,50.0,54.5,HEALTHY,0,0.0
2026-03-27 11:00:00,esp32-field-01,MONSOON_HEAVY_RAIN,36.85,2226,36.79,63.21,HEALTHY,25.77,77.7,9.0,17.32,2.93,85.3,1,Tomato (Vegetative),0.85,50.0,72.5,HEALTHY,0,0.0
2026-03-27 12:00:00,esp32-field-01,MONSOON_HEAVY_RAIN,38.16,2215,37.21,62.79,HEALTHY,27.23,78.3,11.5,17.98,2.92,95.0,1,Tomato (Vegetative),0.85,50.0,77.5,HEALTHY,0,0.0
2026-03-27 13:00:00,esp32-field-01,MONSOON_HEAVY_RAIN,37.32,2181,38.54,61.46,HEALTHY,27.35,82.7,0.0,0.89,3.04,0.6,0,Tomato (Vegetative),0.85,50.0,54.5,HEALTHY,0,0.0
2026-03-27 14:00:00,esp32-field-01,MONSOON_HEAVY_RAIN,36.69,2245,35.73,64.27,HEALTHY,27.49,79.8,0.0,0.04,2.97,0.7,0,Tomato (Vegetative),0.85,50.0,54.5,HEALTHY,0,0.0
2026-03-27 15:00:00,esp32-field-01,MONSOON_HEAVY_RAIN,36.23,2248,35.91,64.09,HEALTHY,26.13,71.6,0.0,0.65,2.56,0.4,0,Tomato (Vegetative),0.85,50.0,54.5,HEALTHY,0,0.0
2026-03-27 16:00:00,esp32-field-01,MONSOON_HEAVY_RAIN,35.9,2226,37.21,62.79,HEALTHY,26.75,79.8,0.0,0.7,3.04,0.4,0,Tomato (Vegetative),0.85,50.0,54.4,HEALTHY,0,0.0
2026-03-27 17:00:00,esp32-field-01,MONSOON_HEAVY_RAIN,35.66,2216,36.64,63.36,HEALTHY,25.28,79.9,0.0,1.16,3.02,1.6,0,Tomato (Vegetative),0.85,50.0,54.4,HEALTHY,0,0.0
2026-03-27 18:00:00,esp32-field-01,MONSOON_HEAVY_RAIN,35.49,2240,35.26,64.74,HEALTHY,25.05,79.9,0.0,0.29,2.57,2.9,0,Tomato (Vegetative),0.85,50.0,54.4,HEALTHY,0,0.0
2026-03-27 19:00:00,esp32-field-01,MONSOON_HEAVY_RAIN,35.37,2237,36.03,63.97,HEALTHY,24.73,78.3,0.0,0.01,2.61,4.9,0,Tomato (Vegetative),0.85,50.0,54.4,HEALTHY,0,0.0
2026-03-27 20:00:00,esp32-field-01,MONSOON_HEAVY_RAIN,35.27,2263,35.03,64.97,HEALTHY,23.01,81.9,0.0,2.33,2.38,1.2,0,Tomato (Vegetative),0.85,50.0,54.4,HEALTHY,0,0.0
2026-03-27 21:00:00,esp32-field-01,MONSOON_HEAVY_RAIN,38.72,2194,37.5,62.5,HEALTHY,23.47,88.0,22.1,34.01,2.47,100.0,1,Tomato (Vegetative),0.85,50.0,98.6,HEALTHY,0,0.0
2026-03-27 22:00:00,esp32-field-01,MONSOON_HEAVY_RAIN,37.79,2255,36.12,63.88,HEALTHY,21.92,86.0,0.0,0.03,1.95,2.8,0,Tomato (Vegetative),0.85,50.0,54.4,HEALTHY,0,0.0
2026-03-27 23:00:00,esp32-field-01,MONSOON_HEAVY_RAIN,37.09,2197,37.9,62.1,HEALTHY,21.61,87.7,0.0,2.08,1.7,1.9,0,Tomato (Vegetative),0.85,50.0,54.4,HEALTHY,0,0.0
2026-03-28 00:00:00,esp32-field-01,MONSOON_HEAVY_RAIN,36.56,2231,35.83,64.17,HEALTHY,20.42,85.9,0.0,0.51,2.28,0.9,0,Tomato (Vegetative),0.85,50.0,54.4,HEALTHY,0,0.0
2026-03-28 01:00:00,esp32-field-01,MONSOON_HEAVY_RAIN,36.17,2231,36.94,63.06,HEALTHY,19.15,89.9,0.0,0.07,1.88,3.2,0,Tomato (Vegetative),0.85,50.0,54.3,HEALTHY,0,0.0
2026-03-28 02:00:00,esp32-field-01,MONSOON_HEAVY_RAIN,35.88,2204,36.56,63.44,HEALTHY,20.18,92.5,0.0,2.19,1.94,2.3,0,Tomato (Vegetative),0.85,50.0,54.3,HEALTHY,0,0.0
2026-03-28 03:00:00,esp32-field-01,MONSOON_HEAVY_RAIN,35.65,2259,34.23,65.77,HEALTHY,21.07,93.1,0.0,0.67,2.65,2.9,0,Tomato (Vegetative),0.85,50.0,54.3,HEALTHY,0,0.0
2026-03-28 04:00:00,esp32-field-01,MONSOON_HEAVY_RAIN,35.49,2247,35.51,64.49,HEALTHY,20.38,93.0,0.0,1.15,1.96,1.8,0,Tomato (Vegetative),0.85,50.0,54.3,HEALTHY,0,0.0
2026-03-28 05:00:00,esp32-field-01,MONSOON_HEAVY_RAIN,35.36,2277,34.66,65.34,HEALTHY,20.88,93.1,0.0,0.6,1.97,3.3,0,Tomato (Vegetative),0.85,50.0,54.3,HEALTHY,0,0.0
2026-03-28 06:00:00,esp32-field-01,MONSOON_HEAVY_RAIN,35.27,2260,35.27,64.73,HEALTHY,21.47,87.3,0.0,0.9,2.27,3.9,0,Tomato (Vegetative),0.85,50.0,54.3,HEALTHY,0,0.0
2026-03-28 07:00:00,esp32-field-01,MONSOON_HEAVY_RAIN,35.19,2255,35.39,64.61,HEALTHY,22.79,87.1,0.0,0.74,2.72,6.1,0,Tomato (Vegetative),0.85,50.0,54.3,HEALTHY,0,0.0
2026-03-28 08:00:00,esp32-field-01,MONSOON_HEAVY_RAIN,35.12,2237,35.51,64.49,HEALTHY,24.84,82.4,0.0,0.6,2.32,1.3,0,Tomato (Vegetative),0.85,50.0,54.3,HEALTHY,0,0.0
2026-03-28 09:00:00,esp32-field-01,MONSOON_HEAVY_RAIN,35.06,2273,34.44,65.56,HEALTHY,24.74,84.5,0.0,1.56,2.42,1.8,0,Tomato (Vegetative),0.85,50.0,54.3,HEALTHY,0,0.0
2026-03-28 10:00:00,esp32-field-01,MONSOON_HEAVY_RAIN,35.0,2252,35.76,64.24,HEALTHY,24.7,75.6,0.0,0.5,2.42,0.2,0,Tomato (Vegetative),0.85,50.0,54.3,HEALTHY,0,0.0
2026-03-28 11:00:00,esp32-field-01,MONSOON_HEAVY_RAIN,34.94,2245,34.3,65.7,HEALTHY,27.45,78.1,0.0,0.02,2.64,5.4,0,Tomato (Vegetative),0.85,50.0,54.2,HEALTHY,0,0.0
2026-03-28 12:00:00,esp32-field-01,MONSOON_HEAVY_RAIN,34.88,2268,33.26,66.74,HEALTHY,25.8,77.4,0.0,0.74,2.39,0.1,0,Tomato (Vegetative),0.85,50.0,54.2,HEALTHY,0,0.0
2026-03-28 13:00:00,esp32-field-01,MONSOON_HEAVY_RAIN,40.44,2163,40.18,59.82,HEALTHY,28.01,79.7,35.0,55.25,2.74,100.0,1,Tomato (Vegetative),0.85,50.0,100.0,HEALTHY,0,0.0
2026-03-28 14:00:00,esp32-field-01,MONSOON_HEAVY_RAIN,39.03,2178,39.49,60.51,HEALTHY,27.82,75.8,0.0,1.12,2.74,2.7,0,Tomato (Vegetative),0.85,50.0,54.2,HEALTHY,0,0.0
2026-03-28 15:00:00,esp32-field-01,MONSOON_HEAVY_RAIN,37.99,2203,37.35,62.65,HEALTHY,27.72,74.6,0.0,4.0,2.88,1.1,0,Tomato (Vegetative),0.85,50.0,54.2,HEALTHY,0,0.0
2026-03-28 16:00:00,esp32-field-01,MONSOON_HEAVY_RAIN,37.22,2229,37.05,62.95,HEALTHY,26.32,76.5,0.0,2.52,2.5,4.1,0,Tomato (Vegetative),0.85,50.0,54.2,HEALTHY,0,0.0
2026-03-28 17:00:00,esp32-field-01,MONSOON_HEAVY_RAIN,38.16,2200,37.68,62.32,HEALTHY,27.5,80.4,9.5,17.16,2.94,87.2,1,Tomato (Vegetative),0.85,50.0,73.2,HEALTHY,0,0.0
2026-03-28 18:00:00,esp32-field-01,MONSOON_HEAVY_RAIN,37.37,2223,36.65,63.35,HEALTHY,25.73,80.6,0.0,0.78,2.52,7.4,0,Tomato (Vegetative),0.85,50.0,54.2,HEALTHY,0,0.0
2026-03-28 19:00:00,esp32-field-01,MONSOON_HEAVY_RAIN,39.88,2195,39.89,60.11,HEALTHY,24.59,82.8,19.5,30.54,2.57,100.0,1,Tomato (Vegetative),0.85,50.0,93.2,HEALTHY,0,0.0
2026-03-28 20:00:00,esp32-field-01,MONSOON_HEAVY_RAIN,38.66,2194,38.68,61.32,HEALTHY,23.56,83.6,0.0,0.84,2.37,0.7,0,Tomato (Vegetative),0.85,50.0,54.2,HEALTHY,0,0.0
2026-03-28 21:00:00,esp32-field-01,MONSOON_HEAVY_RAIN,37.74,2187,38.11,61.89,HEALTHY,23.78,88.6,0.0,0.67,2.52,1.1,0,Tomato (Vegetative),0.85,50.0,54.1,HEALTHY,0,0.0
2026-03-28 22:00:00,esp32-field-01,MONSOON_HEAVY_RAIN,37.05,2226,37.74,62.26,HEALTHY,21.43,86.1,0.0,1.25,2.33,1.7,0,Tomato (Vegetative),0.85,50.0,54.1,HEALTHY,0,0.0
2026-03-28 23:00:00,esp32-field-01,MONSOON_HEAVY_RAIN,36.54,2226,36.94,63.06,HEALTHY,21.37,91.6,0.0,2.22,1.81,0.7,0,Tomato (Vegetative),0.85,50.0,54.1,HEALTHY,0,0.0
2026-03-29 00:00:00,esp32-field-01,MONSOON_HEAVY_RAIN,36.15,2219,36.3,63.7,HEALTHY,20.79,89.3,0.0,0.13,1.78,0.3,0,Tomato (Vegetative),0.85,50.0,54.1,HEALTHY,0,0.0
2026-03-29 01:00:00,esp32-field-01,MONSOON_HEAVY_RAIN,35.86,2232,36.29,63.71,HEALTHY,21.23,90.1,0.0,1.32,2.26,0.1,0,Tomato (Vegetative),0.85,50.0,54.1,HEALTHY,0,0.0
2026-03-29 02:00:00,esp32-field-01,MONSOON_HEAVY_RAIN,37.06,2221,36.51,63.49,HEALTHY,21.34,94.6,8.9,15.06,2.54,89.8,1,Tomato (Vegetative),0.85,50.0,71.9,HEALTHY,0,0.0
2026-03-29 03:00:00,esp32-field-01,MONSOON_HEAVY_RAIN,36.54,2237,36.32,63.68,HEALTHY,21.2,93.8,0.0,1.8,2.27,0.9,0,Tomato (Vegetative),0.85,50.0,54.1,HEALTHY,0,0.0
2026-03-29 04:00:00,esp32-field-01,MONSOON_HEAVY_RAIN,36.15,2220,36.56,63.44,HEALTHY,20.32,91.9,0.0,2.03,1.96,4.6,0,Tomato (Vegetative),0.85,50.0,54.1,HEALTHY,0,0.0
2026-03-29 05:00:00,esp32-field-01,MONSOON_HEAVY_RAIN,35.86,2260,35.23,64.77,HEALTHY,22.55,88.7,0.0,0.52,2.2,1.3,0,Tomato (Vegetative),0.85,50.0,54.1,HEALTHY,0,0.0
2026-03-29 06:00:00,esp32-field-01,MONSOON_HEAVY_RAIN,36.17,2223,37.8,62.2,HEALTHY,22.69,87.2,3.3,5.2,2.67,79.2,1,Tomato (Vegetative),0.85,50.0,60.7,HEALTHY,0,0.0
2026-03-29 07:00:00,esp32-field-01,MONSOON_HEAVY_RAIN,35.86,2259,36.06,63.94,HEALTHY,23.77,81.1,0.0,7.71,2.48,16.5,0,Tomato (Vegetative),0.85,50.0,54.0,HEALTHY,0,0.0
2026-03-29 08:00:00,esp32-field-01,MONSOON_HEAVY_RAIN,35.63,2224,36.33,63.67,HEALTHY,23.26,85.6,0.0,1.6,2.45,5.1,0,Tomato (Vegetative),0.85,50.0,54.0,HEALTHY,0,0.0
2026-03-29 09:00:00,esp32-field-01,MONSOON_HEAVY_RAIN,35.43,2261,36.29,63.71,HEALTHY,25.81,76.9,0.0,0.93,2.71,1.0,0,Tomato (Vegetative),0.85,50.0,54.0,HEALTHY,0,0.0
2026-03-29 10:00:00,esp32-field-01,MONSOON_HEAVY_RAIN,35.28,2253,35.43,64.57,HEALTHY,25.55,81.8,0.0,0.84,2.99,1.4,0,Tomato (Vegetative),0.85,50.0,54.0,HEALTHY,0,0.0
2026-03-29 11:00:00,esp32-field-01,MONSOON_HEAVY_RAIN,35.17,2261,34.81,65.19,HEALTHY,25.94,81.6,0.0,0.18,2.28,3.4,0,Tomato (Vegetative),0.85,50.0,54.0,HEALTHY,0,0.0
2026-03-29 12:00:00,esp32-field-01,MONSOON_HEAVY_RAIN,35.07,2254,34.51,65.49,HEALTHY,26.56,74.2,0.0,1.74,2.82,4.3,0,Tomato (Vegetative),0.85,50.0,54.0,HEALTHY,0,0.0
2026-03-29 13:00:00,esp32-field-01,MONSOON_HEAVY_RAIN,35.19,2234,36.41,63.59,HEALTHY,27.23,75.3,1.2,2.25,2.8,65.0,1,Tomato (Vegetative),0.85,50.0,56.4,HEALTHY,0,0.0
2026-03-29 14:00:00,esp32-field-01,MONSOON_HEAVY_RAIN,35.1,2234,35.96,64.04,HEALTHY,26.11,79.5,0.0,1.77,2.69,3.0,0,Tomato (Vegetative),0.85,50.0,54.0,HEALTHY,0,0.0
2026-03-29 15:00:00,esp32-field-01,MONSOON_HEAVY_RAIN,35.75,2199,37.51,62.49,HEALTHY,27.33,73.4,4.5,9.14,2.94,78.9,1,Tomato (Vegetative),0.85,50.0,63.0,HEALTHY,0,0.0
2026-03-29 16:00:00,esp32-field-01,MONSOON_HEAVY_RAIN,35.54,2241,34.92,65.08,HEALTHY,27.75,71.8,0.0,1.06,2.93,2.7,0,Tomato (Vegetative),0.85,50.0,54.0,HEALTHY,0,0.0
2026-03-29 17:00:00,esp32-field-01,MONSOON_HEAVY_RAIN,35.39,2265,34.76,65.24,HEALTHY,25.65,77.5,0.0,1.27,2.49,0.2,0,Tomato (Vegetative),0.85,50.0,54.0,HEALTHY,0,0.0
2026-03-29 18:00:00,esp32-field-01,MONSOON_HEAVY_RAIN,38.27,2193,39.65,60.35,HEALTHY,26.21,80.9,18.7,28.12,2.77,100.0,1,Tomato (Vegetative),0.85,50.0,91.3,HEALTHY,0,0.0
2026-03-29 19:00:00,esp32-field-01,MONSOON_HEAVY_RAIN,37.45,2214,37.79,62.21,HEALTHY,25.22,79.8,0.0,0.54,2.97,1.5,0,Tomato (Vegetative),0.85,50.0,53.9,HEALTHY,0,0.0
2026-03-29 20:00:00,esp32-field-01,MONSOON_HEAVY_RAIN,36.84,2212,37.62,62.38,HEALTHY,25.26,83.5,0.0,2.23,2.78,9.3,0,Tomato (Vegetative),0.85,50.0,53.9,HEALTHY,0,0.0
2026-03-29 21:00:00,esp32-field-01,MONSOON_HEAVY_RAIN,37.44,2213,38.57,61.43,HEALTHY,22.4,83.0,6.7,11.35,2.12,77.8,1,Tomato (Vegetative),0.85,50.0,67.3,HEALTHY,0,0.0
2026-03-29 22:00:00,esp32-field-01,MONSOON_HEAVY_RAIN,36.83,2231,36.41,63.59,HEALTHY,23.44,88.7,0.0,1.84,2.35,2.1,0,Tomato (Vegetative),0.85,50.0,53.9,HEALTHY,0,0.0
2026-03-29 23:00:00,esp32-field-01,MONSOON_HEAVY_RAIN,36.37,2238,37.19,62.81,HEALTHY,21.57,87.4,0.0,1.89,2.08,0.1,0,Tomato (Vegetative),0.85,50.0,53.9,HEALTHY,0,0.0
2026-03-30 00:00:00,esp32-field-01,MONSOON_HEAVY_RAIN,36.02,2251,34.59,65.41,HEALTHY,21.13,93.0,0.0,0.3,1.99,2.2,0,Tomato (Vegetative),0.85,50.0,53.9,HEALTHY,0,0.0
2026-03-30 01:00:00,esp32-field-01,MONSOON_HEAVY_RAIN,35.76,2272,35.53,64.47,HEALTHY,19.82,92.8,0.0,0.32,2.18,8.9,0,Tomato (Vegetative),0.85,50.0,53.9,HEALTHY,0,0.0
2026-03-30 02:00:00,esp32-field-01,MONSOON_HEAVY_RAIN,35.57,2213,36.91,63.09,HEALTHY,20.58,93.4,0.0,2.87,2.23,0.2,0,Tomato (Vegetative),0.85,50.0,53.9,HEALTHY,0,0.0
2026-03-30 03:00:00,esp32-field-01,MONSOON_HEAVY_RAIN,35.42,2267,34.28,65.72,HEALTHY,20.68,98.0,0.0,0.17,2.35,5.4,0,Tomato (Vegetative),0.85,50.0,53.8,HEALTHY,0,0.0
2026-03-30 04:00:00,esp32-field-01,MONSOON_HEAVY_RAIN,35.32,2260,35.27,64.73,HEALTHY,20.66,95.4,0.0,0.42,1.89,1.8,0,Tomato (Vegetative),0.85,50.0,53.8,HEALTHY,0,0.0
2026-03-30 05:00:00,esp32-field-01,MONSOON_HEAVY_RAIN,35.23,2233,36.72,63.28,HEALTHY,20.84,86.5,0.0,0.34,1.99,4.1,0,Tomato (Vegetative),0.85,50.0,53.8,HEALTHY,0,0.0
2026-03-30 06:00:00,esp32-field-01,MONSOON_HEAVY_RAIN,35.17,2273,34.97,65.03,HEALTHY,21.57,87.6,0.0,0.89,2.1,2.9,0,Tomato (Vegetative),0.85,50.0,53.8,HEALTHY,0,0.0
2026-03-30 07:00:00,esp32-field-01,MONSOON_HEAVY_RAIN,35.12,2254,35.17,64.83,HEALTHY,24.43,90.3,0.0,0.31,2.37,0.5,0,Tomato (Vegetative),0.85,50.0,53.8,HEALTHY,0,0.0
2026-03-30 08:00:00,esp32-field-01,MONSOON_HEAVY_RAIN,36.49,2224,36.52,63.48,HEALTHY,24.45,90.3,8.9,15.69,2.24,86.2,1,Tomato (Vegetative),0.85,50.0,71.6,HEALTHY,0,0.0
2026-03-30 09:00:00,esp32-field-01,MONSOON_HEAVY_RAIN,38.32,2186,38.07,61.93,HEALTHY,23.64,86.2,14.1,21.45,3.09,95.3,1,Tomato (Vegetative),0.85,50.0,82.0,HEALTHY,0,0.0
2026-03-30 10:00:00,esp32-field-01,MONSOON_HEAVY_RAIN,37.68,2181,38.79,61.21,HEALTHY,25.64,80.5,1.4,2.36,2.31,73.7,1,Tomato (Vegetative),0.85,50.0,56.6,HEALTHY,0,0.0
2026-03-30 11:00:00,esp32-field-01,MONSOON_HEAVY_RAIN,37.9,2233,38.26,61.74,HEALTHY,26.44,77.0,5.9,9.02,2.68,79.4,1,Tomato (Vegetative),0.85,50.0,65.6,HEALTHY,0,0.0
2026-03-30 12:00:00,esp32-field-01,MONSOON_HEAVY_RAIN,37.97,2191,37.72,62.28,HEALTHY,27.56,75.0,5.3,14.65,2.65,81.1,1,Tomato (Vegetative),0.85,50.0,64.4,HEALTHY,0,0.0
2026-03-30 13:00:00,esp32-field-01,MONSOON_HEAVY_RAIN,37.17,2230,35.74,64.26,HEALTHY,28.33,79.4,0.0,0.38,3.01,3.0,0,Tomato (Vegetative),0.85,50.0,53.8,HEALTHY,0,0.0
2026-03-30 14:00:00,esp32-field-01,MONSOON_HEAVY_RAIN,36.95,2230,36.93,63.07,HEALTHY,27.4,71.3,2.3,6.5,3.02,75.4,1,Tomato (Vegetative),0.85,50.0,58.3,HEALTHY,0,0.0
2026-03-30 15:00:00,esp32-field-01,MONSOON_HEAVY_RAIN,41.28,2140,41.75,58.25,HEALTHY,26.69,76.5,30.5,47.27,2.87,100.0,1,Tomato (Vegetative),0.85,50.0,100.0,HEALTHY,0,0.0
2026-03-30 16:00:00,esp32-field-01,MONSOON_HEAVY_RAIN,39.69,2192,39.19,60.81,HEALTHY,26.16,78.1,0.0,0.94,2.85,2.4,0,Tomato (Vegetative),0.85,50.0,53.7,HEALTHY,0,0.0
2026-03-30 17:00:00,esp32-field-01,MONSOON_HEAVY_RAIN,38.5,2195,37.91,62.09,HEALTHY,26.78,80.5,0.0,0.48,2.51,1.3,0,Tomato (Vegetative),0.85,50.0,53.7,HEALTHY,0,0.0
2026-03-30 18:00:00,esp32-field-01,MONSOON_HEAVY_RAIN,39.35,2163,39.97,60.03,HEALTHY,24.65,82.4,10.8,17.27,2.38,92.6,1,Tomato (Vegetative),0.85,50.0,75.3,HEALTHY,0,0.0
2026-03-30 19:00:00,esp32-field-01,MONSOON_HEAVY_RAIN,38.26,2173,39.09,60.91,HEALTHY,25.47,77.6,0.0,0.57,2.6,2.6,0,Tomato (Vegetative),0.85,50.0,53.7,HEALTHY,0,0.0
2026-03-30 20:00:00,esp32-field-01,MONSOON_HEAVY_RAIN,37.44,2229,37.08,62.92,HEALTHY,24.58,86.9,0.0,0.38,2.47,0.8,0,Tomato (Vegetative),0.85,50.0,53.7,HEALTHY,0,0.0
2026-03-30 21:00:00,esp32-field-01,MONSOON_HEAVY_RAIN,37.02,2242,36.42,63.58,HEALTHY,22.53,85.2,1.2,4.38,2.49,70.4,1,Tomato (Vegetative),0.85,50.0,56.1,HEALTHY,0,0.0
2026-03-30 22:00:00,esp32-field-01,MONSOON_HEAVY_RAIN,36.51,2224,37.02,62.98,HEALTHY,22.7,87.6,0.0,1.32,2.23,0.3,0,Tomato (Vegetative),0.85,50.0,53.7,HEALTHY,0,0.0
2026-03-30 23:00:00,esp32-field-01,MONSOON_HEAVY_RAIN,36.13,2253,35.94,64.06,HEALTHY,21.41,94.0,0.0,1.19,2.15,0.8,0,Tomato (Vegetative),0.85,50.0,53.6,HEALTHY,0,0.0
2026-03-31 00:00:00,esp32-field-01,MONSOON_HEAVY_RAIN,35.84,2258,35.27,64.73,HEALTHY,21.31,92.3,0.0,0.63,2.18,0.2,0,Tomato (Vegetative),0.85,50.0,53.6,HEALTHY,0,0.0
2026-03-31 01:00:00,esp32-field-01,MONSOON_HEAVY_RAIN,37.8,2255,35.64,64.36,HEALTHY,20.96,92.4,13.6,24.94,2.26,97.9,1,Tomato (Vegetative),0.85,50.0,80.8,HEALTHY,0,0.0
2026-03-31 02:00:00,esp32-field-01,MONSOON_HEAVY_RAIN,37.1,2205,38.78,61.22,HEALTHY,20.36,94.6,0.0,0.51,1.98,0.8,0,Tomato (Vegetative),0.85,50.0,53.6,HEALTHY,0,0.0
2026-03-31 03:00:00,esp32-field-01,MONSOON_HEAVY_RAIN,36.57,2223,36.3,63.7,HEALTHY,20.36,94.6,0.0,0.68,2.05,0.6,0,Tomato (Vegetative),0.85,50.0,53.6,HEALTHY,0,0.0
2026-03-31 04:00:00,esp32-field-01,MONSOON_HEAVY_RAIN,36.17,2234,35.32,64.68,HEALTHY,20.13,96.9,0.0,0.13,2.25,4.0,0,Tomato (Vegetative),0.85,50.0,53.6,HEALTHY,0,0.0
2026-03-31 05:00:00,esp32-field-01,MONSOON_HEAVY_RAIN,36.04,2220,36.95,63.05,HEALTHY,22.33,89.6,1.0,4.14,2.55,65.0,1,Tomato (Vegetative),0.85,50.0,55.6,HEALTHY,0,0.0
2026-03-31 06:00:00,esp32-field-01,MONSOON_HEAVY_RAIN,35.77,2282,34.87,65.13,HEALTHY,21.84,87.1,0.0,3.31,2.26,9.1,0,Tomato (Vegetative),0.85,50.0,53.6,HEALTHY,0,0.0
2026-03-31 07:00:00,esp32-field-01,MONSOON_HEAVY_RAIN,37.27,2211,37.93,62.07,HEALTHY,22.63,89.8,10.7,16.26,2.29,89.8,1,Tomato (Vegetative),0.85,50.0,75.0,HEALTHY,0,0.0
2026-03-31 08:00:00,esp32-field-01,MONSOON_HEAVY_RAIN,36.68,2209,36.34,63.66,HEALTHY,23.42,86.5,0.0,1.66,2.49,0.0,0,Tomato (Vegetative),0.85,50.0,53.6,HEALTHY,0,0.0
2026-03-31 09:00:00,esp32-field-01,MONSOON_HEAVY_RAIN,36.22,2245,35.27,64.73,HEALTHY,25.5,79.2,0.0,2.31,2.81,0.0,0,Tomato (Vegetative),0.85,50.0,53.5,HEALTHY,0,0.0
2026-03-31 10:00:00,esp32-field-01,MONSOON_HEAVY_RAIN,37.58,2192,37.56,62.44,HEALTHY,25.84,78.8,10.7,16.33,2.48,80.5,1,Tomato (Vegetative),0.85,50.0,74.9,HEALTHY,0,0.0
2026-03-31 11:00:00,esp32-field-01,MONSOON_HEAVY_RAIN,36.89,2225,37.72,62.28,HEALTHY,26.65,78.8,0.0,0.08,2.7,1.8,0,Tomato (Vegetative),0.85,50.0,53.5,HEALTHY,0,0.0
2026-03-31 12:00:00,esp32-field-01,MONSOON_HEAVY_RAIN,36.35,2273,35.1,64.9,HEALTHY,27.47,75.9,0.0,0.43,3.54,1.0,0,Tomato (Vegetative),0.85,50.0,53.5,HEALTHY,0,0.0
2026-03-31 13:00:00,esp32-field-01,MONSOON_HEAVY_RAIN,35.96,2235,36.27,63.73,HEALTHY,27.31,76.1,0.0,1.59,2.92,0.1,0,Tomato (Vegetative),0.85,50.0,53.5,HEALTHY,0,0.0
2026-03-31 14:00:00,esp32-field-01,MONSOON_HEAVY_RAIN,38.4,2210,37.56,62.44,HEALTHY,28.11,73.9,17.1,25.75,3.01,100.0,1,Tomato (Vegetative),0.85,50.0,87.7,HEALTHY,0,0.0
2026-03-31 15:00:00,esp32-field-01,MONSOON_HEAVY_RAIN,37.61,2232,37.15,62.85,HEALTHY,27.0,76.9,0.6,1.48,2.58,65.0,1,Tomato (Vegetative),0.85,50.0,54.7,HEALTHY,0,0.0
2026-03-31 16:00:00,esp32-field-01,MONSOON_HEAVY_RAIN,36.93,2218,37.4,62.6,HEALTHY,26.96,81.4,0.0,3.96,2.77,0.2,0,Tomato (Vegetative),0.85,50.0,53.5,HEALTHY,0,0.0
2026-03-31 17:00:00,esp32-field-01,MONSOON_HEAVY_RAIN,36.82,2229,36.44,63.56,HEALTHY,24.99,79.2,2.4,4.14,2.7,68.1,1,Tomato (Vegetative),0.85,50.0,58.3,HEALTHY,0,0.0
2026-03-31 18:00:00,esp32-field-01,MONSOON_HEAVY_RAIN,36.36,2212,37.46,62.54,HEALTHY,26.3,75.7,0.0,5.91,2.62,1.7,0,Tomato (Vegetative),0.85,50.0,53.5,HEALTHY,0,0.0
2026-03-31 19:00:00,esp32-field-01,MONSOON_HEAVY_RAIN,36.02,2216,35.78,64.22,HEALTHY,23.09,77.6,0.0,0.37,2.22,7.5,0,Tomato (Vegetative),0.85,50.0,53.5,HEALTHY,0,0.0
2026-03-31 20:00:00,esp32-field-01,MONSOON_HEAVY_RAIN,36.0,2246,35.09,64.91,HEALTHY,24.28,84.6,1.5,4.82,2.4,74.3,1,Tomato (Vegetative),0.85,50.0,56.4,HEALTHY,0,0.0
2026-03-31 21:00:00,esp32-field-01,MONSOON_HEAVY_RAIN,35.75,2231,36.2,63.8,HEALTHY,23.37,86.4,0.0,7.72,2.31,0.4,0,Tomato (Vegetative),0.85,50.0,53.4,HEALTHY,0,0.0
2026-03-31 22:00:00,esp32-field-01,MONSOON_HEAVY_RAIN,37.85,2229,37.2,62.8,HEALTHY,22.44,86.1,14.4,22.95,2.79,96.1,1,Tomato (Vegetative),0.85,50.0,82.2,HEALTHY,0,0.0
2026-03-31 23:00:00,esp32-field-01,MONSOON_HEAVY_RAIN,37.63,2209,37.34,62.66,HEALTHY,20.24,95.3,3.1,10.42,2.32,74.6,1,Tomato (Vegetative),0.85,50.0,59.6,HEALTHY,0,0.0
2026-04-01 00:00:00,esp32-field-01,MONSOON_HEAVY_RAIN,38.45,2209,36.43,63.57,HEALTHY,19.63,92.6,9.3,14.16,1.85,86.2,1,Tomato (Vegetative),0.85,50.0,72.0,HEALTHY,0,0.0
2026-04-01 01:00:00,esp32-field-01,MONSOON_HEAVY_RAIN,37.59,2195,38.78,61.22,HEALTHY,20.99,89.0,0.0,3.48,2.33,2.8,0,Tomato (Vegetative),0.85,50.0,53.4,HEALTHY,0,0.0
2026-04-01 02:00:00,esp32-field-01,MONSOON_HEAVY_RAIN,39.22,2211,38.81,61.19,HEALTHY,19.41,94.5,14.3,22.68,1.77,95.5,1,Tomato (Vegetative),0.85,50.0,82.0,HEALTHY,0,0.0
2026-04-01 03:00:00,esp32-field-01,MONSOON_HEAVY_RAIN,38.16,2215,38.38,61.62,HEALTHY,21.28,91.2,0.0,0.03,2.28,0.2,0,Tomato (Vegetative),0.85,50.0,53.4,HEALTHY,0,0.0
2026-04-01 04:00:00,esp32-field-01,MONSOON_HEAVY_RAIN,37.37,2213,36.52,63.48,HEALTHY,21.69,88.6,0.0,3.13,2.44,1.8,0,Tomato (Vegetative),0.85,50.0,53.4,HEALTHY,0,0.0
2026-04-01 05:00:00,esp32-field-01,MONSOON_HEAVY_RAIN,36.77,2235,36.19,63.81,HEALTHY,22.26,88.8,0.0,0.15,2.49,2.4,0,Tomato (Vegetative),0.85,50.0,53.3,HEALTHY,0,0.0
2026-04-01 06:00:00,esp32-field-01,MONSOON_HEAVY_RAIN,36.33,2231,36.6,63.4,HEALTHY,22.23,91.9,0.0,2.05,1.88,0.6,0,Tomato (Vegetative),0.85,50.0,53.3,HEALTHY,0,0.0
2026-04-01 07:00:00,esp32-field-01,MONSOON_HEAVY_RAIN,36.22,2227,36.66,63.34,HEALTHY,23.28,90.6,1.5,3.14,2.49,75.6,1,Tomato (Vegetative),0.85,50.0,56.3,HEALTHY,0,0.0
2026-04-01 08:00:00,esp32-field-01,MONSOON_HEAVY_RAIN,35.89,2261,34.99,65.01,HEALTHY,23.3,78.1,0.0,2.24,2.64,3.9,0,Tomato (Vegetative),0.85,50.0,53.3,HEALTHY,0,0.0
2026-04-01 09:00:00,esp32-field-01,MONSOON_HEAVY_RAIN,36.34,2216,36.29,63.71,HEALTHY,24.85,80.8,4.4,6.7,2.61,80.1,1,Tomato (Vegetative),0.85,50.0,62.1,HEALTHY,0,0.0
2026-04-01 10:00:00,esp32-field-01,MONSOON_HEAVY_RAIN,35.96,2192,37.53,62.47,HEALTHY,25.44,79.7,0.0,2.83,2.83,0.6,0,Tomato (Vegetative),0.85,50.0,53.3,HEALTHY,0,0.0
2026-04-01 11:00:00,esp32-field-01,MONSOON_HEAVY_RAIN,39.79,2200,38.95,61.05,HEALTHY,26.85,76.8,25.8,39.42,2.23,100.0,1,Tomato (Vegetative),0.85,50.0,100.0,HEALTHY,0,0.0
2026-04-01 12:00:00,esp32-field-01,MONSOON_HEAVY_RAIN,38.54,2185,39.02,60.98,HEALTHY,27.05,77.3,0.0,1.57,2.75,1.2,0,Tomato (Vegetative),0.85,50.0,53.3,HEALTHY,0,0.0
2026-04-01 13:00:00,esp32-field-01,MONSOON_HEAVY_RAIN,39.31,2167,39.27,60.73,HEALTHY,27.28,78.2,10.7,18.12,2.99,97.1,1,Tomato (Vegetative),0.85,50.0,74.7,HEALTHY,0,0.0
2026-04-01 14:00:00,esp32-field-01,MONSOON_HEAVY_RAIN,38.18,2183,38.83,61.17,HEALTHY,27.99,79.8,0.0,2.04,2.9,10.8,0,Tomato (Vegetative),0.85,50.0,53.3,HEALTHY,0,0.0
2026-04-01 15:00:00,esp32-field-01,MONSOON_HEAVY_RAIN,38.73,2187,38.43,61.57,HEALTHY,28.09,80.8,8.7,15.8,2.87,89.4,1,Tomato (Vegetative),0.85,50.0,70.7,HEALTHY,0,0.0
2026-04-01 16:00:00,esp32-field-01,MONSOON_HEAVY_RAIN,37.77,2174,38.52,61.48,HEALTHY,26.26,79.5,0.0,0.81,3.05,6.1,0,Tomato (Vegetative),0.85,50.0,53.2,HEALTHY,0,0.0
2026-04-01 17:00:00,esp32-field-01,MONSOON_HEAVY_RAIN,37.07,2208,38.16,61.84,HEALTHY,27.67,78.4,0.0,2.54,2.75,0.3,0,Tomato (Vegetative),0.85,50.0,53.2,HEALTHY,0,0.0
2026-04-01 18:00:00,esp32-field-01,MONSOON_HEAVY_RAIN,36.55,2195,37.6,62.4,HEALTHY,26.65,79.9,0.0,0.38,2.36,1.7,0,Tomato (Vegetative),0.85,50.0,53.2,HEALTHY,0,0.0
2026-04-01 19:00:00,esp32-field-01,MONSOON_HEAVY_RAIN,36.16,2251,35.28,64.72,HEALTHY,25.98,80.4,0.0,0.47,2.74,0.1,0,Tomato (Vegetative),0.85,50.0,53.2,HEALTHY,0,0.0
2026-04-01 20:00:00,esp32-field-01,MONSOON_HEAVY_RAIN,35.87,2219,35.94,64.06,HEALTHY,23.23,84.7,0.0,0.58,2.69,8.7,0,Tomato (Vegetative),0.85,50.0,53.2,HEALTHY,0,0.0
2026-04-01 21:00:00,esp32-field-01,MONSOON_HEAVY_RAIN,38.42,2206,37.78,62.22,HEALTHY,22.81,89.2,17.4,28.07,2.51,100.0,1,Tomato (Vegetative),0.85,50.0,88.0,HEALTHY,0,0.0
2026-04-01 22:00:00,esp32-field-01,MONSOON_HEAVY_RAIN,39.25,2172,40.18,59.82,HEALTHY,22.15,88.0,10.6,17.05,2.53,88.4,1,Tomato (Vegetative),0.85,50.0,74.4,HEALTHY,0,0.0
2026-04-01 23:00:00,esp32-field-01,MONSOON_HEAVY_RAIN,43.11,2105,43.59,56.41,HEALTHY,21.25,95.0,30.9,49.66,2.2,100.0,1,Tomato (Vegetative),0.85,50.0,100.0,HEALTHY,0,0.0
2026-04-02 00:00:00,esp32-field-01,MONSOON_HEAVY_RAIN,41.08,2194,40.05,59.95,HEALTHY,19.8,90.1,0.0,1.55,2.44,2.2,0,Tomato (Vegetative),0.85,50.0,53.2,HEALTHY,0,0.0
2026-04-02 01:00:00,esp32-field-01,MONSOON_HEAVY_RAIN,40.45,2125,42.21,57.79,HEALTHY,20.97,94.4,5.6,9.57,2.14,83.3,1,Tomato (Vegetative),0.85,50.0,64.3,HEALTHY,0,0.0
2026-04-02 02:00:00,esp32-field-01,MONSOON_HEAVY_RAIN,39.08,2205,38.29,61.71,HEALTHY,20.89,95.3,0.0,0.9,2.16,2.8,0,Tomato (Vegetative),0.85,50.0,53.1,HEALTHY,0,0.0
2026-04-02 03:00:00,esp32-field-01,MONSOON_HEAVY_RAIN,38.78,2195,38.27,61.73,HEALTHY,20.73,91.7,4.5,7.09,2.45,82.4,1,Tomato (Vegetative),0.85,50.0,62.1,HEALTHY,0,0.0
2026-04-02 04:00:00,esp32-field-01,MONSOON_HEAVY_RAIN,37.83,2208,38.3,61.7,HEALTHY,21.79,91.3,0.0,0.79,2.41,1.2,0,Tomato (Vegetative),0.85,50.0,53.1,HEALTHY,0,0.0
2026-04-02 05:00:00,esp32-field-01,MONSOON_HEAVY_RAIN,37.12,2206,37.6,62.4,HEALTHY,20.3,90.3,0.0,0.44,1.67,5.6,0,Tomato (Vegetative),0.85,50.0,53.1,HEALTHY,0,0.0
2026-04-02 06:00:00,esp32-field-01,MONSOON_HEAVY_RAIN,36.59,2272,36.0,64.0,HEALTHY,22.97,90.1,0.0,12.6,2.05,3.0,0,Tomato (Vegetative),0.85,50.0,53.1,HEALTHY,0,0.0
2026-04-02 07:00:00,esp32-field-01,MONSOON_HEAVY_RAIN,39.78,2160,40.11,59.89,HEALTHY,23.6,86.1,22.6,34.91,2.26,100.0,1,Tomato (Vegetative),0.85,50.0,98.3,HEALTHY,0,0.0
2026-04-02 08:00:00,esp32-field-01,MONSOON_HEAVY_RAIN,38.56,2174,38.33,61.67,HEALTHY,23.62,84.3,0.0,0.46,2.85,3.5,0,Tomato (Vegetative),0.85,50.0,53.1,HEALTHY,0,0.0
2026-04-02 09:00:00,esp32-field-01,MONSOON_HEAVY_RAIN,42.35,2140,42.24,57.76,HEALTHY,24.18,81.3,29.6,45.29,2.61,100.0,1,Tomato (Vegetative),0.85,50.0,100.0,HEALTHY,0,0.0
2026-04-02 10:00:00,esp32-field-01,MONSOON_HEAVY_RAIN,42.67,2129,42.76,57.24,HEALTHY,27.3,83.7,13.8,24.76,2.55,100.0,1,Tomato (Vegetative),0.85,50.0,80.7,HEALTHY,0,0.0
2026-04-02 11:00:00,esp32-field-01,MONSOON_HEAVY_RAIN,40.7,2131,41.67,58.33,HEALTHY,27.23,79.3,0.0,1.53,2.92,0.4,0,Tomato (Vegetative),0.85,50.0,53.0,HEALTHY,0,0.0
2026-04-02 12:00:00,esp32-field-01,MONSOON_HEAVY_RAIN,39.22,2204,38.89,61.11,HEALTHY,27.83,78.6,0.0,0.02,2.95,1.6,0,Tomato (Vegetative),0.85,50.0,53.0,HEALTHY,0,0.0
2026-04-02 13:00:00,esp32-field-01,MONSOON_HEAVY_RAIN,38.12,2203,38.41,61.59,HEALTHY,27.94,76.2,0.0,2.41,2.74,7.2,0,Tomato (Vegetative),0.85,50.0,53.0,HEALTHY,0,0.0
2026-04-02 14:00:00,esp32-field-01,MONSOON_HEAVY_RAIN,38.9,2183,39.96,60.04,HEALTHY,27.43,79.7,10.1,15.4,2.69,94.4,1,Tomato (Vegetative),0.85,50.0,73.2,HEALTHY,0,0.0
2026-04-02 15:00:00,esp32-field-01,MONSOON_HEAVY_RAIN,37.89,2241,35.89,64.11,HEALTHY,28.73,75.5,0.0,1.92,3.1,4.3,0,Tomato (Vegetative),0.85,50.0,53.0,HEALTHY,0,0.0
2026-04-02 16:00:00,esp32-field-01,MONSOON_HEAVY_RAIN,37.14,2239,35.94,64.06,HEALTHY,27.02,81.8,0.0,5.37,3.1,0.2,0,Tomato (Vegetative),0.85,50.0,53.0,HEALTHY,0,0.0
2026-04-02 17:00:00,esp32-field-01,MONSOON_HEAVY_RAIN,36.59,2245,35.26,64.74,HEALTHY,25.83,75.9,0.0,4.94,2.67,3.3,0,Tomato (Vegetative),0.85,50.0,53.0,HEALTHY,0,0.0
2026-04-02 18:00:00,esp32-field-01,MONSOON_HEAVY_RAIN,37.05,2216,36.76,63.24,HEALTHY,26.26,84.2,5.4,9.17,2.45,79.6,1,Tomato (Vegetative),0.85,50.0,63.8,HEALTHY,0,0.0
2026-04-02 19:00:00,esp32-field-01,MONSOON_HEAVY_RAIN,41.01,2100,42.77,57.23,HEALTHY,24.78,80.3,28.1,43.45,2.71,100.0,1,Tomato (Vegetative),0.85,50.0,100.0,HEALTHY,0,0.0
2026-04-02 20:00:00,esp32-field-01,MONSOON_HEAVY_RAIN,39.51,2163,40.89,59.11,HEALTHY,24.24,83.8,0.0,2.6,2.3,3.2,0,Tomato (Vegetative),0.85,50.0,53.0,HEALTHY,0,0.0
2026-04-02 21:00:00,esp32-field-01,MONSOON_HEAVY_RAIN,38.38,2219,38.4,61.6,HEALTHY,22.94,88.7,0.0,0.59,2.4,3.6,0,Tomato (Vegetative),0.85,50.0,53.0,HEALTHY,0,0.0
2026-04-02 22:00:00,esp32-field-01,MONSOON_HEAVY_RAIN,41.13,2155,40.68,59.32,HEALTHY,21.03,82.3,22.6,34.64,2.4,100.0,1,Tomato (Vegetative),0.85,50.0,98.1,HEALTHY,0,0.0
2026-04-02 23:00:00,esp32-field-01,MONSOON_HEAVY_RAIN,39.6,2153,41.06,58.94,HEALTHY,22.03,89.1,0.0,1.99,2.43,2.6,0,Tomato (Vegetative),0.85,50.0,52.9,HEALTHY,0,0.0
2026-04-03 00:00:00,esp32-field-01,MONSOON_HEAVY_RAIN,38.44,2192,39.17,60.83,HEALTHY,20.31,95.8,0.0,1.58,1.95,5.2,0,Tomato (Vegetative),0.85,50.0,52.9,HEALTHY,0,0.0
2026-04-03 01:00:00,esp32-field-01,MONSOON_HEAVY_RAIN,37.58,2233,37.06,62.94,HEALTHY,19.77,93.0,0.0,4.79,1.81,2.0,0,Tomato (Vegetative),0.85,50.0,52.9,HEALTHY,0,0.0
2026-04-03 02:00:00,esp32-field-01,MONSOON_HEAVY_RAIN,36.93,2209,38.15,61.85,HEALTHY,18.79,92.8,0.0,1.12,2.04,0.2,0,Tomato (Vegetative),0.85,50.0,52.9,HEALTHY,0,0.0
2026-04-03 03:00:00,esp32-field-01,MONSOON_HEAVY_RAIN,36.53,2238,35.74,64.26,HEALTHY,21.7,94.9,0.5,2.94,2.07,76.2,1,Tomato (Vegetative),0.85,50.0,53.9,HEALTHY,0,0.0
2026-04-03 04:00:00,esp32-field-01,MONSOON_HEAVY_RAIN,37.0,2205,37.64,62.36,HEALTHY,21.34,96.1,5.4,8.8,2.81,80.9,1,Tomato (Vegetative),0.85,50.0,63.7,HEALTHY,0,0.0
2026-04-03 05:00:00,esp32-field-01,MONSOON_HEAVY_RAIN,36.5,2247,35.91,64.09,HEALTHY,20.89,93.2,0.0,0.78,1.96,1.3,0,Tomato (Vegetative),0.85,50.0,52.9,HEALTHY,0,0.0
2026-04-03 06:00:00,esp32-field-01,MONSOON_HEAVY_RAIN,36.12,2236,35.73,64.27,HEALTHY,21.68,93.7,0.0,0.76,2.66,0.2,0,Tomato (Vegetative),0.85,50.0,52.9,HEALTHY,0,0.0
2026-04-03 07:00:00,esp32-field-01,MONSOON_HEAVY_RAIN,35.83,2246,36.21,63.79,HEALTHY,22.71,87.8,0.0,2.47,1.99,5.0,0,Tomato (Vegetative),0.85,50.0,52.8,HEALTHY,0,0.0
2026-04-03 08:00:00,esp32-field-01,MONSOON_HEAVY_RAIN,35.6,2252,35.28,64.72,HEALTHY,22.62,85.4,0.0,0.91,2.2,1.4,0,Tomato (Vegetative),0.85,50.0,52.8,HEALTHY,0,0.0
2026-04-03 09:00:00,esp32-field-01,MONSOON_HEAVY_RAIN,35.42,2275,34.4,65.6,HEALTHY,24.6,79.6,0.0,0.48,2.67,0.1,0,Tomato (Vegetative),0.85,50.0,52.8,HEALTHY,0,0.0
2026-04-03 10:00:00,esp32-field-01,MONSOON_HEAVY_RAIN,35.27,2260,35.04,64.96,HEALTHY,24.98,84.2,0.0,2.76,2.4,2.4,0,Tomato (Vegetative),0.85,50.0,52.8,HEALTHY,0,0.0
2026-04-03 11:00:00,esp32-field-01,MONSOON_HEAVY_RAIN,36.03,2229,36.22,63.78,HEALTHY,27.24,81.8,5.5,14.03,2.84,80.2,1,Tomato (Vegetative),0.85,50.0,63.8,HEALTHY,0,0.0
2026-04-03 12:00:00,esp32-field-01,MONSOON_HEAVY_RAIN,36.61,2161,39.93,60.07,HEALTHY,27.03,76.8,5.6,8.44,2.67,78.5,1,Tomato (Vegetative),0.85,50.0,64.0,HEALTHY,0,0.0
2026-04-03 13:00:00,esp32-field-01,MONSOON_HEAVY_RAIN,36.17,2247,35.08,64.92,HEALTHY,27.84,75.3,0.0,2.15,2.3,3.8,0,Tomato (Vegetative),0.85,50.0,52.8,HEALTHY,0,0.0
2026-04-03 14:00:00,esp32-field-01,MONSOON_HEAVY_RAIN,37.74,2176,39.26,60.74,HEALTHY,27.94,78.8,12.0,18.44,2.82,93.1,1,Tomato (Vegetative),0.85,50.0,76.8,HEALTHY,0,0.0
2026-04-03 15:00:00,esp32-field-01,MONSOON_HEAVY_RAIN,37.02,2235,35.46,64.54,HEALTHY,27.23,77.2,0.0,0.25,3.04,1.9,0,Tomato (Vegetative),0.85,50.0,52.8,HEALTHY,0,0.0
2026-04-03 16:00:00,esp32-field-01,MONSOON_HEAVY_RAIN,36.48,2213,37.04,62.96,HEALTHY,28.38,74.7,0.0,4.5,3.17,1.7,0,Tomato (Vegetative),0.85,50.0,52.8,HEALTHY,0,0.0
2026-04-03 17:00:00,esp32-field-01,MONSOON_HEAVY_RAIN,36.1,2213,38.27,61.73,HEALTHY,27.66,78.2,0.0,2.74,3.21,1.0,0,Tomato (Vegetative),0.85,50.0,52.8,HEALTHY,0,0.0
2026-04-03 18:00:00,esp32-field-01,MONSOON_HEAVY_RAIN,35.82,2243,35.32,64.68,HEALTHY,25.68,78.8,0.0,0.94,2.39,6.6,0,Tomato (Vegetative),0.85,50.0,52.7,HEALTHY,0,0.0
2026-04-03 19:00:00,esp32-field-01,MONSOON_HEAVY_RAIN,36.65,2211,37.56,62.44,HEALTHY,24.86,84.8,6.5,9.84,2.65,82.6,1,Tomato (Vegetative),0.85,50.0,65.7,HEALTHY,0,0.0
2026-04-03 20:00:00,esp32-field-01,MONSOON_HEAVY_RAIN,41.81,2142,41.93,58.07,HEALTHY,23.98,86.8,35.0,55.44,2.8,100.0,1,Tomato (Vegetative),0.85,50.0,100.0,HEALTHY,0,0.0
2026-04-03 21:00:00,esp32-field-01,MONSOON_HEAVY_RAIN,40.11,2174,39.24,60.76,HEALTHY,21.68,89.0,0.0,1.75,2.67,0.0,0,Tomato (Vegetative),0.85,50.0,52.7,HEALTHY,0,0.0
2026-04-03 22:00:00,esp32-field-01,MONSOON_HEAVY_RAIN,38.83,2200,37.75,62.25,HEALTHY,22.15,88.9,0.0,1.8,2.22,3.8,0,Tomato (Vegetative),0.85,50.0,52.7,HEALTHY,0,0.0
2026-04-03 23:00:00,esp32-field-01,MONSOON_HEAVY_RAIN,38.17,2203,37.51,62.49,HEALTHY,20.21,88.7,1.9,2.89,2.51,79.5,1,Tomato (Vegetative),0.85,50.0,56.5,HEALTHY,0,0.0
2026-04-04 00:00:00,esp32-field-01,MONSOON_HEAVY_RAIN,41.72,2140,41.54,58.46,HEALTHY,20.62,90.1,27.3,42.71,2.34,100.0,1,Tomato (Vegetative),0.85,50.0,100.0,HEALTHY,0,0.0
2026-04-04 01:00:00,esp32-field-01,MONSOON_HEAVY_RAIN,40.04,2186,39.75,60.25,HEALTHY,21.56,93.6,0.0,0.52,2.58,0.7,0,Tomato (Vegetative),0.85,50.0,52.7,HEALTHY,0,0.0
2026-04-04 02:00:00,esp32-field-01,MONSOON_HEAVY_RAIN,38.78,2190,38.29,61.71,HEALTHY,21.19,94.4,0.0,1.09,1.82,3.8,0,Tomato (Vegetative),0.85,50.0,52.7,HEALTHY,0,0.0
2026-04-04 03:00:00,esp32-field-01,MONSOON_HEAVY_RAIN,37.83,2217,37.34,62.66,HEALTHY,21.7,95.9,0.0,0.25,2.72,0.1,0,Tomato (Vegetative),0.85,50.0,52.6,HEALTHY,0,0.0
2026-04-04 04:00:00,esp32-field-01,MONSOON_HEAVY_RAIN,37.12,2235,36.31,63.69,HEALTHY,21.6,93.1,0.0,0.0,2.22,1.2,0,Tomato (Vegetative),0.85,50.0,52.6,HEALTHY,0,0.0
2026-04-04 05:00:00,esp32-field-01,MONSOON_HEAVY_RAIN,36.59,2236,36.68,63.32,HEALTHY,21.76,90.4,0.0,1.39,2.03,2.9,0,Tomato (Vegetative),0.85,50.0,52.6,HEALTHY,0,0.0
2026-04-04 06:00:00,esp32-field-01,MONSOON_HEAVY_RAIN,36.19,2201,37.12,62.88,HEALTHY,21.39,85.7,0.0,0.27,1.95,1.0,0,Tomato (Vegetative),0.85,50.0,52.6,HEALTHY,0,0.0
2026-04-04 07:00:00,esp32-field-01,MONSOON_HEAVY_RAIN,35.88,2251,35.72,64.28,HEALTHY,22.93,89.3,0.0,0.65,1.98,0.9,0,Tomato (Vegetative),0.85,50.0,52.6,HEALTHY,0,0.0
2026-04-04 08:00:00,esp32-field-01,MONSOON_HEAVY_RAIN,37.11,2194,37.31,62.69,HEALTHY,24.15,88.7,9.2,16.83,2.07,88.5,1,Tomato (Vegetative),0.85,50.0,71.0,HEALTHY,0,0.0
2026-04-04 09:00:00,esp32-field-01,MONSOON_HEAVY_RAIN,42.12,2118,42.89,57.11,HEALTHY,24.19,82.2,35.0,53.45,2.75,100.0,1,Tomato (Vegetative),0.85,50.0,100.0,HEALTHY,0,0.0
2026-04-04 10:00:00,esp32-field-01,MONSOON_HEAVY_RAIN,40.67,2138,41.81,58.19,HEALTHY,26.57,80.8,2.4,3.99,3.15,78.4,1,Tomato (Vegetative),0.85,50.0,57.4,HEALTHY,0,0.0
2026-04-04 11:00:00,esp32-field-01,MONSOON_HEAVY_RAIN,39.2,2189,38.95,61.05,HEALTHY,27.42,79.5,0.0,0.09,2.97,0.1,0,Tomato (Vegetative),0.85,50.0,52.6,HEALTHY,0,0.0
2026-04-04 12:00:00,esp32-field-01,MONSOON_HEAVY_RAIN,38.09,2204,37.44,62.56,HEALTHY,26.9,76.3,0.0,4.82,3.22,5.0,0,Tomato (Vegetative),0.85,50.0,52.6,HEALTHY,0,0.0
2026-04-04 13:00:00,esp32-field-01,MONSOON_HEAVY_RAIN,37.44,2212,37.7,62.3,HEALTHY,26.64,70.8,1.1,4.37,2.89,69.7,1,Tomato (Vegetative),0.85,50.0,54.8,HEALTHY,0,0.0
2026-04-04 14:00:00,esp32-field-01,MONSOON_HEAVY_RAIN,39.11,2201,38.18,61.82,HEALTHY,28.19,74.0,14.6,23.72,2.8,100.0,1,Tomato (Vegetative),0.85,50.0,81.7,HEALTHY,0,0.0
2026-04-04 15:00:00,esp32-field-01,MONSOON_HEAVY_RAIN,38.04,2183,38.64,61.36,HEALTHY,28.01,77.4,0.0,0.03,3.28,2.9,0,Tomato (Vegetative),0.85,50.0,52.5,HEALTHY,0,0.0
2026-04-04 16:00:00,esp32-field-01,MONSOON_HEAVY_RAIN,37.25,2217,36.38,63.62,HEALTHY,26.84,74.1,0.0,2.45,2.74,0.7,0,Tomato (Vegetative),0.85,50.0,52.5,HEALTHY,0,0.0
2026-04-04 17:00:00,esp32-field-01,MONSOON_HEAVY_RAIN,36.68,2247,35.89,64.11,HEALTHY,27.16,79.2,0.0,0.25,2.39,0.2,0,Tomato (Vegetative),0.85,50.0,52.5,HEALTHY,0,0.0
2026-04-04 18:00:00,esp32-field-01,MONSOON_HEAVY_RAIN,36.26,2211,37.68,62.32,HEALTHY,25.37,79.1,0.0,1.19,2.43,0.3,0,Tomato (Vegetative),0.85,50.0,52.5,HEALTHY,0,0.0
2026-04-04 19:00:00,esp32-field-01,MONSOON_HEAVY_RAIN,35.94,2237,34.94,65.06,HEALTHY,24.81,84.4,0.0,3.95,2.35,0.7,0,Tomato (Vegetative),0.85,50.0,52.5,HEALTHY,0,0.0
2026-04-04 20:00:00,esp32-field-01,MONSOON_HEAVY_RAIN,35.7,2255,35.51,64.49,HEALTHY,23.56,90.2,0.0,0.99,2.47,3.2,0,Tomato (Vegetative),0.85,50.0,52.5,HEALTHY,0,0.0
2026-04-04 21:00:00,esp32-field-01,MONSOON_HEAVY_RAIN,35.52,2233,36.32,63.68,HEALTHY,23.68,89.0,0.0,0.87,1.9,0.6,0,Tomato (Vegetative),0.85,50.0,52.5,HEALTHY,0,0.0
2026-04-04 22:00:00,esp32-field-01,MONSOON_HEAVY_RAIN,35.39,2236,35.26,64.74,HEALTHY,22.71,92.5,0.0,3.45,2.35,0.0,0,Tomato (Vegetative),0.85,50.0,52.5,HEALTHY,0,0.0
2026-04-04 23:00:00,esp32-field-01,MONSOON_HEAVY_RAIN,35.29,2279,33.69,66.31,HEALTHY,20.98,93.8,0.0,3.24,2.54,4.5,0,Tomato (Vegetative),0.85,50.0,52.5,HEALTHY,0,0.0
2026-04-05 00:00:00,esp32-field-01,MONSOON_HEAVY_RAIN,35.21,2280,33.94,66.06,HEALTHY,20.59,91.3,0.0,1.23,2.8,0.3,0,Tomato (Vegetative),0.85,50.0,52.4,HEALTHY,0,0.0
2026-04-05 01:00:00,esp32-field-01,MONSOON_HEAVY_RAIN,35.16,2249,35.39,64.61,HEALTHY,20.02,89.9,0.0,2.65,2.33,0.9,0,Tomato (Vegetative),0.85,50.0,52.4,HEALTHY,0,0.0
2026-04-05 02:00:00,esp32-field-01,MONSOON_HEAVY_RAIN,35.11,2263,33.76,66.24,HEALTHY,21.01,98.0,0.0,4.45,2.55,73.9,1,Tomato (Vegetative),0.85,50.0,52.4,HEALTHY,0,0.0
2026-04-05 03:00:00,esp32-field-01,MONSOON_HEAVY_RAIN,35.08,2268,34.92,65.08,HEALTHY,21.29,95.1,0.0,3.71,2.41,1.4,0,Tomato (Vegetative),0.85,50.0,52.4,HEALTHY,0,0.0
2026-04-05 04:00:00,esp32-field-01,MONSOON_HEAVY_RAIN,35.06,2265,35.16,64.84,HEALTHY,20.35,90.8,0.0,0.89,2.39,4.8,0,Tomato (Vegetative),0.85,50.0,52.4,HEALTHY,0,0.0
2026-04-05 05:00:00,esp32-field-01,MONSOON_HEAVY_RAIN,37.69,2227,37.5,62.5,HEALTHY,20.98,86.8,16.6,25.43,2.44,100.0,1,Tomato (Vegetative),0.85,50.0,85.6,HEALTHY,0,0.0
2026-04-05 06:00:00,esp32-field-01,MONSOON_HEAVY_RAIN,37.01,2197,38.14,61.86,HEALTHY,22.4,90.7,0.0,0.17,2.53,1.2,0,Tomato (Vegetative),0.85,50.0,52.4,HEALTHY,0,0.0
2026-04-05 07:00:00,esp32-field-01,MONSOON_HEAVY_RAIN,39.35,2187,39.02,60.98,HEALTHY,23.89,84.8,17.9,30.04,2.38,100.0,1,Tomato (Vegetative),0.85,50.0,88.2,HEALTHY,0,0.0
2026-04-05 08:00:00,esp32-field-01,MONSOON_HEAVY_RAIN,38.24,2187,38.23,61.77,HEALTHY,25.42,81.4,0.0,0.22,2.86,0.3,0,Tomato (Vegetative),0.85,50.0,52.4,HEALTHY,0,0.0
2026-04-05 09:00:00,esp32-field-01,MONSOON_HEAVY_RAIN,37.39,2207,38.44,61.56,HEALTHY,23.61,81.5,0.0,5.94,2.55,2.8,0,Tomato (Vegetative),0.85,50.0,52.3,HEALTHY,0,0.0
2026-04-05 10:00:00,esp32-field-01,MONSOON_HEAVY_RAIN,37.01,2195,37.99,62.01,HEALTHY,25.71,80.7,1.6,2.48,2.56,74.0,1,Tomato (Vegetative),0.85,50.0,55.5,HEALTHY,0,0.0
2026-04-05 11:00:00,esp32-field-01,MONSOON_HEAVY_RAIN,36.46,2225,36.36,63.64,HEALTHY,25.54,78.3,0.0,2.74,2.47,1.8,0,Tomato (Vegetative),0.85,50.0,52.3,HEALTHY,0,0.0
2026-04-05 12:00:00,esp32-field-01,MONSOON_HEAVY_RAIN,36.04,2239,36.57,63.43,HEALTHY,27.57,79.3,0.0,0.68,2.94,0.3,0,Tomato (Vegetative),0.85,50.0,52.3,HEALTHY,0,0.0
2026-04-05 13:00:00,esp32-field-01,MONSOON_HEAVY_RAIN,35.73,2200,36.97,63.03,HEALTHY,28.26,76.1,0.0,3.66,2.8,2.4,0,Tomato (Vegetative),0.85,50.0,52.3,HEALTHY,0,0.0
2026-04-05 14:00:00,esp32-field-01,MONSOON_HEAVY_RAIN,35.5,2267,34.72,65.28,HEALTHY,28.57,77.1,0.0,2.49,3.01,3.6,0,Tomato (Vegetative),0.85,50.0,52.3,HEALTHY,0,0.0
2026-04-05 15:00:00,esp32-field-01,MONSOON_HEAVY_RAIN,35.34,2255,36.47,63.53,HEALTHY,26.22,81.7,0.0,0.06,2.55,1.7,0,Tomato (Vegetative),0.85,50.0,52.3,HEALTHY,0,0.0
2026-04-05 16:00:00,esp32-field-01,MONSOON_HEAVY_RAIN,35.23,2257,35.29,64.71,HEALTHY,28.44,78.2,0.0,2.77,3.13,2.6,0,Tomato (Vegetative),0.85,50.0,52.3,HEALTHY,0,0.0
2026-04-05 17:00:00,esp32-field-01,MONSOON_HEAVY_RAIN,35.15,2230,35.56,64.44,HEALTHY,26.03,79.3,0.0,1.77,3.0,0.2,0,Tomato (Vegetative),0.85,50.0,52.3,HEALTHY,0,0.0
2026-04-05 18:00:00,esp32-field-01,MONSOON_HEAVY_RAIN,38.86,2189,38.94,61.06,HEALTHY,25.21,86.9,23.5,41.08,2.57,100.0,1,Tomato (Vegetative),0.85,50.0,99.3,HEALTHY,0,0.0
2026-04-05 19:00:00,esp32-field-01,MONSOON_HEAVY_RAIN,37.89,2227,37.31,62.69,HEALTHY,25.19,80.7,0.0,1.49,2.85,0.1,0,Tomato (Vegetative),0.85,50.0,52.2,HEALTHY,0,0.0
2026-04-05 20:00:00,esp32-field-01,MONSOON_HEAVY_RAIN,37.17,2218,37.39,62.61,HEALTHY,23.36,86.4,0.0,1.68,2.7,3.7,0,Tomato (Vegetative),0.85,50.0,52.2,HEALTHY,0,0.0
2026-04-05 21:00:00,esp32-field-01,MONSOON_HEAVY_RAIN,36.62,2223,37.31,62.69,HEALTHY,22.97,84.7,0.0,1.47,2.28,3.9,0,Tomato (Vegetative),0.85,50.0,52.2,HEALTHY,0,0.0
2026-04-05 22:00:00,esp32-field-01,MONSOON_HEAVY_RAIN,36.21,2224,36.56,63.44,HEALTHY,22.48,89.4,0.0,0.25,2.32,0.9,0,Tomato (Vegetative),0.85,50.0,52.2,HEALTHY,0,0.0
2026-04-05 23:00:00,esp32-field-01,MONSOON_HEAVY_RAIN,35.91,2229,36.19,63.81,HEALTHY,22.58,91.8,0.0,0.98,2.39,2.7,0,Tomato (Vegetative),0.85,50.0,52.2,HEALTHY,0,0.0
2026-04-06 00:00:00,esp32-field-01,MONSOON_HEAVY_RAIN,37.37,2207,38.25,61.75,HEALTHY,21.18,93.7,10.6,16.12,2.43,90.2,1,Tomato (Vegetative),0.85,50.0,73.4,HEALTHY,0,0.0
2026-04-06 01:00:00,esp32-field-01,MONSOON_HEAVY_RAIN,36.77,2222,35.81,64.19,HEALTHY,20.95,96.7,0.0,0.1,2.07,1.0,0,Tomato (Vegetative),0.85,50.0,52.2,HEALTHY,0,0.0
2026-04-06 02:00:00,esp32-field-01,MONSOON_HEAVY_RAIN,36.33,2247,34.91,65.09,HEALTHY,19.57,94.2,0.0,1.87,2.04,0.1,0,Tomato (Vegetative),0.85,50.0,52.2,HEALTHY,0,0.0
2026-04-06 03:00:00,esp32-field-01,MONSOON_HEAVY_RAIN,36.23,2216,35.71,64.29,HEALTHY,20.76,97.2,1.5,2.85,2.24,68.9,1,Tomato (Vegetative),0.85,50.0,55.2,HEALTHY,0,0.0
2026-04-06 04:00:00,esp32-field-01,MONSOON_HEAVY_RAIN,35.92,2254,35.16,64.84,HEALTHY,20.85,90.1,0.0,0.42,2.0,0.8,0,Tomato (Vegetative),0.85,50.0,52.2,HEALTHY,0,0.0
2026-04-06 05:00:00,esp32-field-01,MONSOON_HEAVY_RAIN,35.69,2254,35.57,64.43,HEALTHY,22.4,93.4,0.0,1.05,2.34,2.9,0,Tomato (Vegetative),0.85,50.0,52.1,HEALTHY,0,0.0
2026-04-06 06:00:00,esp32-field-01,MONSOON_HEAVY_RAIN,35.51,2232,36.41,63.59,HEALTHY,23.47,90.7,0.0,0.15,2.22,1.1,0,Tomato (Vegetative),0.85,50.0,52.1,HEALTHY,0,0.0
2026-04-06 07:00:00,esp32-field-01,MONSOON_HEAVY_RAIN,35.37,2243,35.73,64.27,HEALTHY,22.66,87.4,0.0,0.24,2.23,6.7,0,Tomato (Vegetative),0.85,50.0,52.1,HEALTHY,0,0.0
2026-04-06 08:00:00,esp32-field-01,MONSOON_HEAVY_RAIN,35.26,2254,35.48,64.52,HEALTHY,24.37,85.8,0.0,3.24,2.46,2.9,0,Tomato (Vegetative),0.85,50.0,52.1,HEALTHY,0,0.0
2026-04-06 09:00:00,esp32-field-01,MONSOON_HEAVY_RAIN,35.16,2227,36.24,63.76,HEALTHY,24.33,84.2,0.0,3.14,2.78,3.1,0,Tomato (Vegetative),0.85,50.0,52.1,HEALTHY,0,0.0
2026-04-06 10:00:00,esp32-field-01,MONSOON_HEAVY_RAIN,35.07,2256,34.85,65.15,HEALTHY,26.48,82.7,0.0,0.18,3.11,8.3,0,Tomato (Vegetative),0.85,50.0,52.1,HEALTHY,0,0.0
2026-04-06 11:00:00,esp32-field-01,MONSOON_HEAVY_RAIN,35.0,2205,36.3,63.7,HEALTHY,27.33,75.3,0.0,0.69,2.89,11.8,0,Tomato (Vegetative),0.85,50.0,52.1,HEALTHY,0,0.0
2026-04-06 12:00:00,esp32-field-01,MONSOON_HEAVY_RAIN,34.93,2261,35.46,64.54,HEALTHY,26.63,78.0,0.0,0.85,2.81,3.0,0,Tomato (Vegetative),0.85,50.0,52.1,HEALTHY,0,0.0
2026-04-06 13:00:00,esp32-field-01,MONSOON_HEAVY_RAIN,34.85,2213,36.8,63.2,HEALTHY,27.56,76.4,0.0,2.19,3.02,6.4,0,Tomato (Vegetative),0.85,50.0,52.1,HEALTHY,0,0.0
2026-04-06 14:00:00,esp32-field-01,MONSOON_HEAVY_RAIN,34.79,2238,35.96,64.04,HEALTHY,28.67,77.0,0.0,0.42,3.0,0.7,0,Tomato (Vegetative),0.85,50.0,52.1,HEALTHY,0,0.0
2026-04-06 15:00:00,esp32-field-01,MONSOON_HEAVY_RAIN,34.73,2232,36.05,63.95,HEALTHY,27.08,72.8,0.0,0.38,3.21,4.3,0,Tomato (Vegetative),0.85,50.0,52.0,HEALTHY,0,0.0
2026-04-06 16:00:00,esp32-field-01,MONSOON_HEAVY_RAIN,34.7,2261,34.26,65.74,HEALTHY,27.04,76.1,0.0,1.52,2.83,0.8,0,Tomato (Vegetative),0.85,50.0,52.0,HEALTHY,0,0.0
2026-04-06 17:00:00,esp32-field-01,MONSOON_HEAVY_RAIN,34.68,2258,34.77,65.23,HEALTHY,25.92,79.3,0.0,0.54,2.7,1.9,0,Tomato (Vegetative),0.85,50.0,52.0,HEALTHY,0,0.0
2026-04-06 18:00:00,esp32-field-01,MONSOON_HEAVY_RAIN,34.68,2295,34.16,65.84,HEALTHY,26.62,78.0,0.0,0.55,2.57,0.6,0,Tomato (Vegetative),0.85,50.0,52.0,HEALTHY,0,0.0
2026-04-06 19:00:00,esp32-field-01,MONSOON_HEAVY_RAIN,34.67,2256,35.45,64.55,HEALTHY,25.46,84.9,0.0,0.43,2.05,1.1,0,Tomato (Vegetative),0.85,50.0,52.0,HEALTHY,0,0.0
2026-04-06 20:00:00,esp32-field-01,MONSOON_HEAVY_RAIN,34.67,2258,34.96,65.04,HEALTHY,24.46,83.3,0.0,2.68,2.75,0.7,0,Tomato (Vegetative),0.85,50.0,52.0,HEALTHY,0,0.0
2026-04-06 21:00:00,esp32-field-01,MONSOON_HEAVY_RAIN,34.79,2272,34.37,65.63,HEALTHY,22.95,92.1,0.6,1.84,2.63,76.2,1,Tomato (Vegetative),0.85,50.0,53.2,HEALTHY,0,0.0
2026-04-06 22:00:00,esp32-field-01,MONSOON_HEAVY_RAIN,34.79,2249,35.59,64.41,HEALTHY,21.91,88.9,0.0,3.46,2.61,1.0,0,Tomato (Vegetative),0.85,50.0,52.0,HEALTHY,0,0.0
2026-04-06 23:00:00,esp32-field-01,MONSOON_HEAVY_RAIN,34.78,2224,36.9,63.1,HEALTHY,22.16,93.4,0.0,1.68,2.2,1.3,0,Tomato (Vegetative),0.85,50.0,52.0,HEALTHY,0,0.0
2026-04-07 00:00:00,esp32-field-01,MONSOON_HEAVY_RAIN,34.78,2247,34.95,65.05,HEALTHY,20.49,98.0,0.0,0.39,1.79,2.6,0,Tomato (Vegetative),0.85,50.0,52.0,HEALTHY,0,0.0
2026-04-07 01:00:00,esp32-field-01,MONSOON_HEAVY_RAIN,34.78,2259,34.37,65.63,HEALTHY,20.29,98.0,0.0,0.65,2.1,3.6,0,Tomato (Vegetative),0.85,50.0,52.0,HEALTHY,0,0.0
2026-04-07 02:00:00,esp32-field-01,MONSOON_HEAVY_RAIN,35.83,2248,35.23,64.77,HEALTHY,21.23,95.5,6.3,9.54,1.95,78.2,1,Tomato (Vegetative),0.85,50.0,64.5,HEALTHY,0,0.0
2026-04-07 03:00:00,esp32-field-01,MONSOON_HEAVY_RAIN,35.62,2237,36.11,63.89,HEALTHY,19.68,95.6,0.0,2.29,1.73,1.4,0,Tomato (Vegetative),0.85,50.0,51.9,HEALTHY,0,0.0
2026-04-07 04:00:00,esp32-field-01,MONSOON_HEAVY_RAIN,35.47,2220,36.74,63.26,HEALTHY,21.35,94.4,0.0,2.47,1.97,0.0,0,Tomato (Vegetative),0.85,50.0,51.9,HEALTHY,0,0.0
2026-04-07 05:00:00,esp32-field-01,MONSOON_HEAVY_RAIN,39.63,2169,40.14,59.86,HEALTHY,21.02,90.8,26.9,41.47,2.08,100.0,1,Tomato (Vegetative),0.85,50.0,100.0,HEALTHY,0,0.0
2026-04-07 06:00:00,esp32-field-01,MONSOON_HEAVY_RAIN,39.44,2177,39.29,60.71,HEALTHY,20.99,88.1,6.1,9.22,2.09,81.3,1,Tomato (Vegetative),0.85,50.0,64.1,HEALTHY,0,0.0
2026-04-07 07:00:00,esp32-field-01,MONSOON_HEAVY_RAIN,40.28,2151,40.06,59.94,HEALTHY,23.44,92.3,12.3,22.03,2.21,91.9,1,Tomato (Vegetative),0.85,50.0,76.5,HEALTHY,0,0.0
2026-04-07 08:00:00,esp32-field-01,MONSOON_HEAVY_RAIN,38.94,2211,36.77,63.23,HEALTHY,24.4,88.4,0.0,0.33,2.3,0.1,0,Tomato (Vegetative),0.85,50.0,51.9,HEALTHY,0,0.0
2026-04-07 09:00:00,esp32-field-01,MONSOON_HEAVY_RAIN,39.88,2223,38.34,61.66,HEALTHY,25.59,85.6,12.3,22.93,2.89,93.1,1,Tomato (Vegetative),0.85,50.0,76.5,HEALTHY,0,0.0
2026-04-07 10:00:00,esp32-field-01,MONSOON_HEAVY_RAIN,39.43,2185,39.13,60.87,HEALTHY,25.42,83.6,5.1,8.15,2.41,83.3,1,Tomato (Vegetative),0.85,50.0,62.1,HEALTHY,0,0.0
2026-04-07 11:00:00,esp32-field-01,MONSOON_HEAVY_RAIN,38.27,2185,38.64,61.36,HEALTHY,25.93,79.5,0.0,2.28,2.92,5.3,0,Tomato (Vegetative),0.85,50.0,51.8,HEALTHY,0,0.0
2026-04-07 12:00:00,esp32-field-01,MONSOON_HEAVY_RAIN,37.39,2203,36.62,63.38,HEALTHY,28.38,78.4,0.0,0.28,3.19,2.4,0,Tomato (Vegetative),0.85,50.0,51.8,HEALTHY,0,0.0
2026-04-07 13:00:00,esp32-field-01,MONSOON_HEAVY_RAIN,36.74,2218,37.26,62.74,HEALTHY,26.79,80.8,0.0,2.75,2.98,4.1,0,Tomato (Vegetative),0.85,50.0,51.8,HEALTHY,0,0.0
2026-04-07 14:00:00,esp32-field-01,MONSOON_HEAVY_RAIN,36.56,2201,37.45,62.55,HEALTHY,28.01,74.8,1.9,3.57,2.92,74.7,1,Tomato (Vegetative),0.85,50.0,55.6,HEALTHY,0,0.0
2026-04-07 15:00:00,esp32-field-01,MONSOON_HEAVY_RAIN,36.14,2218,35.98,64.02,HEALTHY,25.72,78.3,0.0,0.98,2.56,2.5,0,Tomato (Vegetative),0.85,50.0,51.8,HEALTHY,0,0.0
2026-04-07 16:00:00,esp32-field-01,MONSOON_HEAVY_RAIN,35.83,2214,36.69,63.31,HEALTHY,26.46,78.7,0.0,1.0,2.62,2.8,0,Tomato (Vegetative),0.85,50.0,51.8,HEALTHY,0,0.0
2026-04-07 17:00:00,esp32-field-01,MONSOON_HEAVY_RAIN,37.66,2217,37.27,62.73,HEALTHY,26.6,77.7,12.9,20.56,2.71,93.2,1,Tomato (Vegetative),0.85,50.0,77.6,HEALTHY,0,0.0
2026-04-07 18:00:00,esp32-field-01,MONSOON_HEAVY_RAIN,37.0,2226,35.96,64.04,HEALTHY,25.84,76.3,0.0,0.12,3.09,0.9,0,Tomato (Vegetative),0.85,50.0,51.8,HEALTHY,0,0.0
2026-04-07 19:00:00,esp32-field-01,MONSOON_HEAVY_RAIN,36.49,2211,37.15,62.85,HEALTHY,24.13,83.1,0.0,0.15,2.56,8.3,0,Tomato (Vegetative),0.85,50.0,51.8,HEALTHY,0,0.0
2026-04-07 20:00:00,esp32-field-01,MONSOON_HEAVY_RAIN,36.18,2257,35.65,64.35,HEALTHY,24.85,85.1,0.4,1.11,2.78,76.3,1,Tomato (Vegetative),0.85,50.0,52.6,HEALTHY,0,0.0
2026-04-07 21:00:00,esp32-field-01,MONSOON_HEAVY_RAIN,36.15,2250,36.64,63.36,HEALTHY,22.64,86.1,1.7,2.99,2.53,73.1,1,Tomato (Vegetative),0.85,50.0,55.1,HEALTHY,0,0.0
2026-04-07 22:00:00,esp32-field-01,MONSOON_HEAVY_RAIN,37.65,2217,37.26,62.74,HEALTHY,22.41,87.0,11.2,16.89,2.55,96.1,1,Tomato (Vegetative),0.85,50.0,74.1,HEALTHY,0,0.0
2026-04-07 23:00:00,esp32-field-01,MONSOON_HEAVY_RAIN,39.83,2167,40.03,59.97,HEALTHY,22.56,93.1,17.9,27.67,2.23,100.0,1,Tomato (Vegetative),0.85,50.0,87.5,HEALTHY,0,0.0
2026-04-08 00:00:00,esp32-field-01,MONSOON_HEAVY_RAIN,40.31,2171,39.45,60.55,HEALTHY,20.74,93.1,10.6,15.93,2.21,87.7,1,Tomato (Vegetative),0.85,50.0,72.9,HEALTHY,0,0.0
2026-04-08 01:00:00,esp32-field-01,MONSOON_HEAVY_RAIN,40.97,2142,41.24,58.76,HEALTHY,19.81,96.0,12.5,19.78,2.12,95.9,1,Tomato (Vegetative),0.85,50.0,76.7,HEALTHY,0,0.0
2026-04-08 02:00:00,esp32-field-01,MONSOON_HEAVY_RAIN,39.48,2175,39.88,60.12,HEALTHY,20.75,93.9,0.0,1.74,2.11,8.8,0,Tomato (Vegetative),0.85,50.0,51.7,HEALTHY,0,0.0
2026-04-08 03:00:00,esp32-field-01,MONSOON_HEAVY_RAIN,38.35,2206,37.18,62.82,HEALTHY,19.92,93.4,0.0,3.74,2.69,13.6,0,Tomato (Vegetative),0.85,50.0,51.7,HEALTHY,0,0.0
2026-04-08 04:00:00,esp32-field-01,MONSOON_HEAVY_RAIN,37.51,2196,37.49,62.51,HEALTHY,20.8,91.4,0.0,1.26,1.9,1.7,0,Tomato (Vegetative),0.85,50.0,51.7,HEALTHY,0,0.0
2026-04-08 05:00:00,esp32-field-01,MONSOON_HEAVY_RAIN,36.88,2202,37.22,62.78,HEALTHY,21.23,92.9,0.0,1.38,1.99,0.1,0,Tomato (Vegetative),0.85,50.0,51.7,HEALTHY,0,0.0
2026-04-08 06:00:00,esp32-field-01,MONSOON_HEAVY_RAIN,36.41,2215,37.37,62.63,HEALTHY,22.76,93.1,0.0,0.58,2.17,0.6,0,Tomato (Vegetative),0.85,50.0,51.7,HEALTHY,0,0.0
2026-04-08 07:00:00,esp32-field-01,MONSOON_HEAVY_RAIN,38.93,2155,40.47,59.53,HEALTHY,23.33,92.4,18.1,27.28,2.9,100.0,1,Tomato (Vegetative),0.85,50.0,87.8,HEALTHY,0,0.0
2026-04-08 08:00:00,esp32-field-01,MONSOON_HEAVY_RAIN,37.92,2197,38.08,61.92,HEALTHY,24.2,86.1,0.0,0.29,2.68,0.4,0,Tomato (Vegetative),0.85,50.0,51.6,HEALTHY,0,0.0
2026-04-08 09:00:00,esp32-field-01,MONSOON_HEAVY_RAIN,37.15,2225,36.49,63.51,HEALTHY,24.37,81.3,0.0,11.98,2.67,2.0,0,Tomato (Vegetative),0.85,50.0,51.6,HEALTHY,0,0.0
2026-04-08 10:00:00,esp32-field-01,MONSOON_HEAVY_RAIN,36.57,2243,35.16,64.84,HEALTHY,25.73,78.0,0.0,7.54,2.66,1.0,0,Tomato (Vegetative),0.85,50.0,51.6,HEALTHY,0,0.0
2026-04-08 11:00:00,esp32-field-01,MONSOON_HEAVY_RAIN,36.13,2229,35.77,64.23,HEALTHY,26.02,80.0,0.0,0.03,2.88,1.0,0,Tomato (Vegetative),0.85,50.0,51.6,HEALTHY,0,0.0
2026-04-08 12:00:00,esp32-field-01,MONSOON_HEAVY_RAIN,35.79,2247,35.4,64.6,HEALTHY,27.43,81.5,0.0,0.52,2.82,3.3,0,Tomato (Vegetative),0.85,50.0,51.6,HEALTHY,0,0.0
2026-04-08 13:00:00,esp32-field-01,MONSOON_HEAVY_RAIN,35.55,2239,34.76,65.24,HEALTHY,27.89,79.3,0.0,0.52,2.7,4.1,0,Tomato (Vegetative),0.85,50.0,51.6,HEALTHY,0,0.0
2026-04-08 14:00:00,esp32-field-01,MONSOON_HEAVY_RAIN,35.37,2266,34.66,65.34,HEALTHY,26.74,79.3,0.0,2.71,2.49,4.4,0,Tomato (Vegetative),0.85,50.0,51.6,HEALTHY,0,0.0
2026-04-08 15:00:00,esp32-field-01,MONSOON_HEAVY_RAIN,35.24,2250,35.89,64.11,HEALTHY,28.23,78.1,0.0,8.89,3.1,0.3,0,Tomato (Vegetative),0.85,50.0,51.6,HEALTHY,0,0.0
2026-04-08 16:00:00,esp32-field-01,MONSOON_HEAVY_RAIN,35.15,2273,33.61,66.39,HEALTHY,26.49,76.9,0.0,1.46,3.0,1.0,0,Tomato (Vegetative),0.85,50.0,51.6,HEALTHY,0,0.0
2026-04-08 17:00:00,esp32-field-01,MONSOON_HEAVY_RAIN,35.1,2261,34.32,65.68,HEALTHY,25.76,79.6,0.0,0.26,3.09,1.4,0,Tomato (Vegetative),0.85,50.0,51.5,HEALTHY,0,0.0
2026-04-08 18:00:00,esp32-field-01,MONSOON_HEAVY_RAIN,35.07,2253,34.33,65.67,HEALTHY,26.18,81.4,0.0,1.54,2.56,6.6,0,Tomato (Vegetative),0.85,50.0,51.5,HEALTHY,0,0.0
2026-04-08 19:00:00,esp32-field-01,MONSOON_HEAVY_RAIN,35.05,2257,34.65,65.35,HEALTHY,24.41,84.3,0.0,0.45,2.27,3.7,0,Tomato (Vegetative),0.85,50.0,51.5,HEALTHY,0,0.0
2026-04-08 20:00:00,esp32-field-01,MONSOON_HEAVY_RAIN,35.03,2248,34.93,65.07,HEALTHY,22.98,85.2,0.0,1.71,2.54,4.2,0,Tomato (Vegetative),0.85,50.0,51.5,HEALTHY,0,0.0
2026-04-08 21:00:00,esp32-field-01,MONSOON_HEAVY_RAIN,35.02,2259,34.37,65.63,HEALTHY,23.46,86.4,0.0,1.47,2.32,0.6,0,Tomato (Vegetative),0.85,50.0,51.5,HEALTHY,0,0.0
2026-04-08 22:00:00,esp32-field-01,MONSOON_HEAVY_RAIN,35.01,2270,34.4,65.6,HEALTHY,21.51,91.4,0.0,4.14,2.57,0.6,0,Tomato (Vegetative),0.85,50.0,51.5,HEALTHY,0,0.0
2026-04-08 23:00:00,esp32-field-01,MONSOON_HEAVY_RAIN,35.21,2262,34.62,65.38,HEALTHY,21.79,90.1,1.3,2.0,2.07,74.8,1,Tomato (Vegetative),0.85,50.0,54.1,HEALTHY,0,0.0
2026-04-09 00:00:00,esp32-field-01,MONSOON_HEAVY_RAIN,35.16,2270,35.64,64.36,HEALTHY,20.38,94.3,0.0,0.45,2.1,3.3,0,Tomato (Vegetative),0.85,50.0,51.5,HEALTHY,0,0.0
2026-04-09 01:00:00,esp32-field-01,MONSOON_HEAVY_RAIN,36.06,2248,35.38,64.62,HEALTHY,19.96,94.8,5.9,10.5,2.34,77.3,1,Tomato (Vegetative),0.85,50.0,63.3,HEALTHY,0,0.0
2026-04-09 02:00:00,esp32-field-01,MONSOON_HEAVY_RAIN,35.79,2202,36.44,63.56,HEALTHY,20.84,91.1,0.0,0.5,1.97,1.8,0,Tomato (Vegetative),0.85,50.0,51.5,HEALTHY,0,0.0
2026-04-09 03:00:00,esp32-field-01,MONSOON_HEAVY_RAIN,35.59,2262,35.21,64.79,HEALTHY,20.94,95.3,0.0,0.28,2.34,1.4,0,Tomato (Vegetative),0.85,50.0,51.5,HEALTHY,0,0.0
2026-04-09 04:00:00,esp32-field-01,MONSOON_HEAVY_RAIN,35.44,2248,35.31,64.69,HEALTHY,21.36,94.2,0.0,1.8,2.38,2.6,0,Tomato (Vegetative),0.85,50.0,51.4,HEALTHY,0,0.0
2026-04-09 05:00:00,esp32-field-01,MONSOON_HEAVY_RAIN,35.33,2245,36.14,63.86,HEALTHY,21.18,90.5,0.0,1.24,1.92,1.3,0,Tomato (Vegetative),0.85,50.0,51.4,HEALTHY,0,0.0
2026-04-09 06:00:00,esp32-field-01,MONSOON_HEAVY_RAIN,35.24,2251,35.55,64.45,HEALTHY,22.36,87.2,0.0,2.4,2.3,9.6,0,Tomato (Vegetative),0.85,50.0,51.4,HEALTHY,0,0.0
2026-04-09 07:00:00,esp32-field-01,MONSOON_HEAVY_RAIN,36.0,2233,35.86,64.14,HEALTHY,22.67,88.1,5.2,8.42,1.8,79.5,1,Tomato (Vegetative),0.85,50.0,61.8,HEALTHY,0,0.0
2026-04-09 08:00:00,esp32-field-01,MONSOON_HEAVY_RAIN,35.73,2215,36.51,63.49,HEALTHY,24.4,82.9,0.0,0.43,2.74,6.0,0,Tomato (Vegetative),0.85,50.0,51.4,HEALTHY,0,0.0
2026-04-09 09:00:00,esp32-field-01,MONSOON_HEAVY_RAIN,37.5,2224,37.36,62.64,HEALTHY,25.99,84.7,12.5,20.59,2.81,98.1,1,Tomato (Vegetative),0.85,50.0,76.4,HEALTHY,0,0.0
2026-04-09 10:00:00,esp32-field-01,MONSOON_HEAVY_RAIN,36.83,2172,39.1,60.9,HEALTHY,25.67,81.2,0.0,4.64,2.64,3.6,0,Tomato (Vegetative),0.85,50.0,51.4,HEALTHY,0,0.0
2026-04-09 11:00:00,esp32-field-01,MONSOON_HEAVY_RAIN,36.33,2243,36.31,63.69,HEALTHY,26.16,78.9,0.0,7.44,2.63,3.7,0,Tomato (Vegetative),0.85,50.0,51.4,HEALTHY,0,0.0
2026-04-09 12:00:00,esp32-field-01,MONSOON_HEAVY_RAIN,35.95,2188,37.79,62.21,HEALTHY,26.44,78.1,0.0,0.56,2.56,2.5,0,Tomato (Vegetative),0.85,50.0,51.4,HEALTHY,0,0.0
2026-04-09 13:00:00,esp32-field-01,MONSOON_HEAVY_RAIN,35.65,2266,34.58,65.42,HEALTHY,28.29,73.6,0.0,1.37,3.22,0.7,0,Tomato (Vegetative),0.85,50.0,51.3,HEALTHY,0,0.0
2026-04-09 14:00:00,esp32-field-01,MONSOON_HEAVY_RAIN,37.99,2194,37.86,62.14,HEALTHY,26.67,79.1,16.0,26.74,2.84,97.5,1,Tomato (Vegetative),0.85,50.0,83.3,HEALTHY,0,0.0
2026-04-09 15:00:00,esp32-field-01,MONSOON_HEAVY_RAIN,39.09,2180,38.75,61.25,HEALTHY,26.37,79.4,11.8,18.06,2.7,93.4,1,Tomato (Vegetative),0.85,50.0,74.9,HEALTHY,0,0.0
2026-04-09 16:00:00,esp32-field-01,MONSOON_HEAVY_RAIN,41.12,2157,40.82,59.18,HEALTHY,26.95,76.8,19.3,29.67,2.92,100.0,1,Tomato (Vegetative),0.85,50.0,89.9,HEALTHY,0,0.0
2026-04-09 17:00:00,esp32-field-01,MONSOON_HEAVY_RAIN,39.57,2186,38.61,61.39,HEALTHY,26.1,79.8,0.0,1.0,2.87,1.8,0,Tomato (Vegetative),0.85,50.0,51.3,HEALTHY,0,0.0
2026-04-09 18:00:00,esp32-field-01,MONSOON_HEAVY_RAIN,38.43,2187,37.9,62.1,HEALTHY,24.8,80.8,0.0,3.25,2.53,1.2,0,Tomato (Vegetative),0.85,50.0,51.3,HEALTHY,0,0.0
2026-04-09 19:00:00,esp32-field-01,MONSOON_HEAVY_RAIN,39.55,2186,38.46,61.54,HEALTHY,25.34,83.8,12.4,19.35,2.29,100.0,1,Tomato (Vegetative),0.85,50.0,76.1,HEALTHY,0,0.0
2026-04-09 20:00:00,esp32-field-01,MONSOON_HEAVY_RAIN,43.06,2117,42.3,57.7,HEALTHY,23.92,81.7,29.2,44.58,2.65,100.0,1,Tomato (Vegetative),0.85,50.0,100.0,HEALTHY,0,0.0
2026-04-09 21:00:00,esp32-field-01,MONSOON_HEAVY_RAIN,41.04,2133,42.54,57.46,HEALTHY,21.54,87.5,0.0,0.42,2.01,2.8,0,Tomato (Vegetative),0.85,50.0,51.3,HEALTHY,0,0.0
2026-04-09 22:00:00,esp32-field-01,MONSOON_HEAVY_RAIN,39.53,2212,38.45,61.55,HEALTHY,22.63,90.2,0.0,1.06,2.28,3.1,0,Tomato (Vegetative),0.85,50.0,51.3,HEALTHY,0,0.0
2026-04-09 23:00:00,esp32-field-01,MONSOON_HEAVY_RAIN,38.39,2192,38.9,61.1,HEALTHY,21.34,89.9,0.0,0.56,2.26,11.7,0,Tomato (Vegetative),0.85,50.0,51.2,HEALTHY,0,0.0
2026-04-10 00:00:00,esp32-field-01,MONSOON_HEAVY_RAIN,37.54,2201,38.74,61.26,HEALTHY,22.06,92.5,0.0,0.8,2.26,0.6,0,Tomato (Vegetative),0.85,50.0,51.2,HEALTHY,0,0.0
2026-04-10 01:00:00,esp32-field-01,MONSOON_HEAVY_RAIN,37.19,2212,37.42,62.58,HEALTHY,20.31,93.9,1.8,7.19,2.0,74.4,1,Tomato (Vegetative),0.85,50.0,54.8,HEALTHY,0,0.0
2026-04-10 02:00:00,esp32-field-01,MONSOON_HEAVY_RAIN,36.64,2214,37.2,62.8,HEALTHY,20.45,95.0,0.0,2.32,1.74,0.7,0,Tomato (Vegetative),0.85,50.0,51.2,HEALTHY,0,0.0
2026-04-10 03:00:00,esp32-field-01,MONSOON_HEAVY_RAIN,38.03,2194,38.71,61.29,HEALTHY,20.48,92.4,11.3,17.72,2.43,98.3,1,Tomato (Vegetative),0.85,50.0,73.8,HEALTHY,0,0.0
2026-04-10 04:00:00,esp32-field-01,MONSOON_HEAVY_RAIN,37.27,2244,35.71,64.29,HEALTHY,20.36,92.6,0.0,0.62,2.29,1.1,0,Tomato (Vegetative),0.85,50.0,51.2,HEALTHY,0,0.0
2026-04-10 05:00:00,esp32-field-01,MONSOON_HEAVY_RAIN,38.04,2177,39.01,60.99,HEALTHY,20.3,89.9,8.4,13.8,2.23,82.2,1,Tomato (Vegetative),0.85,50.0,68.0,HEALTHY,0,0.0
2026-04-10 06:00:00,esp32-field-01,MONSOON_HEAVY_RAIN,37.28,2217,37.47,62.53,HEALTHY,22.26,90.6,0.0,1.75,1.91,0.1,0,Tomato (Vegetative),0.85,50.0,51.2,HEALTHY,0,0.0
2026-04-10 07:00:00,esp32-field-01,MONSOON_HEAVY_RAIN,36.69,2205,36.72,63.28,HEALTHY,21.76,85.0,0.0,1.84,2.8,8.6,0,Tomato (Vegetative),0.85,50.0,51.2,HEALTHY,0,0.0
2026-04-10 08:00:00,esp32-field-01,MONSOON_HEAVY_RAIN,39.45,2163,40.08,59.92,HEALTHY,24.36,86.1,20.1,30.58,2.75,100.0,1,Tomato (Vegetative),0.85,50.0,91.4,HEALTHY,0,0.0
2026-04-10 09:00:00,esp32-field-01,MONSOON_HEAVY_RAIN,38.51,2167,38.52,61.48,HEALTHY,26.11,82.1,1.3,3.09,2.56,79.2,1,Tomato (Vegetative),0.85,50.0,53.8,HEALTHY,0,0.0
2026-04-10 10:00:00,esp32-field-01,MONSOON_HEAVY_RAIN,37.58,2197,38.39,61.61,HEALTHY,26.13,80.7,0.0,0.24,3.09,0.1,0,Tomato (Vegetative),0.85,50.0,51.1,HEALTHY,0,0.0
2026-04-10 11:00:00,esp32-field-01,MONSOON_HEAVY_RAIN,36.88,2221,37.46,62.54,HEALTHY,26.51,77.3,0.0,0.84,3.23,4.8,0,Tomato (Vegetative),0.85,50.0,51.1,HEALTHY,0,0.0
2026-04-10 12:00:00,esp32-field-01,MONSOON_HEAVY_RAIN,36.95,2232,35.02,64.98,HEALTHY,27.52,76.3,3.7,7.15,2.73,77.6,1,Tomato (Vegetative),0.85,50.0,58.5,HEALTHY,0,0.0
2026-04-10 13:00:00,esp32-field-01,MONSOON_HEAVY_RAIN,36.41,2264,35.15,64.85,HEALTHY,25.93,75.1,0.0,0.07,2.92,5.1,0,Tomato (Vegetative),0.85,50.0,51.1,HEALTHY,0,0.0
2026-04-10 14:00:00,esp32-field-01,MONSOON_HEAVY_RAIN,36.01,2253,35.05,64.95,HEALTHY,28.18,77.0,0.0,0.47,2.82,66.1,1,Tomato (Vegetative),0.85,50.0,51.1,HEALTHY,0,0.0
2026-04-10 15:00:00,esp32-field-01,MONSOON_HEAVY_RAIN,35.72,2224,36.58,63.42,HEALTHY,27.46,73.8,0.0,0.02,2.56,7.5,0,Tomato (Vegetative),0.85,50.0,51.1,HEALTHY,0,0.0
2026-04-10 16:00:00,esp32-field-01,MONSOON_HEAVY_RAIN,35.52,2265,34.38,65.62,HEALTHY,27.71,80.2,0.0,2.59,2.83,3.8,0,Tomato (Vegetative),0.85,50.0,51.1,HEALTHY,0,0.0
2026-04-10 17:00:00,esp32-field-01,MONSOON_HEAVY_RAIN,35.37,2245,35.13,64.87,HEALTHY,27.93,82.4,0.0,2.97,2.7,2.6,0,Tomato (Vegetative),0.85,50.0,51.1,HEALTHY,0,0.0
2026-04-10 18:00:00,esp32-field-01,MONSOON_HEAVY_RAIN,35.28,2244,34.91,65.09,HEALTHY,26.15,80.1,0.0,0.41,2.93,2.9,0,Tomato (Vegetative),0.85,50.0,51.1,HEALTHY,0,0.0
2026-04-10 19:00:00,esp32-field-01,MONSOON_HEAVY_RAIN,36.23,2237,36.79,63.21,HEALTHY,25.75,79.5,6.4,11.92,2.85,79.3,1,Tomato (Vegetative),0.85,50.0,63.8,HEALTHY,0,0.0
2026-04-10 20:00:00,esp32-field-01,MONSOON_HEAVY_RAIN,35.92,2233,35.94,64.06,HEALTHY,24.82,87.7,0.0,1.07,2.29,0.0,0,Tomato (Vegetative),0.85,50.0,51.0,HEALTHY,0,0.0
2026-04-10 21:00:00,esp32-field-01,MONSOON_HEAVY_RAIN,35.68,2260,35.24,64.76,HEALTHY,22.63,89.8,0.0,0.01,2.21,2.4,0,Tomato (Vegetative),0.85,50.0,51.0,HEALTHY,0,0.0
2026-04-10 22:00:00,esp32-field-01,MONSOON_HEAVY_RAIN,35.51,2248,34.85,65.15,HEALTHY,22.1,88.1,0.0,1.14,1.99,5.7,0,Tomato (Vegetative),0.85,50.0,51.0,HEALTHY,0,0.0
2026-04-10 23:00:00,esp32-field-01,MONSOON_HEAVY_RAIN,36.88,2212,37.34,62.66,HEALTHY,21.4,89.2,9.4,15.08,2.35,91.2,1,Tomato (Vegetative),0.85,50.0,69.8,HEALTHY,0,0.0
2026-04-11 00:00:00,esp32-field-01,EXTENDED_DROUGHT_DEFICIT,36.4,2236,35.99,64.01,HEALTHY,25.73,59.3,0.0,1.19,4.17,6.2,0,Tomato (Vegetative),0.85,50.0,51.0,HEALTHY,0,0.0
2026-04-11 01:00:00,esp32-field-01,EXTENDED_DROUGHT_DEFICIT,36.05,2239,36.31,63.69,HEALTHY,24.25,63.0,0.0,13.69,4.19,8.5,0,Tomato (Vegetative),0.85,50.0,51.0,HEALTHY,0,0.0
2026-04-11 02:00:00,esp32-field-01,EXTENDED_DROUGHT_DEFICIT,35.78,2264,34.22,65.78,HEALTHY,24.15,61.5,0.0,0.59,4.62,0.8,0,Tomato (Vegetative),0.85,50.0,51.0,HEALTHY,0,0.0
2026-04-11 03:00:00,esp32-field-01,EXTENDED_DROUGHT_DEFICIT,35.58,2275,34.28,65.72,HEALTHY,25.14,60.7,0.0,0.17,4.44,2.4,0,Tomato (Vegetative),0.85,50.0,51.0,HEALTHY,0,0.0
2026-04-11 04:00:00,esp32-field-01,EXTENDED_DROUGHT_DEFICIT,35.43,2240,36.42,63.58,HEALTHY,24.59,62.2,0.0,0.71,4.34,4.9,0,Tomato (Vegetative),0.85,50.0,51.0,HEALTHY,0,0.0
2026-04-11 05:00:00,esp32-field-01,EXTENDED_DROUGHT_DEFICIT,35.31,2251,35.25,64.75,HEALTHY,26.4,53.2,0.0,1.04,4.77,0.2,0,Tomato (Vegetative),0.85,50.0,51.0,HEALTHY,0,0.0
2026-04-11 06:00:00,esp32-field-01,EXTENDED_DROUGHT_DEFICIT,35.23,2256,34.93,65.07,HEALTHY,26.7,50.4,0.0,5.08,4.84,0.2,0,Tomato (Vegetative),0.85,50.0,50.9,HEALTHY,0,0.0
2026-04-11 07:00:00,esp32-field-01,EXTENDED_DROUGHT_DEFICIT,35.15,2231,36.14,63.86,HEALTHY,29.18,50.7,0.0,3.08,5.42,11.2,0,Tomato (Vegetative),0.85,50.0,50.9,HEALTHY,0,0.0
2026-04-11 08:00:00,esp32-field-01,EXTENDED_DROUGHT_DEFICIT,35.05,2281,33.96,66.04,HEALTHY,30.23,44.7,0.0,0.44,5.84,2.6,0,Tomato (Vegetative),0.85,50.0,50.9,HEALTHY,0,0.0
2026-04-11 09:00:00,esp32-field-01,EXTENDED_DROUGHT_DEFICIT,34.95,2257,35.68,64.32,HEALTHY,32.98,37.2,0.0,0.07,6.02,2.6,0,Tomato (Vegetative),0.85,50.0,50.9,HEALTHY,0,0.0
2026-04-11 10:00:00,esp32-field-01,EXTENDED_DROUGHT_DEFICIT,34.81,2252,34.6,65.4,HEALTHY,35.04,35.8,0.0,1.32,6.23,7.4,0,Tomato (Vegetative),0.85,50.0,50.9,HEALTHY,0,0.0
2026-04-11 11:00:00,esp32-field-01,EXTENDED_DROUGHT_DEFICIT,34.65,2257,35.19,64.81,HEALTHY,35.78,33.2,0.0,1.35,6.59,0.8,0,Tomato (Vegetative),0.85,50.0,50.9,HEALTHY,0,0.0
2026-04-11 12:00:00,esp32-field-01,EXTENDED_DROUGHT_DEFICIT,34.49,2301,34.29,65.71,HEALTHY,38.32,29.0,0.0,1.29,6.71,9.5,0,Tomato (Vegetative),0.85,50.0,50.9,HEALTHY,0,0.0
2026-04-11 13:00:00,esp32-field-01,EXTENDED_DROUGHT_DEFICIT,34.33,2236,35.56,64.44,HEALTHY,36.75,29.7,0.0,2.18,6.5,0.3,0,Tomato (Vegetative),0.85,50.0,50.9,HEALTHY,0,0.0
2026-04-11 14:00:00,esp32-field-01,EXTENDED_DROUGHT_DEFICIT,34.18,2277,33.88,66.12,HEALTHY,37.8,27.9,0.0,0.85,6.68,0.8,0,Tomato (Vegetative),0.85,50.0,50.9,HEALTHY,0,0.0
2026-04-11 15:00:00,esp32-field-01,EXTENDED_DROUGHT_DEFICIT,34.06,2268,33.33,66.67,HEALTHY,37.99,28.1,0.0,0.55,6.95,2.9,0,Tomato (Vegetative),0.85,50.0,50.8,HEALTHY,0,0.0
2026-04-11 16:00:00,esp32-field-01,EXTENDED_DROUGHT_DEFICIT,33.98,2274,33.66,66.34,HEALTHY,36.83,30.9,0.0,0.44,6.83,2.9,0,Tomato (Vegetative),0.85,50.0,50.8,HEALTHY,0,0.0
2026-04-11 17:00:00,esp32-field-01,EXTENDED_DROUGHT_DEFICIT,33.94,2251,34.77,65.23,HEALTHY,35.64,33.9,0.0,0.23,6.02,5.9,0,Tomato (Vegetative),0.85,50.0,50.8,HEALTHY,0,0.0
2026-04-11 18:00:00,esp32-field-01,EXTENDED_DROUGHT_DEFICIT,33.94,2247,33.92,66.08,HEALTHY,34.18,40.7,0.0,0.01,6.07,0.1,0,Tomato (Vegetative),0.85,50.0,50.8,HEALTHY,0,0.0
2026-04-11 19:00:00,esp32-field-01,EXTENDED_DROUGHT_DEFICIT,33.93,2283,33.82,66.18,HEALTHY,33.26,42.1,0.0,3.91,5.44,0.9,0,Tomato (Vegetative),0.85,50.0,50.8,HEALTHY,0,0.0
2026-04-11 20:00:00,esp32-field-01,EXTENDED_DROUGHT_DEFICIT,33.92,2263,34.03,65.97,HEALTHY,31.57,43.9,0.0,0.81,5.39,2.3,0,Tomato (Vegetative),0.85,50.0,50.8,HEALTHY,0,0.0
2026-04-11 21:00:00,esp32-field-01,EXTENDED_DROUGHT_DEFICIT,33.91,2236,35.42,64.58,HEALTHY,28.99,48.0,0.0,0.28,5.24,2.4,0,Tomato (Vegetative),0.85,50.0,50.8,HEALTHY,0,0.0
2026-04-11 22:00:00,esp32-field-01,EXTENDED_DROUGHT_DEFICIT,33.9,2282,32.53,67.47,HEALTHY,26.94,52.9,0.0,0.76,5.19,2.9,0,Tomato (Vegetative),0.85,50.0,50.8,HEALTHY,0,0.0
2026-04-11 23:00:00,esp32-field-01,EXTENDED_DROUGHT_DEFICIT,33.89,2285,34.06,65.94,HEALTHY,26.84,61.3,0.0,5.04,4.99,0.4,0,Tomato (Vegetative),0.85,50.0,50.8,HEALTHY,0,0.0
2026-04-12 00:00:00,esp32-field-01,EXTENDED_DROUGHT_DEFICIT,33.88,2270,33.93,66.07,HEALTHY,24.67,59.9,0.0,2.52,4.4,3.1,0,Tomato (Vegetative),0.85,50.0,50.8,HEALTHY,0,0.0
2026-04-12 01:00:00,esp32-field-01,EXTENDED_DROUGHT_DEFICIT,33.87,2283,34.28,65.72,HEALTHY,24.58,63.1,0.0,3.78,3.98,2.6,0,Tomato (Vegetative),0.85,50.0,50.8,HEALTHY,0,0.0
2026-04-12 02:00:00,esp32-field-01,EXTENDED_DROUGHT_DEFICIT,33.87,2285,33.72,66.28,HEALTHY,23.69,62.1,0.0,1.09,4.09,1.6,0,Tomato (Vegetative),0.85,50.0,50.7,HEALTHY,0,0.0
2026-04-12 03:00:00,esp32-field-01,EXTENDED_DROUGHT_DEFICIT,33.86,2277,33.49,66.51,HEALTHY,23.64,64.6,0.0,0.41,4.42,8.3,0,Tomato (Vegetative),0.85,50.0,50.7,HEALTHY,0,0.0
2026-04-12 04:00:00,esp32-field-01,EXTENDED_DROUGHT_DEFICIT,33.85,2291,33.02,66.98,HEALTHY,24.87,53.9,0.0,0.94,4.53,0.9,0,Tomato (Vegetative),0.85,50.0,50.7,HEALTHY,0,0.0
2026-04-12 05:00:00,esp32-field-01,EXTENDED_DROUGHT_DEFICIT,33.84,2282,33.97,66.03,HEALTHY,26.28,55.5,0.0,0.25,4.62,0.1,0,Tomato (Vegetative),0.85,50.0,50.7,HEALTHY,0,0.0
2026-04-12 06:00:00,esp32-field-01,EXTENDED_DROUGHT_DEFICIT,33.83,2256,34.05,65.95,HEALTHY,27.47,53.1,0.0,1.73,4.88,9.9,0,Tomato (Vegetative),0.85,50.0,50.7,HEALTHY,0,0.0
2026-04-12 07:00:00,esp32-field-01,EXTENDED_DROUGHT_DEFICIT,33.8,2270,34.37,65.63,HEALTHY,28.43,51.6,0.0,2.55,5.01,7.3,0,Tomato (Vegetative),0.85,50.0,50.7,HEALTHY,0,0.0
2026-04-12 08:00:00,esp32-field-01,EXTENDED_DROUGHT_DEFICIT,33.73,2267,34.9,65.1,HEALTHY,31.74,47.5,0.0,0.24,5.43,1.0,0,Tomato (Vegetative),0.85,50.0,50.7,HEALTHY,0,0.0
2026-04-12 09:00:00,esp32-field-01,EXTENDED_DROUGHT_DEFICIT,33.63,2303,32.79,67.21,HEALTHY,32.74,38.7,0.0,0.12,5.93,2.5,0,Tomato (Vegetative),0.85,50.0,50.7,HEALTHY,0,0.0
2026-04-12 10:00:00,esp32-field-01,EXTENDED_DROUGHT_DEFICIT,33.5,2265,33.95,66.05,HEALTHY,34.02,35.8,0.0,1.53,5.85,5.6,0,Tomato (Vegetative),0.85,50.0,50.7,HEALTHY,0,0.0
2026-04-12 11:00:00,esp32-field-01,EXTENDED_DROUGHT_DEFICIT,33.34,2267,34.53,65.47,HEALTHY,36.31,35.5,0.0,0.59,6.76,1.3,0,Tomato (Vegetative),0.85,50.0,50.6,HEALTHY,0,0.0
2026-04-12 12:00:00,esp32-field-01,EXTENDED_DROUGHT_DEFICIT,33.18,2280,34.01,65.99,HEALTHY,36.8,30.5,0.0,1.09,6.55,3.1,0,Tomato (Vegetative),0.85,50.0,50.6,HEALTHY,0,0.0
2026-04-12 13:00:00,esp32-field-01,EXTENDED_DROUGHT_DEFICIT,33.03,2273,32.95,67.05,HEALTHY,37.24,27.9,0.0,0.58,6.1,8.0,0,Tomato (Vegetative),0.85,50.0,50.6,HEALTHY,0,0.0
2026-04-12 14:00:00,esp32-field-01,EXTENDED_DROUGHT_DEFICIT,32.87,2284,32.52,67.48,HEALTHY,37.92,27.3,0.0,0.69,7.29,1.5,0,Tomato (Vegetative),0.85,50.0,50.6,HEALTHY,0,0.0
2026-04-12 15:00:00,esp32-field-01,EXTENDED_DROUGHT_DEFICIT,32.74,2304,32.38,67.62,HEALTHY,38.82,35.3,0.0,4.85,7.33,3.7,0,Tomato (Vegetative),0.85,50.0,50.6,HEALTHY,0,0.0
2026-04-12 16:00:00,esp32-field-01,EXTENDED_DROUGHT_DEFICIT,32.66,2299,32.63,67.37,HEALTHY,37.9,33.2,0.0,1.0,6.54,5.7,0,Tomato (Vegetative),0.85,50.0,50.6,HEALTHY,0,0.0
2026-04-12 17:00:00,esp32-field-01,EXTENDED_DROUGHT_DEFICIT,32.62,2306,33.09,66.91,HEALTHY,35.7,36.6,0.0,2.19,6.07,0.2,0,Tomato (Vegetative),0.85,50.0,50.6,HEALTHY,0,0.0
2026-04-12 18:00:00,esp32-field-01,EXTENDED_DROUGHT_DEFICIT,32.62,2304,31.36,68.64,HEALTHY,33.47,35.0,0.0,1.02,5.71,3.9,0,Tomato (Vegetative),0.85,50.0,50.6,HEALTHY,0,0.0
2026-04-12 19:00:00,esp32-field-01,EXTENDED_DROUGHT_DEFICIT,32.61,2275,32.64,67.36,HEALTHY,33.56,38.0,0.0,0.32,6.21,3.3,0,Tomato (Vegetative),0.85,50.0,50.6,HEALTHY,0,0.0
2026-04-12 20:00:00,esp32-field-01,EXTENDED_DROUGHT_DEFICIT,32.6,2326,31.59,68.41,HEALTHY,30.26,40.8,0.0,2.08,5.46,1.7,0,Tomato (Vegetative),0.85,50.0,50.6,HEALTHY,0,0.0
2026-04-12 21:00:00,esp32-field-01,EXTENDED_DROUGHT_DEFICIT,32.59,2291,32.84,67.16,HEALTHY,28.47,51.0,0.0,1.78,5.17,0.7,0,Tomato (Vegetative),0.85,50.0,50.5,HEALTHY,0,0.0
2026-04-12 22:00:00,esp32-field-01,EXTENDED_DROUGHT_DEFICIT,32.58,2316,32.39,67.61,HEALTHY,27.07,57.0,0.0,0.26,4.58,0.5,0,Tomato (Vegetative),0.85,50.0,50.5,HEALTHY,0,0.0
2026-04-12 23:00:00,esp32-field-01,EXTENDED_DROUGHT_DEFICIT,32.57,2285,33.53,66.47,HEALTHY,25.95,57.4,0.0,1.7,4.92,2.9,0,Tomato (Vegetative),0.85,50.0,50.5,HEALTHY,0,0.0
2026-04-13 00:00:00,esp32-field-01,EXTENDED_DROUGHT_DEFICIT,32.56,2301,32.85,67.15,HEALTHY,25.83,59.5,0.0,1.21,4.4,3.9,0,Tomato (Vegetative),0.85,50.0,50.5,HEALTHY,0,0.0
2026-04-13 01:00:00,esp32-field-01,EXTENDED_DROUGHT_DEFICIT,32.56,2282,32.79,67.21,HEALTHY,24.63,58.1,0.0,3.22,3.99,1.5,0,Tomato (Vegetative),0.85,50.0,50.5,HEALTHY,0,0.0
2026-04-13 02:00:00,esp32-field-01,EXTENDED_DROUGHT_DEFICIT,32.55,2300,31.87,68.13,HEALTHY,25.25,63.3,0.0,1.06,4.61,2.9,0,Tomato (Vegetative),0.85,50.0,50.5,HEALTHY,0,0.0
2026-04-13 03:00:00,esp32-field-01,EXTENDED_DROUGHT_DEFICIT,32.54,2318,31.47,68.53,HEALTHY,24.0,60.0,0.0,2.0,4.21,0.8,0,Tomato (Vegetative),0.85,50.0,50.5,HEALTHY,0,0.0
2026-04-13 04:00:00,esp32-field-01,EXTENDED_DROUGHT_DEFICIT,32.53,2319,32.24,67.76,HEALTHY,24.69,60.3,0.0,1.16,4.42,1.2,0,Tomato (Vegetative),0.85,50.0,50.5,HEALTHY,0,0.0
2026-04-13 05:00:00,esp32-field-01,EXTENDED_DROUGHT_DEFICIT,32.52,2292,32.28,67.72,HEALTHY,27.44,57.0,0.0,0.24,5.02,0.1,0,Tomato (Vegetative),0.85,50.0,50.5,HEALTHY,0,0.0
2026-04-13 06:00:00,esp32-field-01,EXTENDED_DROUGHT_DEFICIT,32.52,2306,32.81,67.19,HEALTHY,27.81,53.5,0.0,1.1,5.3,6.6,0,Tomato (Vegetative),0.85,50.0,50.5,HEALTHY,0,0.0
2026-04-13 07:00:00,esp32-field-01,EXTENDED_DROUGHT_DEFICIT,32.49,2313,31.29,68.71,HEALTHY,27.74,47.6,0.0,0.15,4.64,0.9,0,Tomato (Vegetative),0.85,50.0,50.5,HEALTHY,0,0.0
2026-04-13 08:00:00,esp32-field-01,EXTENDED_DROUGHT_DEFICIT,32.42,2292,32.92,67.08,HEALTHY,30.82,48.6,0.0,2.06,5.36,0.8,0,Tomato (Vegetative),0.85,50.0,50.4,HEALTHY,0,0.0
2026-04-13 09:00:00,esp32-field-01,EXTENDED_DROUGHT_DEFICIT,32.31,2280,32.76,67.24,HEALTHY,32.41,43.3,0.0,0.79,6.11,3.0,0,Tomato (Vegetative),0.85,50.0,50.4,HEALTHY,0,0.0
2026-04-13 10:00:00,esp32-field-01,EXTENDED_DROUGHT_DEFICIT,32.17,2308,32.66,67.34,HEALTHY,34.13,38.0,0.0,0.43,6.67,3.3,0,Tomato (Vegetative),0.85,50.0,50.4,HEALTHY,0,0.0
2026-04-13 11:00:00,esp32-field-01,EXTENDED_DROUGHT_DEFICIT,32.01,2330,31.39,68.61,HEALTHY,35.26,30.8,0.0,0.9,6.34,1.5,0,Tomato (Vegetative),0.85,50.0,50.4,HEALTHY,0,0.0
2026-04-13 12:00:00,esp32-field-01,EXTENDED_DROUGHT_DEFICIT,31.86,2331,31.19,68.81,HEALTHY,36.47,26.6,0.0,0.61,6.14,0.1,0,Tomato (Vegetative),0.85,50.0,50.4,HEALTHY,0,0.0
2026-04-13 13:00:00,esp32-field-01,EXTENDED_DROUGHT_DEFICIT,31.7,2327,31.54,68.46,HEALTHY,37.18,25.1,0.0,0.97,6.47,4.3,0,Tomato (Vegetative),0.85,50.0,50.4,HEALTHY,0,0.0
2026-04-13 14:00:00,esp32-field-01,EXTENDED_DROUGHT_DEFICIT,31.56,2288,32.39,67.61,HEALTHY,38.14,29.7,0.0,1.12,6.76,3.9,0,Tomato (Vegetative),0.85,50.0,50.4,HEALTHY,0,0.0
2026-04-13 15:00:00,esp32-field-01,EXTENDED_DROUGHT_DEFICIT,31.44,2317,32.45,67.55,HEALTHY,38.08,24.2,0.0,1.57,6.49,2.7,0,Tomato (Vegetative),0.85,50.0,50.4,HEALTHY,0,0.0
2026-04-13 16:00:00,esp32-field-01,EXTENDED_DROUGHT_DEFICIT,31.36,2288,32.19,67.81,HEALTHY,36.8,32.6,0.0,1.51,6.26,0.4,0,Tomato (Vegetative),0.85,50.0,50.4,HEALTHY,0,0.0
2026-04-13 17:00:00,esp32-field-01,EXTENDED_DROUGHT_DEFICIT,31.32,2325,31.32,68.68,HEALTHY,35.31,35.8,0.0,0.61,6.02,5.8,0,Tomato (Vegetative),0.85,50.0,50.3,HEALTHY,0,0.0
2026-04-13 18:00:00,esp32-field-01,EXTENDED_DROUGHT_DEFICIT,31.32,2347,30.29,69.71,HEALTHY,34.35,37.3,0.0,2.33,6.4,3.6,0,Tomato (Vegetative),0.85,50.0,50.3,HEALTHY,0,0.0
2026-04-13 19:00:00,esp32-field-01,EXTENDED_DROUGHT_DEFICIT,31.31,2281,33.05,66.95,HEALTHY,32.97,41.1,0.0,0.42,5.47,3.2,0,Tomato (Vegetative),0.85,50.0,50.3,HEALTHY,0,0.0
2026-04-13 20:00:00,esp32-field-01,EXTENDED_DROUGHT_DEFICIT,31.3,2323,31.53,68.47,HEALTHY,31.21,45.5,0.0,2.78,5.79,1.7,0,Tomato (Vegetative),0.85,50.0,50.3,HEALTHY,0,0.0
2026-04-13 21:00:00,esp32-field-01,EXTENDED_DROUGHT_DEFICIT,31.29,2307,31.37,68.63,HEALTHY,28.92,46.0,0.0,0.06,4.88,0.4,0,Tomato (Vegetative),0.85,50.0,50.3,HEALTHY,0,0.0
2026-04-13 22:00:00,esp32-field-01,EXTENDED_DROUGHT_DEFICIT,31.29,2381,28.86,71.14,HEALTHY,28.24,48.9,0.0,0.59,4.82,2.2,0,Tomato (Vegetative),0.85,50.0,50.3,HEALTHY,0,0.0
2026-04-13 23:00:00,esp32-field-01,EXTENDED_DROUGHT_DEFICIT,31.28,2342,30.96,69.04,HEALTHY,26.79,61.2,0.0,1.66,5.03,1.8,0,Tomato (Vegetative),0.85,50.0,50.3,HEALTHY,0,0.0
2026-04-14 00:00:00,esp32-field-01,EXTENDED_DROUGHT_DEFICIT,31.27,2313,31.06,68.94,HEALTHY,24.28,62.0,0.0,0.52,4.3,1.4,0,Tomato (Vegetative),0.85,50.0,50.3,HEALTHY,0,0.0
2026-04-14 01:00:00,esp32-field-01,EXTENDED_DROUGHT_DEFICIT,31.26,2302,31.86,68.14,HEALTHY,25.03,60.7,0.0,0.12,4.93,3.6,0,Tomato (Vegetative),0.85,50.0,50.3,HEALTHY,0,0.0
2026-04-14 02:00:00,esp32-field-01,EXTENDED_DROUGHT_DEFICIT,31.25,2325,30.13,69.87,HEALTHY,24.18,62.4,0.0,0.14,4.44,4.9,0,Tomato (Vegetative),0.85,50.0,50.3,HEALTHY,0,0.0
2026-04-14 03:00:00,esp32-field-01,EXTENDED_DROUGHT_DEFICIT,31.25,2327,31.07,68.93,HEALTHY,24.85,65.6,0.0,0.25,4.39,0.3,0,Tomato (Vegetative),0.85,50.0,50.2,HEALTHY,0,0.0
2026-04-14 04:00:00,esp32-field-01,EXTENDED_DROUGHT_DEFICIT,31.24,2310,32.0,68.0,HEALTHY,25.79,61.6,0.0,1.05,4.78,4.6,0,Tomato (Vegetative),0.85,50.0,50.2,HEALTHY,0,0.0
2026-04-14 05:00:00,esp32-field-01,EXTENDED_DROUGHT_DEFICIT,31.23,2309,31.46,68.54,HEALTHY,26.14,56.3,0.0,1.31,4.75,8.9,0,Tomato (Vegetative),0.85,50.0,50.2,HEALTHY,0,0.0
2026-04-14 06:00:00,esp32-field-01,EXTENDED_DROUGHT_DEFICIT,31.22,2362,29.95,70.05,HEALTHY,27.88,54.6,0.0,1.19,4.49,6.3,0,Tomato (Vegetative),0.85,50.0,50.2,HEALTHY,0,0.0
2026-04-14 07:00:00,esp32-field-01,EXTENDED_DROUGHT_DEFICIT,31.19,2284,32.68,67.32,HEALTHY,29.81,53.5,0.0,0.07,5.18,0.1,0,Tomato (Vegetative),0.85,50.0,50.2,HEALTHY,0,0.0
2026-04-14 08:00:00,esp32-field-01,EXTENDED_DROUGHT_DEFICIT,31.12,2315,31.25,68.75,HEALTHY,29.19,43.3,0.0,3.91,5.07,1.3,0,Tomato (Vegetative),0.85,50.0,50.2,HEALTHY,0,0.0
2026-04-14 09:00:00,esp32-field-01,EXTENDED_DROUGHT_DEFICIT,31.03,2348,29.93,70.07,HEALTHY,33.57,35.9,0.0,0.13,5.5,2.2,0,Tomato (Vegetative),0.85,50.0,50.2,HEALTHY,0,0.0
2026-04-14 10:00:00,esp32-field-01,EXTENDED_DROUGHT_DEFICIT,30.94,2308,32.23,67.77,HEALTHY,35.51,37.8,0.2,4.07,6.11,73.5,1,Tomato (Vegetative),0.85,50.0,50.6,HEALTHY,0,0.0
2026-04-14 11:00:00,esp32-field-01,EXTENDED_DROUGHT_DEFICIT,30.77,2306,30.88,69.12,HEALTHY,36.0,34.9,0.0,1.39,6.68,3.6,0,Tomato (Vegetative),0.85,50.0,50.2,HEALTHY,0,0.0
2026-04-14 12:00:00,esp32-field-01,EXTENDED_DROUGHT_DEFICIT,30.6,2341,29.62,70.38,HEALTHY,37.98,26.6,0.0,1.47,6.88,5.9,0,Tomato (Vegetative),0.85,50.0,50.2,HEALTHY,0,0.0
2026-04-14 13:00:00,esp32-field-01,EXTENDED_DROUGHT_DEFICIT,30.44,2311,31.92,68.08,HEALTHY,37.67,24.7,0.0,0.49,6.85,0.1,0,Tomato (Vegetative),0.85,50.0,50.1,HEALTHY,0,0.0
2026-04-14 14:00:00,esp32-field-01,EXTENDED_DROUGHT_DEFICIT,30.29,2345,31.07,68.93,HEALTHY,37.58,28.0,0.0,1.82,6.68,1.8,0,Tomato (Vegetative),0.85,50.0,50.1,HEALTHY,0,0.0
2026-04-14 15:00:00,esp32-field-01,EXTENDED_DROUGHT_DEFICIT,30.17,2319,32.27,67.73,HEALTHY,38.37,31.3,0.0,0.12,7.11,3.1,0,Tomato (Vegetative),0.85,50.0,50.1,HEALTHY,0,0.0
2026-04-14 16:00:00,esp32-field-01,EXTENDED_DROUGHT_DEFICIT,30.09,2346,29.99,70.01,HEALTHY,37.09,30.7,0.0,2.63,6.16,1.0,0,Tomato (Vegetative),0.85,50.0,50.1,HEALTHY,0,0.0
2026-04-14 17:00:00,esp32-field-01,EXTENDED_DROUGHT_DEFICIT,30.05,2336,30.43,69.57,HEALTHY,35.77,32.3,0.0,1.59,6.49,0.2,0,Tomato (Vegetative),0.85,50.0,50.1,HEALTHY,0,0.0
2026-04-14 18:00:00,esp32-field-01,EXTENDED_DROUGHT_DEFICIT,30.05,2345,29.83,70.17,HEALTHY,34.28,35.6,0.0,0.06,6.37,4.7,0,Tomato (Vegetative),0.85,50.0,50.1,HEALTHY,0,0.0
2026-04-14 19:00:00,esp32-field-01,EXTENDED_DROUGHT_DEFICIT,30.04,2328,29.73,70.27,HEALTHY,33.48,40.3,0.0,0.51,5.95,1.1,0,Tomato (Vegetative),0.85,50.0,50.1,HEALTHY,0,0.0
2026-04-14 20:00:00,esp32-field-01,EXTENDED_DROUGHT_DEFICIT,30.03,2334,30.36,69.64,HEALTHY,30.97,46.5,0.0,0.0,5.61,2.9,0,Tomato (Vegetative),0.85,50.0,50.1,HEALTHY,0,0.0
2026-04-14 21:00:00,esp32-field-01,EXTENDED_DROUGHT_DEFICIT,30.02,2308,31.48,68.52,HEALTHY,30.19,50.8,0.0,0.52,5.02,1.9,0,Tomato (Vegetative),0.85,50.0,50.1,HEALTHY,0,0.0
2026-04-14 22:00:00,esp32-field-01,EXTENDED_DROUGHT_DEFICIT,30.01,2344,29.23,70.77,HEALTHY,28.77,52.9,0.0,1.33,4.78,0.4,0,Tomato (Vegetative),0.85,50.0,50.1,HEALTHY,0,0.0
2026-04-14 23:00:00,esp32-field-01,EXTENDED_DROUGHT_DEFICIT,30.0,2371,28.36,71.64,HEALTHY,26.46,56.9,0.0,2.21,5.0,7.8,0,Tomato (Vegetative),0.85,50.0,50.0,HEALTHY,0,0.0
2026-04-15 00:00:00,esp32-field-01,EXTENDED_DROUGHT_DEFICIT,29.99,2345,30.41,69.59,HEALTHY,25.43,59.5,0.0,1.91,4.34,1.3,0,Tomato (Vegetative),0.85,50.0,50.0,HEALTHY,0,0.0
2026-04-15 01:00:00,esp32-field-01,EXTENDED_DROUGHT_DEFICIT,29.98,2347,29.94,70.06,HEALTHY,23.75,61.0,0.0,0.61,4.67,3.8,0,Tomato (Vegetative),0.85,50.0,50.0,HEALTHY,0,0.0
2026-04-15 02:00:00,esp32-field-01,EXTENDED_DROUGHT_DEFICIT,29.98,2389,27.77,72.23,HEALTHY,23.09,63.2,0.0,0.24,3.84,4.1,0,Tomato (Vegetative),0.85,50.0,50.0,HEALTHY,0,0.0
2026-04-15 03:00:00,esp32-field-01,EXTENDED_DROUGHT_DEFICIT,29.97,2339,29.91,70.09,HEALTHY,23.64,60.6,0.0,3.26,4.07,0.5,0,Tomato (Vegetative),0.85,50.0,50.0,HEALTHY,0,0.0
2026-04-15 04:00:00,esp32-field-01,EXTENDED_DROUGHT_DEFICIT,29.96,2334,31.1,68.9,HEALTHY,25.71,61.0,0.0,0.89,4.59,6.4,0,Tomato (Vegetative),0.85,50.0,50.0,HEALTHY,0,0.0
2026-04-15 05:00:00,esp32-field-01,EXTENDED_DROUGHT_DEFICIT,29.95,2372,28.8,71.2,HEALTHY,27.37,56.0,0.0,2.26,4.99,1.1,0,Tomato (Vegetative),0.85,50.0,50.0,HEALTHY,0,0.0
2026-04-15 06:00:00,esp32-field-01,EXTENDED_DROUGHT_DEFICIT,29.94,2299,30.94,69.06,HEALTHY,27.45,53.9,0.0,2.53,5.18,1.2,0,Tomato (Vegetative),0.85,50.0,50.0,HEALTHY,0,0.0
2026-04-15 07:00:00,esp32-field-01,EXTENDED_DROUGHT_DEFICIT,29.91,2330,30.26,69.74,HEALTHY,29.35,50.7,0.0,1.09,5.12,1.2,0,Tomato (Vegetative),0.85,50.0,50.0,HEALTHY,0,0.0
2026-04-15 08:00:00,esp32-field-01,EXTENDED_DROUGHT_DEFICIT,29.84,2353,30.26,69.74,HEALTHY,31.89,48.6,0.0,0.29,5.43,11.6,0,Tomato (Vegetative),0.85,50.0,50.0,HEALTHY,0,0.0
2026-04-15 09:00:00,esp32-field-01,EXTENDED_DROUGHT_DEFICIT,29.74,2324,30.75,69.25,HEALTHY,32.58,44.4,0.0,1.72,6.06,5.5,0,Tomato (Vegetative),0.85,50.0,50.0,HEALTHY,0,0.0
2026-04-15 10:00:00,esp32-field-01,EXTENDED_DROUGHT_DEFICIT,29.6,2343,30.32,69.68,HEALTHY,35.53,37.9,0.0,0.53,6.23,2.0,0,Tomato (Vegetative),0.85,50.0,49.9,HEALTHY,0,0.0
2026-04-15 11:00:00,esp32-field-01,EXTENDED_DROUGHT_DEFICIT,29.45,2308,30.56,69.44,HEALTHY,35.26,31.6,0.0,1.48,6.29,0.6,0,Tomato (Vegetative),0.85,50.0,49.9,HEALTHY,0,0.0
2026-04-15 12:00:00,esp32-field-01,EXTENDED_DROUGHT_DEFICIT,29.28,2350,30.01,69.99,HEALTHY,37.7,32.2,0.0,5.88,6.74,5.2,0,Tomato (Vegetative),0.85,50.0,49.9,HEALTHY,0,0.0
2026-04-15 13:00:00,esp32-field-01,EXTENDED_DROUGHT_DEFICIT,29.12,2352,30.28,69.72,HEALTHY,39.07,28.6,0.0,5.25,6.53,2.2,0,Tomato (Vegetative),0.85,50.0,49.9,HEALTHY,0,0.0
2026-04-15 14:00:00,esp32-field-01,EXTENDED_DROUGHT_DEFICIT,28.98,2325,29.8,70.2,HEALTHY,38.21,27.9,0.0,0.4,6.59,2.8,0,Tomato (Vegetative),0.85,50.0,49.9,HEALTHY,0,0.0
2026-04-15 15:00:00,esp32-field-01,EXTENDED_DROUGHT_DEFICIT,28.86,2403,27.11,72.89,HEALTHY,37.79,29.6,0.0,0.59,6.8,2.3,0,Tomato (Vegetative),0.85,50.0,49.9,HEALTHY,0,0.0
2026-04-15 16:00:00,esp32-field-01,EXTENDED_DROUGHT_DEFICIT,28.78,2358,29.91,70.09,HEALTHY,36.54,28.0,0.0,2.13,6.36,0.3,0,Tomato (Vegetative),0.85,50.0,49.9,HEALTHY,0,0.0
2026-04-15 17:00:00,esp32-field-01,EXTENDED_DROUGHT_DEFICIT,28.74,2378,27.47,72.53,HEALTHY,34.84,28.6,0.0,1.82,6.36,7.7,0,Tomato (Vegetative),0.85,50.0,49.9,HEALTHY,0,0.0
2026-04-15 18:00:00,esp32-field-01,EXTENDED_DROUGHT_DEFICIT,28.74,2369,27.88,72.12,HEALTHY,35.43,36.8,0.0,0.32,6.41,0.4,0,Tomato (Vegetative),0.85,50.0,49.9,HEALTHY,0,0.0
2026-04-15 19:00:00,esp32-field-01,EXTENDED_DROUGHT_DEFICIT,28.73,2332,29.57,70.43,HEALTHY,33.02,36.8,0.0,0.91,6.01,9.4,0,Tomato (Vegetative),0.85,50.0,49.8,HEALTHY,0,0.0
2026-04-15 20:00:00,esp32-field-01,EXTENDED_DROUGHT_DEFICIT,28.72,2343,29.33,70.67,HEALTHY,30.21,42.8,0.0,2.82,5.03,6.4,0,Tomato (Vegetative),0.85,50.0,49.8,HEALTHY,0,0.0
2026-04-15 21:00:00,esp32-field-01,EXTENDED_DROUGHT_DEFICIT,28.71,2372,28.56,71.44,HEALTHY,30.06,46.9,0.0,0.22,5.24,1.7,0,Tomato (Vegetative),0.85,50.0,49.8,HEALTHY,0,0.0
2026-04-15 22:00:00,esp32-field-01,EXTENDED_DROUGHT_DEFICIT,28.7,2378,28.27,71.73,HEALTHY,27.49,55.9,0.0,3.88,5.08,0.1,0,Tomato (Vegetative),0.85,50.0,49.8,HEALTHY,0,0.0
2026-04-15 23:00:00,esp32-field-01,EXTENDED_DROUGHT_DEFICIT,28.69,2367,28.51,71.49,HEALTHY,25.37,58.1,0.0,1.24,4.37,7.8,0,Tomato (Vegetative),0.85,50.0,49.8,HEALTHY,0,0.0
2026-04-16 00:00:00,esp32-field-01,EXTENDED_DROUGHT_DEFICIT,28.68,2366,28.78,71.22,HEALTHY,24.16,62.6,0.0,0.24,4.51,0.2,0,Tomato (Vegetative),0.85,50.0,49.8,HEALTHY,0,0.0
2026-04-16 01:00:00,esp32-field-01,EXTENDED_DROUGHT_DEFICIT,28.68,2371,28.46,71.54,HEALTHY,24.91,62.3,0.0,1.59,4.32,5.0,0,Tomato (Vegetative),0.85,50.0,49.8,HEALTHY,0,0.0
2026-04-16 02:00:00,esp32-field-01,EXTENDED_DROUGHT_DEFICIT,28.67,2383,27.87,72.13,HEALTHY,23.88,64.8,0.0,0.79,4.44,13.6,0,Tomato (Vegetative),0.85,50.0,49.8,HEALTHY,0,0.0
2026-04-16 03:00:00,esp32-field-01,EXTENDED_DROUGHT_DEFICIT,28.66,2369,29.07,70.93,HEALTHY,23.19,61.8,0.0,0.51,4.18,0.4,0,Tomato (Vegetative),0.85,50.0,49.8,HEALTHY,0,0.0
2026-04-16 04:00:00,esp32-field-01,EXTENDED_DROUGHT_DEFICIT,28.65,2361,28.03,71.97,HEALTHY,25.23,59.5,0.0,0.42,4.37,3.0,0,Tomato (Vegetative),0.85,50.0,49.8,HEALTHY,0,0.0
2026-04-16 05:00:00,esp32-field-01,EXTENDED_DROUGHT_DEFICIT,28.64,2343,29.64,70.36,HEALTHY,26.91,57.3,0.0,1.07,5.04,0.2,0,Tomato (Vegetative),0.85,50.0,49.8,HEALTHY,0,0.0
2026-04-16 06:00:00,esp32-field-01,EXTENDED_DROUGHT_DEFICIT,28.64,2374,28.21,71.79,HEALTHY,27.06,52.3,0.0,1.72,5.08,0.9,0,Tomato (Vegetative),0.85,50.0,49.7,HEALTHY,0,0.0
2026-04-16 07:00:00,esp32-field-01,EXTENDED_DROUGHT_DEFICIT,28.6,2349,29.1,70.9,HEALTHY,30.21,46.9,0.0,1.1,5.63,0.1,0,Tomato (Vegetative),0.85,50.0,49.7,HEALTHY,0,0.0
2026-04-16 08:00:00,esp32-field-01,EXTENDED_DROUGHT_DEFICIT,28.54,2327,30.26,69.74,HEALTHY,29.91,45.7,0.0,0.13,5.05,1.4,0,Tomato (Vegetative),0.85,50.0,49.7,HEALTHY,0,0.0
2026-04-16 09:00:00,esp32-field-01,EXTENDED_DROUGHT_DEFICIT,28.44,2375,28.12,71.88,HEALTHY,33.03,39.4,0.0,0.59,5.65,0.1,0,Tomato (Vegetative),0.85,50.0,49.7,HEALTHY,0,0.0
2026-04-16 10:00:00,esp32-field-01,EXTENDED_DROUGHT_DEFICIT,28.31,2384,27.81,72.19,HEALTHY,34.64,34.6,0.0,0.29,5.98,1.6,0,Tomato (Vegetative),0.85,50.0,49.7,HEALTHY,0,0.0
2026-04-16 11:00:00,esp32-field-01,EXTENDED_DROUGHT_DEFICIT,28.16,2387,27.54,72.46,HEALTHY,36.06,31.8,0.0,1.09,6.17,6.2,0,Tomato (Vegetative),0.85,50.0,49.7,HEALTHY,0,0.0
2026-04-16 12:00:00,esp32-field-01,EXTENDED_DROUGHT_DEFICIT,28.01,2369,28.24,71.76,HEALTHY,36.67,33.6,0.0,2.72,6.02,0.2,0,Tomato (Vegetative),0.85,50.0,49.7,HEALTHY,0,0.0
2026-04-16 13:00:00,esp32-field-01,EXTENDED_DROUGHT_DEFICIT,27.84,2399,27.3,72.7,HEALTHY,37.75,28.6,0.0,0.54,6.8,5.7,0,Tomato (Vegetative),0.85,50.0,49.7,HEALTHY,0,0.0
2026-04-16 14:00:00,esp32-field-01,EXTENDED_DROUGHT_DEFICIT,27.69,2381,28.05,71.95,HEALTHY,38.02,25.6,0.0,1.68,6.79,1.8,0,Tomato (Vegetative),0.85,50.0,49.7,HEALTHY,0,0.0
2026-04-16 15:00:00,esp32-field-01,EXTENDED_DROUGHT_DEFICIT,27.58,2375,28.78,71.22,HEALTHY,37.39,28.1,0.0,1.02,6.36,1.7,0,Tomato (Vegetative),0.85,50.0,49.6,HEALTHY,0,0.0
2026-04-16 16:00:00,esp32-field-01,EXTENDED_DROUGHT_DEFICIT,27.5,2430,25.45,74.55,HEALTHY,37.68,32.5,0.0,0.73,6.83,5.4,0,Tomato (Vegetative),0.85,50.0,49.6,HEALTHY,0,0.0
2026-04-16 17:00:00,esp32-field-01,EXTENDED_DROUGHT_DEFICIT,27.46,2402,26.7,73.3,HEALTHY,35.38,31.3,0.0,0.22,6.25,0.8,0,Tomato (Vegetative),0.85,50.0,49.6,HEALTHY,0,0.0
2026-04-16 18:00:00,esp32-field-01,EXTENDED_DROUGHT_DEFICIT,27.46,2376,28.04,71.96,HEALTHY,34.66,36.7,0.0,0.58,6.45,2.3,0,Tomato (Vegetative),0.85,50.0,49.6,HEALTHY,0,0.0
2026-04-16 19:00:00,esp32-field-01,EXTENDED_DROUGHT_DEFICIT,27.45,2373,27.72,72.28,HEALTHY,33.24,40.3,0.0,0.1,5.9,0.0,0,Tomato (Vegetative),0.85,50.0,49.6,HEALTHY,0,0.0
2026-04-16 20:00:00,esp32-field-01,EXTENDED_DROUGHT_DEFICIT,27.44,2387,27.42,72.58,HEALTHY,30.43,45.0,0.0,2.59,5.21,1.0,0,Tomato (Vegetative),0.85,50.0,49.6,HEALTHY,0,0.0
2026-04-16 21:00:00,esp32-field-01,EXTENDED_DROUGHT_DEFICIT,27.43,2341,28.69,71.31,HEALTHY,29.19,51.4,0.0,1.64,5.03,3.2,0,Tomato (Vegetative),0.85,50.0,49.6,HEALTHY,0,0.0
2026-04-16 22:00:00,esp32-field-01,EXTENDED_DROUGHT_DEFICIT,27.42,2408,26.46,73.54,HEALTHY,27.29,56.0,0.0,0.36,4.53,1.9,0,Tomato (Vegetative),0.85,50.0,49.6,HEALTHY,0,0.0
2026-04-16 23:00:00,esp32-field-01,EXTENDED_DROUGHT_DEFICIT,27.41,2385,27.03,72.97,HEALTHY,26.19,57.2,0.0,1.36,4.28,3.0,0,Tomato (Vegetative),0.85,50.0,49.6,HEALTHY,0,0.0
2026-04-17 00:00:00,esp32-field-01,EXTENDED_DROUGHT_DEFICIT,27.4,2372,28.4,71.6,HEALTHY,25.03,58.4,0.0,0.55,4.26,1.1,0,Tomato (Vegetative),0.85,50.0,49.6,HEALTHY,0,0.0
2026-04-17 01:00:00,esp32-field-01,EXTENDED_DROUGHT_DEFICIT,27.4,2422,26.35,73.65,HEALTHY,24.13,61.1,0.0,4.56,4.09,1.5,0,Tomato (Vegetative),0.85,50.0,49.5,HEALTHY,0,0.0
2026-04-17 02:00:00,esp32-field-01,EXTENDED_DROUGHT_DEFICIT,27.39,2389,26.79,73.21,HEALTHY,22.54,64.0,0.0,3.12,4.4,2.9,0,Tomato (Vegetative),0.85,50.0,49.5,HEALTHY,0,0.0
2026-04-17 03:00:00,esp32-field-01,EXTENDED_DROUGHT_DEFICIT,27.38,2378,28.32,71.68,HEALTHY,25.32,58.9,0.0,3.18,4.28,6.8,0,Tomato (Vegetative),0.85,50.0,49.5,HEALTHY,0,0.0
2026-04-17 04:00:00,esp32-field-01,EXTENDED_DROUGHT_DEFICIT,27.37,2378,28.07,71.93,HEALTHY,25.48,58.1,0.0,0.14,4.83,1.6,0,Tomato (Vegetative),0.85,50.0,49.5,HEALTHY,0,0.0
2026-04-17 05:00:00,esp32-field-01,EXTENDED_DROUGHT_DEFICIT,27.36,2385,27.55,72.45,HEALTHY,25.78,57.2,0.0,1.21,4.36,0.6,0,Tomato (Vegetative),0.85,50.0,49.5,HEALTHY,0,0.0
2026-04-17 06:00:00,esp32-field-01,EXTENDED_DROUGHT_DEFICIT,27.36,2401,26.63,73.37,HEALTHY,28.09,54.3,0.0,3.01,5.07,1.6,0,Tomato (Vegetative),0.85,50.0,49.5,HEALTHY,0,0.0
2026-04-17 07:00:00,esp32-field-01,EXTENDED_DROUGHT_DEFICIT,27.32,2387,27.88,72.12,HEALTHY,28.74,46.1,0.0,2.07,5.22,2.5,0,Tomato (Vegetative),0.85,50.0,49.5,HEALTHY,0,0.0
2026-04-17 08:00:00,esp32-field-01,EXTENDED_DROUGHT_DEFICIT,27.25,2396,27.51,72.49,HEALTHY,30.19,45.3,0.0,2.0,5.65,0.7,0,Tomato (Vegetative),0.85,50.0,49.5,HEALTHY,0,0.0
2026-04-17 09:00:00,esp32-field-01,EXTENDED_DROUGHT_DEFICIT,27.15,2379,28.08,71.92,HEALTHY,32.63,35.6,0.0,0.07,5.5,1.4,0,Tomato (Vegetative),0.85,50.0,49.5,HEALTHY,0,0.0
2026-04-17 10:00:00,esp32-field-01,EXTENDED_DROUGHT_DEFICIT,27.01,2375,27.43,72.57,HEALTHY,35.32,34.7,0.0,1.38,6.5,4.3,0,Tomato (Vegetative),0.85,50.0,49.5,HEALTHY,0,0.0
2026-04-17 11:00:00,esp32-field-01,EXTENDED_DROUGHT_DEFICIT,26.85,2415,26.61,73.39,HEALTHY,37.02,34.9,0.0,4.89,6.62,5.5,0,Tomato (Vegetative),0.85,50.0,49.5,HEALTHY,0,0.0
2026-04-17 12:00:00,esp32-field-01,EXTENDED_DROUGHT_DEFICIT,26.69,2386,26.46,73.54,HEALTHY,37.01,32.1,0.0,1.4,6.7,3.2,0,Tomato (Vegetative),0.85,50.0,49.4,HEALTHY,0,0.0
2026-04-17 13:00:00,esp32-field-01,EXTENDED_DROUGHT_DEFICIT,26.53,2387,26.73,73.27,HEALTHY,37.77,28.1,0.0,0.02,6.24,0.7,0,Tomato (Vegetative),0.85,50.0,49.4,HEALTHY,0,0.0
2026-04-17 14:00:00,esp32-field-01,EXTENDED_DROUGHT_DEFICIT,26.38,2377,27.97,72.03,HEALTHY,37.91,24.1,0.0,0.22,6.96,0.5,0,Tomato (Vegetative),0.85,50.0,49.4,HEALTHY,0,0.0
2026-04-17 15:00:00,esp32-field-01,EXTENDED_DROUGHT_DEFICIT,26.27,2385,27.07,72.93,HEALTHY,38.0,26.0,0.0,0.24,6.22,0.6,0,Tomato (Vegetative),0.85,50.0,49.4,HEALTHY,0,0.0
2026-04-17 16:00:00,esp32-field-01,EXTENDED_DROUGHT_DEFICIT,26.19,2393,26.07,73.93,HEALTHY,36.98,31.4,0.0,0.7,6.6,2.9,0,Tomato (Vegetative),0.85,50.0,49.4,HEALTHY,0,0.0
2026-04-17 17:00:00,esp32-field-01,EXTENDED_DROUGHT_DEFICIT,26.15,2395,25.51,74.49,HEALTHY,36.51,34.0,0.0,0.37,6.27,2.5,0,Tomato (Vegetative),0.85,50.0,49.4,HEALTHY,0,0.0
2026-04-17 18:00:00,esp32-field-01,EXTENDED_DROUGHT_DEFICIT,26.15,2469,23.2,76.8,HEALTHY,35.2,38.0,0.0,3.63,5.84,11.8,0,Tomato (Vegetative),0.85,50.0,49.4,HEALTHY,0,0.0
2026-04-17 19:00:00,esp32-field-01,EXTENDED_DROUGHT_DEFICIT,26.14,2393,26.03,73.97,HEALTHY,32.92,39.6,0.0,1.91,5.67,3.1,0,Tomato (Vegetative),0.85,50.0,49.4,HEALTHY,0,0.0
2026-04-17 20:00:00,esp32-field-01,EXTENDED_DROUGHT_DEFICIT,26.13,2393,27.85,72.15,HEALTHY,31.23,43.7,0.0,3.81,5.69,2.0,0,Tomato (Vegetative),0.85,50.0,49.4,HEALTHY,0,0.0
2026-04-17 21:00:00,esp32-field-01,EXTENDED_DROUGHT_DEFICIT,26.12,2407,26.02,73.98,HEALTHY,29.27,50.7,0.0,0.85,5.2,0.1,0,Tomato (Vegetative),0.85,50.0,49.3,HEALTHY,0,0.0
2026-04-17 22:00:00,esp32-field-01,EXTENDED_DROUGHT_DEFICIT,26.11,2421,25.72,74.28,HEALTHY,28.59,57.2,0.0,0.01,5.36,1.4,0,Tomato (Vegetative),0.85,50.0,49.3,HEALTHY,0,0.0
2026-04-17 23:00:00,esp32-field-01,EXTENDED_DROUGHT_DEFICIT,26.1,2395,26.25,73.75,HEALTHY,25.76,57.4,0.0,1.57,4.73,2.1,0,Tomato (Vegetative),0.85,50.0,49.3,HEALTHY,0,0.0
2026-04-18 00:00:00,esp32-field-01,EXTENDED_DROUGHT_DEFICIT,26.1,2383,27.61,72.39,HEALTHY,25.02,60.6,0.0,1.49,3.84,3.5,0,Tomato (Vegetative),0.85,50.0,49.3,HEALTHY,0,0.0
2026-04-18 01:00:00,esp32-field-01,EXTENDED_DROUGHT_DEFICIT,26.09,2410,25.82,74.18,HEALTHY,24.3,64.2,0.0,0.41,4.64,0.6,0,Tomato (Vegetative),0.85,50.0,49.3,HEALTHY,0,0.0
2026-04-18 02:00:00,esp32-field-01,EXTENDED_DROUGHT_DEFICIT,26.08,2407,26.32,73.68,HEALTHY,24.39,62.0,0.0,0.57,3.84,2.0,0,Tomato (Vegetative),0.85,50.0,49.3,HEALTHY,0,0.0
2026-04-18 03:00:00,esp32-field-01,EXTENDED_DROUGHT_DEFICIT,26.07,2398,26.49,73.51,HEALTHY,24.91,62.0,0.0,1.84,4.56,1.7,0,Tomato (Vegetative),0.85,50.0,49.3,HEALTHY,0,0.0
2026-04-18 04:00:00,esp32-field-01,EXTENDED_DROUGHT_DEFICIT,26.07,2414,25.93,74.07,HEALTHY,23.31,63.7,0.0,0.24,4.06,3.8,0,Tomato (Vegetative),0.85,50.0,49.3,HEALTHY,0,0.0
2026-04-18 05:00:00,esp32-field-01,EXTENDED_DROUGHT_DEFICIT,26.06,2406,26.19,73.81,HEALTHY,25.43,57.5,0.0,0.87,4.72,1.2,0,Tomato (Vegetative),0.85,50.0,49.3,HEALTHY,0,0.0
2026-04-18 06:00:00,esp32-field-01,EXTENDED_DROUGHT_DEFICIT,26.05,2411,25.83,74.17,HEALTHY,27.46,50.8,0.0,0.86,5.04,0.6,0,Tomato (Vegetative),0.85,50.0,49.3,HEALTHY,0,0.0
2026-04-18 07:00:00,esp32-field-01,EXTENDED_DROUGHT_DEFICIT,26.02,2416,24.65,75.35,HEALTHY,28.33,49.6,0.0,2.68,5.02,7.0,0,Tomato (Vegetative),0.85,50.0,49.2,HEALTHY,0,0.0
2026-04-18 08:00:00,esp32-field-01,EXTENDED_DROUGHT_DEFICIT,25.95,2410,25.91,74.09,HEALTHY,30.25,42.1,0.0,1.46,5.64,1.7,0,Tomato (Vegetative),0.85,50.0,49.2,HEALTHY,0,0.0
2026-04-18 09:00:00,esp32-field-01,EXTENDED_DROUGHT_DEFICIT,25.84,2418,26.36,73.64,HEALTHY,31.79,39.1,0.0,0.63,6.07,3.5,0,Tomato (Vegetative),0.85,50.0,49.2,HEALTHY,0,0.0
2026-04-18 10:00:00,esp32-field-01,EXTENDED_DROUGHT_DEFICIT,25.69,2431,25.15,74.85,HEALTHY,35.48,32.9,0.0,0.64,6.67,1.0,0,Tomato (Vegetative),0.85,50.0,49.2,HEALTHY,0,0.0
2026-04-18 11:00:00,esp32-field-01,EXTENDED_DROUGHT_DEFICIT,25.54,2392,26.36,73.64,HEALTHY,35.76,34.5,0.0,0.53,6.13,0.1,0,Tomato (Vegetative),0.85,50.0,49.2,HEALTHY,0,0.0
2026-04-18 12:00:00,esp32-field-01,EXTENDED_DROUGHT_DEFICIT,25.38,2401,26.03,73.97,HEALTHY,36.41,33.7,0.0,0.43,6.74,4.1,0,Tomato (Vegetative),0.85,50.0,49.2,HEALTHY,0,0.0
2026-04-18 13:00:00,esp32-field-01,EXTENDED_DROUGHT_DEFICIT,25.21,2439,25.22,74.78,HEALTHY,37.55,28.8,0.0,2.73,6.82,3.5,0,Tomato (Vegetative),0.85,50.0,49.2,HEALTHY,0,0.0
2026-04-18 14:00:00,esp32-field-01,EXTENDED_DROUGHT_DEFICIT,25.07,2384,26.18,73.82,HEALTHY,37.33,27.6,0.0,2.13,6.67,1.6,0,Tomato (Vegetative),0.85,50.0,49.2,HEALTHY,0,0.0
2026-04-18 15:00:00,esp32-field-01,EXTENDED_DROUGHT_DEFICIT,24.96,2420,25.39,74.61,HEALTHY,37.54,26.0,0.0,0.39,6.16,1.0,0,Tomato (Vegetative),0.85,50.0,49.2,HEALTHY,0,0.0
2026-04-18 16:00:00,esp32-field-01,EXTENDED_DROUGHT_DEFICIT,24.87,2453,24.25,75.75,HEALTHY,38.1,28.5,0.0,3.11,6.74,1.8,0,Tomato (Vegetative),0.85,50.0,49.2,HEALTHY,0,0.0
2026-04-18 17:00:00,esp32-field-01,EXTENDED_DROUGHT_DEFICIT,24.84,2432,24.51,75.49,HEALTHY,34.95,32.6,0.0,0.35,5.85,0.9,0,Tomato (Vegetative),0.85,50.0,49.1,HEALTHY,0,0.0
2026-04-18 18:00:00,esp32-field-01,EXTENDED_DROUGHT_DEFICIT,24.84,2400,24.88,75.12,HEALTHY,33.94,39.3,0.0,5.25,6.12,3.8,0,Tomato (Vegetative),0.85,50.0,49.1,HEALTHY,0,0.0
2026-04-18 19:00:00,esp32-field-01,EXTENDED_DROUGHT_DEFICIT,24.83,2432,25.4,74.6,HEALTHY,32.22,41.5,0.0,1.22,5.76,6.8,0,Tomato (Vegetative),0.85,50.0,49.1,HEALTHY,0,0.0
2026-04-18 20:00:00,esp32-field-01,EXTENDED_DROUGHT_DEFICIT,24.82,2436,24.26,75.74,HEALTHY,31.74,41.7,0.0,0.47,5.56,14.1,0,Tomato (Vegetative),0.85,50.0,49.1,HEALTHY,0,0.0
2026-04-18 21:00:00,esp32-field-01,EXTENDED_DROUGHT_DEFICIT,24.81,2418,25.11,74.89,HEALTHY,29.24,48.7,0.0,2.29,5.52,7.8,0,Tomato (Vegetative),0.85,50.0,49.1,HEALTHY,0,0.0
2026-04-18 22:00:00,esp32-field-01,EXTENDED_DROUGHT_DEFICIT,24.8,2432,24.23,75.77,HEALTHY,27.06,54.3,0.0,2.28,4.2,2.2,0,Tomato (Vegetative),0.85,50.0,49.1,HEALTHY,0,0.0
2026-04-18 23:00:00,esp32-field-01,EXTENDED_DROUGHT_DEFICIT,24.79,2420,24.58,75.42,HEALTHY,26.43,56.5,0.0,2.85,4.76,2.8,0,Tomato (Vegetative),0.85,50.0,49.1,HEALTHY,0,0.0
2026-04-19 00:00:00,esp32-field-01,EXTENDED_DROUGHT_DEFICIT,24.78,2430,24.93,75.07,HEALTHY,24.6,59.2,0.0,3.7,3.94,0.3,0,Tomato (Vegetative),0.85,50.0,49.1,HEALTHY,0,0.0
2026-04-19 01:00:00,esp32-field-01,EXTENDED_DROUGHT_DEFICIT,24.77,2382,25.82,74.18,HEALTHY,24.35,65.8,0.0,1.11,4.74,0.6,0,Tomato (Vegetative),0.85,50.0,49.1,HEALTHY,0,0.0
2026-04-19 02:00:00,esp32-field-01,EXTENDED_DROUGHT_DEFICIT,24.77,2440,24.3,75.7,HEALTHY,24.1,58.3,0.0,0.46,4.1,10.2,0,Tomato (Vegetative),0.85,50.0,49.1,HEALTHY,0,0.0
2026-04-19 03:00:00,esp32-field-01,EXTENDED_DROUGHT_DEFICIT,24.76,2380,25.83,74.17,HEALTHY,25.46,64.4,0.0,0.46,4.64,1.7,0,Tomato (Vegetative),0.85,50.0,49.0,HEALTHY,0,0.0
2026-04-19 04:00:00,esp32-field-01,EXTENDED_DROUGHT_DEFICIT,24.75,2444,23.98,76.02,HEALTHY,24.69,58.3,0.0,7.55,4.22,9.0,0,Tomato (Vegetative),0.85,50.0,49.0,HEALTHY,0,0.0
2026-04-19 05:00:00,esp32-field-01,EXTENDED_DROUGHT_DEFICIT,24.74,2442,23.86,76.14,HEALTHY,25.95,57.0,0.0,0.09,4.74,4.5,0,Tomato (Vegetative),0.85,50.0,49.0,HEALTHY,0,0.0
2026-04-19 06:00:00,esp32-field-01,EXTENDED_DROUGHT_DEFICIT,24.73,2419,24.42,75.58,HEALTHY,26.83,51.8,0.0,0.3,5.18,6.9,0,Tomato (Vegetative),0.85,50.0,49.0,HEALTHY,0,0.0
2026-04-19 07:00:00,esp32-field-01,EXTENDED_DROUGHT_DEFICIT,24.7,2410,25.44,74.56,HEALTHY,30.15,46.2,0.0,0.72,5.2,4.5,0,Tomato (Vegetative),0.85,50.0,49.0,HEALTHY,0,0.0
2026-04-19 08:00:00,esp32-field-01,EXTENDED_DROUGHT_DEFICIT,24.63,2457,24.71,75.29,HEALTHY,30.88,45.4,0.0,0.82,5.24,1.5,0,Tomato (Vegetative),0.85,50.0,49.0,HEALTHY,0,0.0
2026-04-19 09:00:00,esp32-field-01,EXTENDED_DROUGHT_DEFICIT,24.53,2403,25.11,74.89,HEALTHY,32.95,38.1,0.0,0.07,6.01,4.4,0,Tomato (Vegetative),0.85,50.0,49.0,HEALTHY,0,0.0
2026-04-19 10:00:00,esp32-field-01,EXTENDED_DROUGHT_DEFICIT,24.39,2428,25.09,74.91,HEALTHY,34.65,32.6,0.0,2.46,6.22,4.8,0,Tomato (Vegetative),0.85,50.0,49.0,HEALTHY,0,0.0
2026-04-19 11:00:00,esp32-field-01,EXTENDED_DROUGHT_DEFICIT,24.23,2410,24.42,75.58,HEALTHY,36.26,32.9,0.0,0.2,6.58,5.6,0,Tomato (Vegetative),0.85,50.0,49.0,HEALTHY,0,0.0
2026-04-19 12:00:00,esp32-field-01,EXTENDED_DROUGHT_DEFICIT,24.06,2436,24.53,75.47,HEALTHY,36.97,30.4,0.0,1.13,6.76,8.0,0,Tomato (Vegetative),0.85,50.0,49.0,HEALTHY,0,0.0
2026-04-19 13:00:00,esp32-field-01,EXTENDED_DROUGHT_DEFICIT,23.9,2394,26.12,73.88,HEALTHY,38.74,28.2,0.0,0.82,6.73,2.0,0,Tomato (Vegetative),0.85,50.0,49.0,HEALTHY,0,0.0
2026-04-19 14:00:00,esp32-field-01,EXTENDED_DROUGHT_DEFICIT,23.75,2437,24.72,75.28,HEALTHY,38.59,29.0,0.0,4.36,6.93,5.9,0,Tomato (Vegetative),0.85,50.0,48.9,HEALTHY,0,0.0
2026-04-19 15:00:00,esp32-field-01,EXTENDED_DROUGHT_DEFICIT,23.64,2476,22.32,77.68,HEALTHY,37.85,29.0,0.0,2.1,6.51,0.8,0,Tomato (Vegetative),0.85,50.0,48.9,HEALTHY,0,0.0
2026-04-19 16:00:00,esp32-field-01,EXTENDED_DROUGHT_DEFICIT,23.55,2462,23.2,76.8,HEALTHY,36.08,30.9,0.0,1.37,6.57,7.3,0,Tomato (Vegetative),0.85,50.0,48.9,HEALTHY,0,0.0
2026-04-19 17:00:00,esp32-field-01,EXTENDED_DROUGHT_DEFICIT,23.51,2439,23.22,76.78,HEALTHY,35.27,31.4,0.0,3.68,6.18,2.2,0,Tomato (Vegetative),0.85,50.0,48.9,HEALTHY,0,0.0
2026-04-19 18:00:00,esp32-field-01,EXTENDED_DROUGHT_DEFICIT,23.51,2446,23.72,76.28,HEALTHY,34.12,40.6,0.0,2.41,5.71,0.5,0,Tomato (Vegetative),0.85,50.0,48.9,HEALTHY,0,0.0
2026-04-19 19:00:00,esp32-field-01,EXTENDED_DROUGHT_DEFICIT,23.5,2428,24.84,75.16,HEALTHY,33.43,38.9,0.0,3.42,5.89,2.9,0,Tomato (Vegetative),0.85,50.0,48.9,HEALTHY,0,0.0
2026-04-19 20:00:00,esp32-field-01,EXTENDED_DROUGHT_DEFICIT,23.49,2456,23.52,76.48,HEALTHY,31.1,42.2,0.0,0.16,5.4,6.5,0,Tomato (Vegetative),0.85,50.0,48.9,HEALTHY,0,0.0
2026-04-19 21:00:00,esp32-field-01,EXTENDED_DROUGHT_DEFICIT,23.48,2454,23.26,76.74,HEALTHY,30.23,43.4,0.0,0.12,5.48,5.1,0,Tomato (Vegetative),0.85,50.0,48.9,HEALTHY,0,0.0
2026-04-19 22:00:00,esp32-field-01,EXTENDED_DROUGHT_DEFICIT,23.48,2430,23.5,76.5,HEALTHY,28.54,52.1,0.0,0.26,4.92,1.9,0,Tomato (Vegetative),0.85,50.0,48.9,HEALTHY,0,0.0
2026-04-19 23:00:00,esp32-field-01,EXTENDED_DROUGHT_DEFICIT,23.47,2445,23.83,76.17,HEALTHY,27.3,55.5,0.0,2.49,5.47,0.6,0,Tomato (Vegetative),0.85,50.0,48.8,HEALTHY,0,0.0
2026-04-20 00:00:00,esp32-field-01,EXTENDED_DROUGHT_DEFICIT,23.46,2454,24.21,75.79,HEALTHY,25.58,62.8,0.0,0.6,4.55,5.9,0,Tomato (Vegetative),0.85,50.0,48.8,HEALTHY,0,0.0
2026-04-20 01:00:00,esp32-field-01,EXTENDED_DROUGHT_DEFICIT,23.45,2463,22.68,77.32,HEALTHY,26.03,65.5,0.0,0.8,4.66,0.4,0,Tomato (Vegetative),0.85,50.0,48.8,HEALTHY,0,0.0
2026-04-20 02:00:00,esp32-field-01,EXTENDED_DROUGHT_DEFICIT,23.44,2414,25.3,74.7,HEALTHY,24.63,62.9,0.0,1.02,4.6,14.6,0,Tomato (Vegetative),0.85,50.0,48.8,HEALTHY,0,0.0
2026-04-20 03:00:00,esp32-field-01,EXTENDED_DROUGHT_DEFICIT,23.43,2485,22.68,77.32,HEALTHY,25.61,64.5,0.0,0.23,4.81,3.8,0,Tomato (Vegetative),0.85,50.0,48.8,HEALTHY,0,0.0
2026-04-20 04:00:00,esp32-field-01,EXTENDED_DROUGHT_DEFICIT,23.43,2458,23.13,76.87,HEALTHY,25.3,59.7,0.0,0.31,4.03,2.1,0,Tomato (Vegetative),0.85,50.0,48.8,HEALTHY,0,0.0
2026-04-20 05:00:00,esp32-field-01,EXTENDED_DROUGHT_DEFICIT,23.42,2436,23.57,76.43,HEALTHY,26.45,55.4,0.0,0.59,4.76,2.6,0,Tomato (Vegetative),0.85,50.0,48.8,HEALTHY,0,0.0
2026-04-20 06:00:00,esp32-field-01,EXTENDED_DROUGHT_DEFICIT,23.41,2432,23.97,76.03,HEALTHY,26.44,59.2,0.0,5.63,4.66,0.3,0,Tomato (Vegetative),0.85,50.0,48.8,HEALTHY,0,0.0
2026-04-20 07:00:00,esp32-field-01,EXTENDED_DROUGHT_DEFICIT,23.37,2450,23.9,76.1,HEALTHY,30.06,51.3,0.0,1.7,5.44,2.2,0,Tomato (Vegetative),0.85,50.0,48.8,HEALTHY,0,0.0
2026-04-20 08:00:00,esp32-field-01,EXTENDED_DROUGHT_DEFICIT,23.3,2459,22.44,77.56,HEALTHY,31.26,44.2,0.0,0.53,5.7,0.0,0,Tomato (Vegetative),0.85,50.0,48.8,HEALTHY,0,0.0
2026-04-20 09:00:00,esp32-field-01,EXTENDED_DROUGHT_DEFICIT,23.2,2455,23.37,76.63,HEALTHY,32.51,42.7,0.0,1.68,5.89,3.1,0,Tomato (Vegetative),0.85,50.0,48.8,HEALTHY,0,0.0
2026-04-20 10:00:00,esp32-field-01,EXTENDED_DROUGHT_DEFICIT,23.07,2448,23.48,76.52,HEALTHY,33.92,37.7,0.0,0.31,6.2,1.3,0,Tomato (Vegetative),0.85,50.0,48.7,HEALTHY,0,0.0
2026-04-20 11:00:00,esp32-field-01,EXTENDED_DROUGHT_DEFICIT,22.92,2456,23.73,76.27,HEALTHY,36.66,33.0,0.0,0.92,6.52,0.9,0,Tomato (Vegetative),0.85,50.0,48.7,HEALTHY,0,0.0
2026-04-20 12:00:00,esp32-field-01,EXTENDED_DROUGHT_DEFICIT,22.76,2457,22.66,77.34,HEALTHY,37.76,30.4,0.0,0.33,6.76,6.6,0,Tomato (Vegetative),0.85,50.0,48.7,HEALTHY,0,0.0
2026-04-20 13:00:00,esp32-field-01,EXTENDED_DROUGHT_DEFICIT,22.61,2459,23.3,76.7,HEALTHY,36.83,30.1,0.0,0.02,6.43,1.9,0,Tomato (Vegetative),0.85,50.0,48.7,HEALTHY,0,0.0
2026-04-20 14:00:00,esp32-field-01,EXTENDED_DROUGHT_DEFICIT,22.48,2472,22.24,77.76,HEALTHY,37.72,33.4,0.0,0.69,6.49,0.1,0,Tomato (Vegetative),0.85,50.0,48.7,HEALTHY,0,0.0
2026-04-20 15:00:00,esp32-field-01,EXTENDED_DROUGHT_DEFICIT,22.37,2468,22.64,77.36,HEALTHY,37.61,28.8,0.0,0.81,6.76,9.5,0,Tomato (Vegetative),0.85,50.0,48.7,HEALTHY,0,0.0
2026-04-20 16:00:00,esp32-field-01,EXTENDED_DROUGHT_DEFICIT,22.3,2500,20.72,79.28,HEALTHY,36.32,29.1,0.0,0.93,6.58,0.4,0,Tomato (Vegetative),0.85,50.0,48.7,HEALTHY,0,0.0
2026-04-20 17:00:00,esp32-field-01,EXTENDED_DROUGHT_DEFICIT,22.26,2465,23.0,77.0,HEALTHY,35.95,34.7,0.0,1.32,6.25,0.3,0,Tomato (Vegetative),0.85,50.0,48.7,HEALTHY,0,0.0
2026-04-20 18:00:00,esp32-field-01,EXTENDED_DROUGHT_DEFICIT,22.26,2478,21.64,78.36,HEALTHY,34.88,40.5,0.0,0.71,5.85,3.2,0,Tomato (Vegetative),0.85,50.0,48.7,HEALTHY,0,0.0
2026-04-20 19:00:00,esp32-field-01,EXTENDED_DROUGHT_DEFICIT,22.25,2459,23.05,76.95,HEALTHY,32.78,43.6,0.0,0.39,5.31,1.8,0,Tomato (Vegetative),0.85,50.0,48.6,HEALTHY,0,0.0
2026-04-20 20:00:00,esp32-field-01,EXTENDED_DROUGHT_DEFICIT,22.25,2466,23.36,76.64,HEALTHY,31.7,45.1,0.0,1.85,5.79,3.0,0,Tomato (Vegetative),0.85,50.0,48.6,HEALTHY,0,0.0
2026-04-20 21:00:00,esp32-field-01,EXTENDED_DROUGHT_DEFICIT,22.24,2474,22.45,77.55,HEALTHY,28.91,52.7,0.0,0.77,5.02,1.0,0,Tomato (Vegetative),0.85,50.0,48.6,HEALTHY,0,0.0
2026-04-20 22:00:00,esp32-field-01,EXTENDED_DROUGHT_DEFICIT,22.23,2456,22.06,77.94,HEALTHY,28.31,56.3,0.0,2.98,5.41,3.9,0,Tomato (Vegetative),0.85,50.0,48.6,HEALTHY,0,0.0
2026-04-20 23:00:00,esp32-field-01,EXTENDED_DROUGHT_DEFICIT,22.22,2482,22.39,77.61,HEALTHY,25.2,57.7,0.0,1.44,4.7,3.3,0,Tomato (Vegetative),0.85,50.0,48.6,HEALTHY,0,0.0
2026-04-21 00:00:00,esp32-field-01,EXTENDED_DROUGHT_DEFICIT,22.22,2490,21.7,78.3,HEALTHY,23.54,63.7,0.0,0.18,4.23,1.3,0,Tomato (Vegetative),0.85,50.0,48.6,HEALTHY,0,0.0
2026-04-21 01:00:00,esp32-field-01,EXTENDED_DROUGHT_DEFICIT,22.21,2464,21.49,78.51,HEALTHY,25.39,61.0,0.0,0.4,4.35,5.0,0,Tomato (Vegetative),0.85,50.0,48.6,HEALTHY,0,0.0
2026-04-21 02:00:00,esp32-field-01,EXTENDED_DROUGHT_DEFICIT,22.2,2458,23.32,76.68,HEALTHY,22.86,58.0,0.0,1.77,4.08,0.1,0,Tomato (Vegetative),0.85,50.0,48.6,HEALTHY,0,0.0
2026-04-21 03:00:00,esp32-field-01,EXTENDED_DROUGHT_DEFICIT,22.2,2494,20.6,79.4,HEALTHY,22.87,59.5,0.0,4.27,4.03,1.7,0,Tomato (Vegetative),0.85,50.0,48.6,HEALTHY,0,0.0
2026-04-21 04:00:00,esp32-field-01,EXTENDED_DROUGHT_DEFICIT,22.19,2467,23.15,76.85,HEALTHY,25.18,61.8,0.0,1.9,4.45,7.7,0,Tomato (Vegetative),0.85,50.0,48.6,HEALTHY,0,0.0
2026-04-21 05:00:00,esp32-field-01,EXTENDED_DROUGHT_DEFICIT,22.18,2430,24.31,75.69,HEALTHY,25.85,55.6,0.0,4.66,4.48,11.3,0,Tomato (Vegetative),0.85,50.0,48.5,HEALTHY,0,0.0
2026-04-21 06:00:00,esp32-field-01,EXTENDED_DROUGHT_DEFICIT,22.17,2481,21.99,78.01,HEALTHY,28.37,54.3,0.0,0.41,5.17,2.2,0,Tomato (Vegetative),0.85,50.0,48.5,HEALTHY,0,0.0
2026-04-21 07:00:00,esp32-field-01,EXTENDED_DROUGHT_DEFICIT,22.14,2463,23.23,76.77,HEALTHY,29.57,48.6,0.0,1.12,5.57,1.6,0,Tomato (Vegetative),0.85,50.0,48.5,HEALTHY,0,0.0
2026-04-21 08:00:00,esp32-field-01,EXTENDED_DROUGHT_DEFICIT,22.08,2496,20.73,79.27,HEALTHY,30.75,39.7,0.0,0.11,5.43,0.7,0,Tomato (Vegetative),0.85,50.0,48.5,HEALTHY,0,0.0
2026-04-21 09:00:00,esp32-field-01,EXTENDED_DROUGHT_DEFICIT,21.99,2476,21.66,78.34,HEALTHY,33.21,45.6,0.0,1.04,6.13,1.0,0,Tomato (Vegetative),0.85,50.0,48.5,HEALTHY,0,0.0
2026-04-21 10:00:00,esp32-field-01,EXTENDED_DROUGHT_DEFICIT,21.88,2443,22.72,77.28,HEALTHY,33.86,38.1,0.0,0.56,5.75,8.3,0,Tomato (Vegetative),0.85,50.0,48.5,HEALTHY,0,0.0
2026-04-21 11:00:00,esp32-field-01,EXTENDED_DROUGHT_DEFICIT,21.74,2510,20.29,79.71,HEALTHY,37.13,37.2,0.0,0.44,6.43,3.3,0,Tomato (Vegetative),0.85,50.0,48.5,HEALTHY,0,0.0
2026-04-21 12:00:00,esp32-field-01,EXTENDED_DROUGHT_DEFICIT,21.61,2484,21.5,78.5,HEALTHY,37.21,29.7,0.0,1.01,6.39,1.2,0,Tomato (Vegetative),0.85,50.0,48.5,HEALTHY,0,0.0
2026-04-21 13:00:00,esp32-field-01,EXTENDED_DROUGHT_DEFICIT,21.47,2495,21.2,78.8,HEALTHY,37.33,25.2,0.0,3.15,6.72,1.8,0,Tomato (Vegetative),0.85,50.0,48.5,HEALTHY,0,0.0
2026-04-21 14:00:00,esp32-field-01,EXTENDED_DROUGHT_DEFICIT,21.36,2482,21.05,78.95,HEALTHY,36.98,27.2,0.0,3.47,6.58,1.0,0,Tomato (Vegetative),0.85,50.0,48.5,HEALTHY,0,0.0
2026-04-21 15:00:00,esp32-field-01,EXTENDED_DROUGHT_DEFICIT,21.26,2470,22.61,77.39,HEALTHY,37.52,31.4,0.0,0.7,6.3,0.2,0,Tomato (Vegetative),0.85,50.0,48.5,HEALTHY,0,0.0
2026-04-21 16:00:00,esp32-field-01,EXTENDED_DROUGHT_DEFICIT,21.19,2483,21.08,78.92,HEALTHY,37.63,29.2,0.0,0.47,7.04,4.5,0,Tomato (Vegetative),0.85,50.0,48.4,HEALTHY,0,0.0
2026-04-21 17:00:00,esp32-field-01,EXTENDED_DROUGHT_DEFICIT,21.16,2493,22.05,77.95,HEALTHY,36.0,32.5,0.0,1.27,6.46,0.9,0,Tomato (Vegetative),0.85,50.0,48.4,HEALTHY,0,0.0
2026-04-21 18:00:00,esp32-field-01,EXTENDED_DROUGHT_DEFICIT,21.16,2508,20.44,79.56,HEALTHY,34.62,33.6,0.0,0.06,5.99,1.7,0,Tomato (Vegetative),0.85,50.0,48.4,HEALTHY,0,0.0
2026-04-21 19:00:00,esp32-field-01,EXTENDED_DROUGHT_DEFICIT,21.15,2461,22.26,77.74,HEALTHY,32.73,39.0,0.0,0.08,5.8,0.3,0,Tomato (Vegetative),0.85,50.0,48.4,HEALTHY,0,0.0
2026-04-21 20:00:00,esp32-field-01,EXTENDED_DROUGHT_DEFICIT,21.15,2478,21.34,78.66,HEALTHY,30.85,45.2,0.0,0.81,4.85,3.5,0,Tomato (Vegetative),0.85,50.0,48.4,HEALTHY,0,0.0
2026-04-21 21:00:00,esp32-field-01,EXTENDED_DROUGHT_DEFICIT,21.14,2500,20.68,79.32,HEALTHY,28.61,56.1,0.0,1.87,5.23,0.2,0,Tomato (Vegetative),0.85,50.0,48.4,HEALTHY,0,0.0
2026-04-21 22:00:00,esp32-field-01,EXTENDED_DROUGHT_DEFICIT,21.13,2475,20.99,79.01,HEALTHY,27.04,55.9,0.0,0.57,4.72,7.8,0,Tomato (Vegetative),0.85,50.0,48.4,HEALTHY,0,0.0
2026-04-21 23:00:00,esp32-field-01,EXTENDED_DROUGHT_DEFICIT,21.13,2493,20.77,79.23,HEALTHY,25.57,54.8,0.0,0.36,4.12,0.0,0,Tomato (Vegetative),0.85,50.0,48.4,HEALTHY,0,0.0
2026-04-22 00:00:00,esp32-field-01,EXTENDED_DROUGHT_DEFICIT,21.12,2483,20.94,79.06,HEALTHY,25.77,61.9,0.0,1.48,4.27,2.7,0,Tomato (Vegetative),0.85,50.0,48.4,HEALTHY,0,0.0
2026-04-22 01:00:00,esp32-field-01,EXTENDED_DROUGHT_DEFICIT,21.11,2473,21.73,78.27,HEALTHY,24.3,65.1,0.0,4.31,4.01,0.3,0,Tomato (Vegetative),0.85,50.0,48.3,HEALTHY,0,0.0
2026-04-22 02:00:00,esp32-field-01,EXTENDED_DROUGHT_DEFICIT,21.11,2537,19.57,80.43,HEALTHY,24.42,60.6,0.0,0.22,4.5,1.3,0,Tomato (Vegetative),0.85,50.0,48.3,HEALTHY,0,0.0
2026-04-22 03:00:00,esp32-field-01,EXTENDED_DROUGHT_DEFICIT,21.1,2465,22.08,77.92,HEALTHY,24.49,62.0,0.0,0.19,4.48,0.1,0,Tomato (Vegetative),0.85,50.0,48.3,HEALTHY,0,0.0
2026-04-22 04:00:00,esp32-field-01,EXTENDED_DROUGHT_DEFICIT,21.09,2498,21.05,78.95,HEALTHY,25.91,60.1,0.0,0.13,4.85,6.5,0,Tomato (Vegetative),0.85,50.0,48.3,HEALTHY,0,0.0
2026-04-22 05:00:00,esp32-field-01,EXTENDED_DROUGHT_DEFICIT,21.09,2497,21.2,78.8,HEALTHY,26.17,62.1,0.0,1.61,4.77,3.2,0,Tomato (Vegetative),0.85,50.0,48.3,HEALTHY,0,0.0
2026-04-22 06:00:00,esp32-field-01,EXTENDED_DROUGHT_DEFICIT,21.08,2521,19.78,80.22,HEALTHY,27.13,55.0,0.0,0.12,5.07,0.6,0,Tomato (Vegetative),0.85,50.0,48.3,HEALTHY,0,0.0
2026-04-22 07:00:00,esp32-field-01,EXTENDED_DROUGHT_DEFICIT,21.06,2516,19.96,80.04,HEALTHY,29.08,48.1,0.0,0.19,4.97,3.9,0,Tomato (Vegetative),0.85,50.0,48.3,HEALTHY,0,0.0
2026-04-22 08:00:00,esp32-field-01,EXTENDED_DROUGHT_DEFICIT,21.0,2486,20.68,79.32,HEALTHY,30.69,49.8,0.0,0.99,6.07,1.7,0,Tomato (Vegetative),0.85,50.0,48.3,HEALTHY,0,0.0
2026-04-22 09:00:00,esp32-field-01,EXTENDED_DROUGHT_DEFICIT,20.92,2506,21.05,78.95,HEALTHY,33.22,38.5,0.0,1.77,5.77,1.3,0,Tomato (Vegetative),0.85,50.0,48.3,HEALTHY,0,0.0
2026-04-22 10:00:00,esp32-field-01,EXTENDED_DROUGHT_DEFICIT,20.81,2497,20.8,79.2,HEALTHY,33.64,34.6,0.0,1.84,6.0,1.2,0,Tomato (Vegetative),0.85,50.0,48.3,HEALTHY,0,0.0
2026-04-22 11:00:00,esp32-field-01,EXTENDED_DROUGHT_DEFICIT,20.7,2504,18.88,81.12,HEALTHY,36.54,29.7,0.0,0.09,6.41,3.5,0,Tomato (Vegetative),0.85,50.0,48.2,HEALTHY,0,0.0
2026-04-22 12:00:00,esp32-field-01,EXTENDED_DROUGHT_DEFICIT,20.57,2491,21.12,78.88,HEALTHY,38.21,30.6,0.0,1.75,6.72,0.1,0,Tomato (Vegetative),0.85,50.0,48.2,HEALTHY,0,0.0
2026-04-22 13:00:00,esp32-field-01,EXTENDED_DROUGHT_DEFICIT,20.44,2500,20.19,79.81,HEALTHY,37.01,28.7,0.0,2.3,7.0,1.4,0,Tomato (Vegetative),0.85,50.0,48.2,HEALTHY,0,0.0
2026-04-22 14:00:00,esp32-field-01,EXTENDED_DROUGHT_DEFICIT,20.34,2507,20.93,79.07,HEALTHY,38.16,28.9,0.0,4.11,6.53,10.8,0,Tomato (Vegetative),0.85,50.0,48.2,HEALTHY,0,0.0
2026-04-22 15:00:00,esp32-field-01,EXTENDED_DROUGHT_DEFICIT,20.26,2512,19.94,80.06,HEALTHY,38.25,26.9,0.0,1.15,6.38,6.2,0,Tomato (Vegetative),0.85,50.0,48.2,HEALTHY,0,0.0
2026-04-22 16:00:00,esp32-field-01,EXTENDED_DROUGHT_DEFICIT,20.2,2497,19.94,80.06,HEALTHY,36.52,24.9,0.0,0.45,6.67,2.3,0,Tomato (Vegetative),0.85,50.0,48.2,HEALTHY,0,0.0
2026-04-22 17:00:00,esp32-field-01,EXTENDED_DROUGHT_DEFICIT,20.17,2533,19.72,80.28,HEALTHY,37.06,31.6,0.0,1.13,6.54,4.2,0,Tomato (Vegetative),0.85,50.0,48.2,HEALTHY,0,0.0
2026-04-22 18:00:00,esp32-field-01,EXTENDED_DROUGHT_DEFICIT,20.17,2494,20.85,79.15,HEALTHY,34.56,35.6,0.0,1.29,5.96,10.1,0,Tomato (Vegetative),0.85,50.0,48.2,HEALTHY,0,0.0
2026-04-22 19:00:00,esp32-field-01,EXTENDED_DROUGHT_DEFICIT,20.16,2557,18.71,81.29,HEALTHY,33.51,39.9,0.0,0.11,6.1,12.6,0,Tomato (Vegetative),0.85,50.0,48.2,HEALTHY,0,0.0
2026-04-22 20:00:00,esp32-field-01,EXTENDED_DROUGHT_DEFICIT,20.15,2499,20.53,79.47,HEALTHY,30.35,47.2,0.0,0.69,5.62,0.8,0,Tomato (Vegetative),0.85,50.0,48.2,HEALTHY,0,0.0
2026-04-22 21:00:00,esp32-field-01,EXTENDED_DROUGHT_DEFICIT,20.15,2491,19.78,80.22,HEALTHY,29.61,46.4,0.0,1.51,4.86,0.6,0,Tomato (Vegetative),0.85,50.0,48.1,HEALTHY,0,0.0
2026-04-22 22:00:00,esp32-field-01,EXTENDED_DROUGHT_DEFICIT,20.14,2479,20.68,79.32,HEALTHY,27.01,50.9,0.0,0.17,4.46,0.4,0,Tomato (Vegetative),0.85,50.0,48.1,HEALTHY,0,0.0
2026-04-22 23:00:00,esp32-field-01,EXTENDED_DROUGHT_DEFICIT,20.13,2502,18.84,81.16,HEALTHY,25.28,58.3,0.0,1.28,4.6,1.6,0,Tomato (Vegetative),0.85,50.0,48.1,HEALTHY,0,0.0
2026-04-23 00:00:00,esp32-field-01,EXTENDED_DROUGHT_DEFICIT,20.13,2485,20.63,79.37,HEALTHY,24.33,56.5,0.0,1.9,4.08,1.3,0,Tomato (Vegetative),0.85,50.0,48.1,HEALTHY,0,0.0
2026-04-23 01:00:00,esp32-field-01,EXTENDED_DROUGHT_DEFICIT,20.12,2533,18.97,81.03,HEALTHY,24.9,59.0,0.0,3.06,4.5,0.4,0,Tomato (Vegetative),0.85,50.0,48.1,HEALTHY,0,0.0
2026-04-23 02:00:00,esp32-field-01,EXTENDED_DROUGHT_DEFICIT,20.12,2497,20.23,79.77,HEALTHY,24.52,61.6,0.0,1.85,4.55,0.2,0,Tomato (Vegetative),0.85,50.0,48.1,HEALTHY,0,0.0
2026-04-23 03:00:00,esp32-field-01,EXTENDED_DROUGHT_DEFICIT,20.11,2497,20.63,79.37,HEALTHY,23.9,61.3,0.0,3.33,4.25,2.9,0,Tomato (Vegetative),0.85,50.0,48.1,HEALTHY,0,0.0
2026-04-23 04:00:00,esp32-field-01,EXTENDED_DROUGHT_DEFICIT,20.11,2525,19.88,80.12,HEALTHY,24.87,62.7,0.0,1.54,3.78,12.2,0,Tomato (Vegetative),0.85,50.0,48.1,HEALTHY,0,0.0
2026-04-23 05:00:00,esp32-field-01,EXTENDED_DROUGHT_DEFICIT,20.1,2516,20.83,79.17,HEALTHY,24.6,61.6,0.0,2.12,4.12,6.8,0,Tomato (Vegetative),0.85,50.0,48.1,HEALTHY,0,0.0
2026-04-23 06:00:00,esp32-field-01,EXTENDED_DROUGHT_DEFICIT,20.1,2502,20.23,79.77,HEALTHY,28.1,57.1,0.0,0.71,4.92,0.5,0,Tomato (Vegetative),0.85,50.0,48.1,HEALTHY,0,0.0
2026-04-23 07:00:00,esp32-field-01,EXTENDED_DROUGHT_DEFICIT,20.07,2521,20.43,79.57,HEALTHY,29.63,48.6,0.0,0.04,4.77,0.7,0,Tomato (Vegetative),0.85,50.0,48.0,HEALTHY,0,0.0
2026-04-23 08:00:00,esp32-field-01,EXTENDED_DROUGHT_DEFICIT,20.02,2512,20.15,79.85,HEALTHY,31.53,46.0,0.0,0.18,5.8,0.6,0,Tomato (Vegetative),0.85,50.0,48.0,HEALTHY,0,0.0
2026-04-23 09:00:00,esp32-field-01,EXTENDED_DROUGHT_DEFICIT,19.95,2512,20.34,79.66,HEALTHY,32.48,35.5,0.0,0.61,5.86,0.6,0,Tomato (Vegetative),0.85,50.0,48.0,HEALTHY,0,0.0
2026-04-23 10:00:00,esp32-field-01,EXTENDED_DROUGHT_DEFICIT,19.86,2483,21.13,78.87,HEALTHY,34.15,42.5,0.0,4.84,6.34,0.8,0,Tomato (Vegetative),0.85,50.0,48.0,HEALTHY,0,0.0
2026-04-23 11:00:00,esp32-field-01,EXTENDED_DROUGHT_DEFICIT,19.75,2490,21.39,78.61,HEALTHY,35.59,34.1,0.0,4.01,6.33,0.1,0,Tomato (Vegetative),0.85,50.0,48.0,HEALTHY,0,0.0
2026-04-23 12:00:00,esp32-field-01,EXTENDED_DROUGHT_DEFICIT,19.64,2522,19.91,80.09,HEALTHY,36.57,27.2,0.0,1.19,6.36,2.6,0,Tomato (Vegetative),0.85,50.0,48.0,HEALTHY,0,0.0
2026-04-23 13:00:00,esp32-field-01,EXTENDED_DROUGHT_DEFICIT,19.54,2525,18.88,81.12,HEALTHY,37.79,27.8,0.0,0.7,6.51,4.7,0,Tomato (Vegetative),0.85,50.0,48.0,HEALTHY,0,0.0
2026-04-23 14:00:00,esp32-field-01,EXTENDED_DROUGHT_DEFICIT,19.44,2518,20.45,79.55,HEALTHY,39.0,28.9,0.0,3.99,7.24,2.9,0,Tomato (Vegetative),0.85,50.0,48.0,HEALTHY,0,0.0
2026-04-23 15:00:00,esp32-field-01,EXTENDED_DROUGHT_DEFICIT,19.36,2498,20.81,79.19,HEALTHY,37.48,29.6,0.0,0.11,6.98,2.2,0,Tomato (Vegetative),0.85,50.0,48.0,HEALTHY,0,0.0
2026-04-23 16:00:00,esp32-field-01,EXTENDED_DROUGHT_DEFICIT,19.3,2507,18.71,81.29,HEALTHY,36.37,26.0,0.0,0.71,6.53,6.1,0,Tomato (Vegetative),0.85,50.0,48.0,HEALTHY,0,0.0
2026-04-23 17:00:00,esp32-field-01,EXTENDED_DROUGHT_DEFICIT,19.28,2510,20.11,79.89,HEALTHY,36.79,32.7,0.0,0.73,7.07,5.9,0,Tomato (Vegetative),0.85,50.0,48.0,HEALTHY,0,0.0
2026-04-23 18:00:00,esp32-field-01,EXTENDED_DROUGHT_DEFICIT,19.28,2516,19.91,80.09,HEALTHY,34.86,37.6,0.0,1.24,6.27,1.3,0,Tomato (Vegetative),0.85,50.0,47.9,HEALTHY,0,0.0
2026-04-23 19:00:00,esp32-field-01,EXTENDED_DROUGHT_DEFICIT,19.27,2507,18.67,81.33,HEALTHY,33.58,39.3,0.0,3.25,5.93,0.5,0,Tomato (Vegetative),0.85,50.0,47.9,HEALTHY,0,0.0
2026-04-23 20:00:00,esp32-field-01,EXTENDED_DROUGHT_DEFICIT,19.26,2506,20.34,79.66,HEALTHY,30.96,49.1,0.0,0.61,5.41,9.7,0,Tomato (Vegetative),0.85,50.0,47.9,HEALTHY,0,0.0
2026-04-23 21:00:00,esp32-field-01,EXTENDED_DROUGHT_DEFICIT,19.26,2533,20.11,79.89,HEALTHY,30.55,48.6,0.0,0.07,5.36,11.1,0,Tomato (Vegetative),0.85,50.0,47.9,HEALTHY,0,0.0
2026-04-23 22:00:00,esp32-field-01,EXTENDED_DROUGHT_DEFICIT,19.25,2485,20.13,79.87,HEALTHY,26.95,52.2,0.0,0.05,4.81,4.9,0,Tomato (Vegetative),0.85,50.0,47.9,HEALTHY,0,0.0
2026-04-23 23:00:00,esp32-field-01,EXTENDED_DROUGHT_DEFICIT,19.25,2520,17.97,82.03,HEALTHY,25.67,55.2,0.0,1.41,4.47,2.4,0,Tomato (Vegetative),0.85,50.0,47.9,HEALTHY,0,0.0
2026-04-24 00:00:00,esp32-field-01,EXTENDED_DROUGHT_DEFICIT,19.24,2512,19.59,80.41,HEALTHY,24.7,63.6,0.0,1.55,4.08,1.9,0,Tomato (Vegetative),0.85,50.0,47.9,HEALTHY,0,0.0
2026-04-24 01:00:00,esp32-field-01,EXTENDED_DROUGHT_DEFICIT,19.24,2480,21.14,78.86,HEALTHY,24.6,57.1,0.0,1.67,4.21,4.0,0,Tomato (Vegetative),0.85,50.0,47.9,HEALTHY,0,0.0
2026-04-24 02:00:00,esp32-field-01,EXTENDED_DROUGHT_DEFICIT,19.23,2522,19.61,80.39,HEALTHY,24.03,60.1,0.0,3.14,4.09,1.6,0,Tomato (Vegetative),0.85,50.0,47.9,HEALTHY,0,0.0
2026-04-24 03:00:00,esp32-field-01,EXTENDED_DROUGHT_DEFICIT,19.23,2544,18.35,81.65,HEALTHY,22.91,60.5,0.0,2.61,3.86,1.0,0,Tomato (Vegetative),0.85,50.0,47.8,HEALTHY,0,0.0
2026-04-24 04:00:00,esp32-field-01,EXTENDED_DROUGHT_DEFICIT,19.22,2527,18.94,81.06,HEALTHY,25.51,55.1,0.0,0.08,4.68,5.9,0,Tomato (Vegetative),0.85,50.0,47.8,HEALTHY,0,0.0
2026-04-24 05:00:00,esp32-field-01,EXTENDED_DROUGHT_DEFICIT,19.22,2543,18.82,81.18,HEALTHY,26.42,54.9,0.0,0.59,4.96,1.2,0,Tomato (Vegetative),0.85,50.0,47.8,HEALTHY,0,0.0
2026-04-24 06:00:00,esp32-field-01,EXTENDED_DROUGHT_DEFICIT,19.21,2531,19.39,80.61,HEALTHY,27.05,53.5,0.0,0.46,4.3,5.3,0,Tomato (Vegetative),0.85,50.0,47.8,HEALTHY,0,0.0
2026-04-24 07:00:00,esp32-field-01,EXTENDED_DROUGHT_DEFICIT,19.19,2538,18.76,81.24,HEALTHY,28.14,55.7,0.0,0.55,4.6,7.3,0,Tomato (Vegetative),0.85,50.0,47.8,HEALTHY,0,0.0
2026-04-24 08:00:00,esp32-field-01,EXTENDED_DROUGHT_DEFICIT,19.15,2556,17.81,82.19,HEALTHY,31.83,43.0,0.0,1.77,5.22,0.9,0,Tomato (Vegetative),0.85,50.0,47.8,HEALTHY,0,0.0
2026-04-24 09:00:00,esp32-field-01,EXTENDED_DROUGHT_DEFICIT,19.09,2538,18.07,81.93,HEALTHY,32.12,36.7,0.0,2.71,5.32,1.9,0,Tomato (Vegetative),0.85,50.0,47.8,HEALTHY,0,0.0
2026-04-24 10:00:00,esp32-field-01,EXTENDED_DROUGHT_DEFICIT,19.02,2541,17.7,82.3,HEALTHY,34.3,38.6,0.0,1.74,5.58,4.3,0,Tomato (Vegetative),0.85,50.0,47.8,HEALTHY,0,0.0
2026-04-24 11:00:00,esp32-field-01,EXTENDED_DROUGHT_DEFICIT,18.93,2506,19.5,80.5,HEALTHY,34.84,31.8,0.0,0.19,6.06,5.0,0,Tomato (Vegetative),0.85,50.0,47.8,HEALTHY,0,0.0
2026-04-24 12:00:00,esp32-field-01,EXTENDED_DROUGHT_DEFICIT,18.83,2544,18.43,81.57,HEALTHY,36.99,29.9,0.0,1.07,6.41,3.4,0,Tomato (Vegetative),0.85,50.0,47.8,HEALTHY,0,0.0
2026-04-24 13:00:00,esp32-field-01,EXTENDED_DROUGHT_DEFICIT,18.74,2551,17.1,82.9,HEALTHY,37.17,24.7,0.0,3.46,6.68,6.1,0,Tomato (Vegetative),0.85,50.0,47.8,HEALTHY,0,0.0
2026-04-24 14:00:00,esp32-field-01,EXTENDED_DROUGHT_DEFICIT,18.65,2526,18.22,81.78,HEALTHY,37.81,22.9,0.0,0.82,6.65,4.3,0,Tomato (Vegetative),0.85,50.0,47.7,HEALTHY,0,0.0
2026-04-24 15:00:00,esp32-field-01,EXTENDED_DROUGHT_DEFICIT,18.59,2574,16.79,83.21,HEALTHY,36.68,26.9,0.0,2.19,6.16,16.3,0,Tomato (Vegetative),0.85,50.0,47.7,HEALTHY,0,0.0
2026-04-24 16:00:00,esp32-field-01,EXTENDED_DROUGHT_DEFICIT,18.54,2498,19.65,80.35,HEALTHY,37.37,28.8,0.0,0.49,6.97,0.1,0,Tomato (Vegetative),0.85,50.0,47.7,HEALTHY,0,0.0
2026-04-24 17:00:00,esp32-field-01,EXTENDED_DROUGHT_DEFICIT,18.52,2557,18.16,81.84,HEALTHY,37.02,34.6,0.0,0.48,6.46,4.0,0,Tomato (Vegetative),0.85,50.0,47.7,HEALTHY,0,0.0
2026-04-24 18:00:00,esp32-field-01,EXTENDED_DROUGHT_DEFICIT,18.52,2541,18.12,81.88,HEALTHY,33.73,34.5,0.0,3.96,6.11,1.6,0,Tomato (Vegetative),0.85,50.0,47.7,HEALTHY,0,0.0
2026-04-24 19:00:00,esp32-field-01,EXTENDED_DROUGHT_DEFICIT,18.51,2543,18.62,81.38,HEALTHY,33.21,43.4,0.0,4.18,5.53,11.8,0,Tomato (Vegetative),0.85,50.0,47.7,HEALTHY,0,0.0
2026-04-24 20:00:00,esp32-field-01,EXTENDED_DROUGHT_DEFICIT,18.51,2561,16.29,83.71,HEALTHY,30.05,47.9,0.0,0.75,5.4,6.8,0,Tomato (Vegetative),0.85,50.0,47.7,HEALTHY,0,0.0
2026-04-24 21:00:00,esp32-field-01,EXTENDED_DROUGHT_DEFICIT,18.5,2521,18.71,81.29,HEALTHY,30.3,51.4,0.0,0.1,5.87,8.3,0,Tomato (Vegetative),0.85,50.0,47.7,HEALTHY,0,0.0
2026-04-24 22:00:00,esp32-field-01,EXTENDED_DROUGHT_DEFICIT,18.49,2523,18.89,81.11,HEALTHY,27.57,53.9,0.0,2.29,4.88,1.5,0,Tomato (Vegetative),0.85,50.0,47.7,HEALTHY,0,0.0
2026-04-24 23:00:00,esp32-field-01,EXTENDED_DROUGHT_DEFICIT,18.49,2518,18.07,81.93,HEALTHY,25.39,59.1,0.0,2.92,4.31,0.1,0,Tomato (Vegetative),0.85,50.0,47.6,HEALTHY,0,0.0
2026-04-25 00:00:00,esp32-field-01,EXTENDED_DROUGHT_DEFICIT,18.49,2532,18.75,81.25,HEALTHY,25.17,55.2,0.0,3.21,4.59,0.7,0,Tomato (Vegetative),0.85,50.0,47.6,HEALTHY,0,0.0
2026-04-25 01:00:00,esp32-field-01,EXTENDED_DROUGHT_DEFICIT,18.48,2536,18.81,81.19,HEALTHY,24.24,60.1,0.0,0.66,4.36,0.1,0,Tomato (Vegetative),0.85,50.0,47.6,HEALTHY,0,0.0
2026-04-25 02:00:00,esp32-field-01,EXTENDED_DROUGHT_DEFICIT,18.48,2542,16.91,83.09,HEALTHY,22.56,64.3,0.0,1.65,3.65,3.2,0,Tomato (Vegetative),0.85,50.0,47.6,HEALTHY,0,0.0
2026-04-25 03:00:00,esp32-field-01,EXTENDED_DROUGHT_DEFICIT,18.47,2571,16.89,83.11,HEALTHY,22.2,62.8,0.0,5.89,3.76,8.4,0,Tomato (Vegetative),0.85,50.0,47.6,HEALTHY,0,0.0
2026-04-25 04:00:00,esp32-field-01,EXTENDED_DROUGHT_DEFICIT,18.47,2537,18.91,81.09,HEALTHY,24.6,58.2,0.0,0.47,4.53,0.3,0,Tomato (Vegetative),0.85,50.0,47.6,HEALTHY,0,0.0
2026-04-25 05:00:00,esp32-field-01,EXTENDED_DROUGHT_DEFICIT,18.47,2493,19.48,80.52,HEALTHY,25.34,58.8,0.0,0.85,4.51,2.0,0,Tomato (Vegetative),0.85,50.0,47.6,HEALTHY,0,0.0
2026-04-25 06:00:00,esp32-field-01,EXTENDED_DROUGHT_DEFICIT,18.46,2526,19.23,80.77,HEALTHY,26.98,52.9,0.0,0.09,5.06,0.1,0,Tomato (Vegetative),0.85,50.0,47.6,HEALTHY,0,0.0
2026-04-25 07:00:00,esp32-field-01,EXTENDED_DROUGHT_DEFICIT,18.44,2527,19.76,80.24,HEALTHY,29.4,51.0,0.0,2.04,5.3,1.9,0,Tomato (Vegetative),0.85,50.0,47.6,HEALTHY,0,0.0
2026-04-25 08:00:00,esp32-field-01,EXTENDED_DROUGHT_DEFICIT,18.4,2552,18.48,81.52,HEALTHY,31.92,41.8,0.0,2.14,5.38,0.2,0,Tomato (Vegetative),0.85,50.0,47.6,HEALTHY,0,0.0
2026-04-25 09:00:00,esp32-field-01,EXTENDED_DROUGHT_DEFICIT,18.35,2546,18.14,81.86,HEALTHY,31.89,40.2,0.0,0.27,5.84,1.6,0,Tomato (Vegetative),0.85,50.0,47.5,HEALTHY,0,0.0
2026-04-25 10:00:00,esp32-field-01,EXTENDED_DROUGHT_DEFICIT,18.27,2546,18.6,81.4,HEALTHY,33.27,38.9,0.0,0.75,6.01,0.9,0,Tomato (Vegetative),0.85,50.0,47.5,HEALTHY,0,0.0
2026-04-25 11:00:00,esp32-field-01,EXTENDED_DROUGHT_DEFICIT,18.19,2549,17.46,82.54,HEALTHY,36.7,31.0,0.0,1.75,6.64,0.5,0,Tomato (Vegetative),0.85,50.0,47.5,HEALTHY,0,0.0
2026-04-25 12:00:00,esp32-field-01,EXTENDED_DROUGHT_DEFICIT,18.1,2554,19.37,80.63,HEALTHY,36.33,32.4,0.0,0.01,6.62,5.0,0,Tomato (Vegetative),0.85,50.0,47.5,HEALTHY,0,0.0
2026-04-25 13:00:00,esp32-field-01,EXTENDED_DROUGHT_DEFICIT,18.02,2572,16.49,83.51,HEALTHY,37.22,27.9,0.0,0.96,6.18,4.6,0,Tomato (Vegetative),0.85,50.0,47.5,HEALTHY,0,0.0
2026-04-25 14:00:00,esp32-field-01,EXTENDED_DROUGHT_DEFICIT,17.95,2536,17.5,82.5,HEALTHY,37.53,26.5,0.0,1.82,6.22,4.9,0,Tomato (Vegetative),0.85,50.0,47.5,HEALTHY,0,0.0
2026-04-25 15:00:00,esp32-field-01,EXTENDED_DROUGHT_DEFICIT,17.88,2545,18.0,82.0,HEALTHY,37.04,27.0,0.0,2.65,7.02,0.4,0,Tomato (Vegetative),0.85,50.0,47.5,HEALTHY,0,0.0
2026-04-25 16:00:00,esp32-field-01,EXTENDED_DROUGHT_DEFICIT,17.84,2552,18.24,81.76,HEALTHY,35.89,32.6,0.0,1.34,6.03,2.5,0,Tomato (Vegetative),0.85,50.0,47.5,HEALTHY,0,0.0
2026-04-25 17:00:00,esp32-field-01,EXTENDED_DROUGHT_DEFICIT,17.82,2538,16.5,83.5,HEALTHY,35.93,30.3,0.0,0.47,6.38,1.2,0,Tomato (Vegetative),0.85,50.0,47.5,HEALTHY,0,0.0
2026-04-25 18:00:00,esp32-field-01,EXTENDED_DROUGHT_DEFICIT,17.82,2516,18.95,81.05,HEALTHY,33.95,36.2,0.0,1.91,5.78,3.9,0,Tomato (Vegetative),0.85,50.0,47.5,HEALTHY,0,0.0
2026-04-25 19:00:00,esp32-field-01,EXTENDED_DROUGHT_DEFICIT,17.82,2562,16.98,83.02,HEALTHY,32.63,37.7,0.0,0.29,6.1,5.9,0,Tomato (Vegetative),0.85,50.0,47.5,HEALTHY,0,0.0
2026-04-25 20:00:00,esp32-field-01,EXTENDED_DROUGHT_DEFICIT,17.81,2544,17.63,82.37,HEALTHY,30.98,44.9,0.0,2.86,5.87,0.5,0,Tomato (Vegetative),0.85,50.0,47.4,HEALTHY,0,0.0
2026-04-25 21:00:00,esp32-field-01,EXTENDED_DROUGHT_DEFICIT,17.81,2562,17.54,82.46,HEALTHY,29.92,49.6,0.0,2.04,5.34,0.5,0,Tomato (Vegetative),0.85,50.0,47.4,HEALTHY,0,0.0
2026-04-25 22:00:00,esp32-field-01,EXTENDED_DROUGHT_DEFICIT,17.8,2530,18.38,81.62,HEALTHY,25.8,57.0,0.0,3.41,4.56,3.3,0,Tomato (Vegetative),0.85,50.0,47.4,HEALTHY,0,0.0
2026-04-25 23:00:00,esp32-field-01,EXTENDED_DROUGHT_DEFICIT,17.8,2515,19.84,80.16,HEALTHY,26.03,60.8,0.0,0.02,4.67,0.9,0,Tomato (Vegetative),0.85,50.0,47.4,HEALTHY,0,0.0
2026-04-26 00:00:00,esp32-field-01,EXTENDED_DROUGHT_DEFICIT,17.8,2518,18.22,81.78,HEALTHY,23.13,57.7,0.0,0.54,4.03,0.8,0,Tomato (Vegetative),0.85,50.0,47.4,HEALTHY,0,0.0
2026-04-26 01:00:00,esp32-field-01,EXTENDED_DROUGHT_DEFICIT,17.79,2569,17.26,82.74,HEALTHY,24.25,63.7,0.0,4.17,4.2,0.0,0,Tomato (Vegetative),0.85,50.0,47.4,HEALTHY,0,0.0
2026-04-26 02:00:00,esp32-field-01,EXTENDED_DROUGHT_DEFICIT,17.79,2545,17.0,83.0,HEALTHY,22.09,64.2,0.0,2.51,3.92,8.5,0,Tomato (Vegetative),0.85,50.0,47.4,HEALTHY,0,0.0
2026-04-26 03:00:00,esp32-field-01,EXTENDED_DROUGHT_DEFICIT,17.78,2574,17.52,82.48,HEALTHY,24.22,62.1,0.0,3.87,4.36,2.9,0,Tomato (Vegetative),0.85,50.0,47.4,HEALTHY,0,0.0
2026-04-26 04:00:00,esp32-field-01,EXTENDED_DROUGHT_DEFICIT,17.78,2580,16.35,83.65,HEALTHY,25.66,57.4,0.0,1.48,4.64,0.0,0,Tomato (Vegetative),0.85,50.0,47.4,HEALTHY,0,0.0
2026-04-26 05:00:00,esp32-field-01,EXTENDED_DROUGHT_DEFICIT,17.78,2572,17.15,82.85,HEALTHY,24.88,57.3,0.0,1.9,4.66,1.9,0,Tomato (Vegetative),0.85,50.0,47.3,HEALTHY,0,0.0
2026-04-26 06:00:00,esp32-field-01,EXTENDED_DROUGHT_DEFICIT,17.77,2574,17.03,82.97,HEALTHY,27.39,53.9,0.0,0.63,5.05,3.3,0,Tomato (Vegetative),0.85,50.0,47.3,HEALTHY,0,0.0
2026-04-26 07:00:00,esp32-field-01,EXTENDED_DROUGHT_DEFICIT,17.76,2548,17.54,82.46,HEALTHY,28.45,53.3,0.0,2.5,5.13,3.0,0,Tomato (Vegetative),0.85,50.0,47.3,HEALTHY,0,0.0
2026-04-26 08:00:00,esp32-field-01,EXTENDED_DROUGHT_DEFICIT,17.72,2524,18.48,81.52,HEALTHY,31.5,44.1,0.0,3.23,5.88,5.9,0,Tomato (Vegetative),0.85,50.0,47.3,HEALTHY,0,0.0
2026-04-26 09:00:00,esp32-field-01,EXTENDED_DROUGHT_DEFICIT,17.66,2569,16.86,83.14,HEALTHY,33.88,39.0,0.0,3.44,6.66,0.7,0,Tomato (Vegetative),0.85,50.0,47.3,HEALTHY,0,0.0
2026-04-26 10:00:00,esp32-field-01,EXTENDED_DROUGHT_DEFICIT,17.6,2544,18.14,81.86,HEALTHY,34.14,37.3,0.0,0.16,5.85,2.5,0,Tomato (Vegetative),0.85,50.0,47.3,HEALTHY,0,0.0
2026-04-26 11:00:00,esp32-field-01,EXTENDED_DROUGHT_DEFICIT,17.53,2524,18.78,81.22,HEALTHY,35.85,31.0,0.0,1.19,6.08,1.6,0,Tomato (Vegetative),0.85,50.0,47.3,HEALTHY,0,0.0
2026-04-26 12:00:00,esp32-field-01,EXTENDED_DROUGHT_DEFICIT,17.45,2527,18.17,81.83,HEALTHY,36.76,32.1,0.0,1.56,6.18,1.1,0,Tomato (Vegetative),0.85,50.0,47.3,HEALTHY,0,0.0
2026-04-26 13:00:00,esp32-field-01,EXTENDED_DROUGHT_DEFICIT,17.38,2559,16.97,83.03,HEALTHY,38.02,26.0,0.0,2.23,6.5,1.8,0,Tomato (Vegetative),0.85,50.0,47.3,HEALTHY,0,0.0
2026-04-26 14:00:00,esp32-field-01,EXTENDED_DROUGHT_DEFICIT,17.31,2559,16.41,83.59,HEALTHY,37.85,28.2,0.0,3.46,6.71,1.2,0,Tomato (Vegetative),0.85,50.0,47.3,HEALTHY,0,0.0
2026-04-26 15:00:00,esp32-field-01,EXTENDED_DROUGHT_DEFICIT,17.25,2538,17.99,82.01,HEALTHY,37.94,29.3,0.0,0.32,7.02,4.3,0,Tomato (Vegetative),0.85,50.0,47.2,HEALTHY,0,0.0
2026-04-26 16:00:00,esp32-field-01,EXTENDED_DROUGHT_DEFICIT,17.21,2535,17.86,82.14,HEALTHY,36.3,31.2,0.0,2.44,6.87,0.8,0,Tomato (Vegetative),0.85,50.0,47.2,HEALTHY,0,0.0
2026-04-26 17:00:00,esp32-field-01,EXTENDED_DROUGHT_DEFICIT,17.19,2518,18.45,81.55,HEALTHY,37.08,36.0,0.0,4.42,6.48,2.0,0,Tomato (Vegetative),0.85,50.0,47.2,HEALTHY,0,0.0
2026-04-26 18:00:00,esp32-field-01,EXTENDED_DROUGHT_DEFICIT,17.19,2568,17.11,82.89,HEALTHY,34.58,39.7,0.0,3.82,6.19,0.9,0,Tomato (Vegetative),0.85,50.0,47.2,HEALTHY,0,0.0
2026-04-26 19:00:00,esp32-field-01,EXTENDED_DROUGHT_DEFICIT,17.19,2583,16.54,83.46,HEALTHY,32.06,38.4,0.0,1.55,5.26,0.0,0,Tomato (Vegetative),0.85,50.0,47.2,HEALTHY,0,0.0
2026-04-26 20:00:00,esp32-field-01,EXTENDED_DROUGHT_DEFICIT,17.18,2568,17.39,82.61,HEALTHY,31.88,48.0,0.0,0.05,5.77,0.1,0,Tomato (Vegetative),0.85,50.0,47.2,HEALTHY,0,0.0
2026-04-26 21:00:00,esp32-field-01,EXTENDED_DROUGHT_DEFICIT,17.18,2579,16.31,83.69,HEALTHY,28.31,48.9,0.0,1.6,4.37,4.9,0,Tomato (Vegetative),0.85,50.0,47.2,HEALTHY,0,0.0
2026-04-26 22:00:00,esp32-field-01,EXTENDED_DROUGHT_DEFICIT,17.18,2579,16.45,83.55,HEALTHY,26.95,58.2,0.0,1.53,4.98,1.8,0,Tomato (Vegetative),0.85,50.0,47.2,HEALTHY,0,0.0
2026-04-26 23:00:00,esp32-field-01,EXTENDED_DROUGHT_DEFICIT,17.17,2550,18.05,81.95,HEALTHY,25.66,57.2,0.0,0.26,4.45,1.8,0,Tomato (Vegetative),0.85,50.0,47.2,HEALTHY,0,0.0
2026-04-27 00:00:00,esp32-field-01,EXTENDED_DROUGHT_DEFICIT,17.17,2569,17.0,83.0,HEALTHY,26.15,60.0,0.0,1.08,4.68,4.9,0,Tomato (Vegetative),0.85,50.0,47.2,HEALTHY,0,0.0
2026-04-27 01:00:00,esp32-field-01,EXTENDED_DROUGHT_DEFICIT,17.17,2558,16.53,83.47,HEALTHY,23.7,60.9,0.0,4.72,4.08,0.8,0,Tomato (Vegetative),0.85,50.0,47.1,HEALTHY,0,0.0
2026-04-27 02:00:00,esp32-field-01,EXTENDED_DROUGHT_DEFICIT,17.16,2547,17.37,82.63,HEALTHY,23.66,61.2,0.0,0.75,4.43,0.8,0,Tomato (Vegetative),0.85,50.0,47.1,HEALTHY,0,0.0
2026-04-27 03:00:00,esp32-field-01,EXTENDED_DROUGHT_DEFICIT,17.16,2573,15.86,84.14,HEALTHY,23.63,66.4,0.0,3.95,4.02,3.3,0,Tomato (Vegetative),0.85,50.0,47.1,HEALTHY,0,0.0
2026-04-27 04:00:00,esp32-field-01,EXTENDED_DROUGHT_DEFICIT,17.16,2556,17.49,82.51,HEALTHY,24.27,59.4,0.0,0.76,4.21,0.3,0,Tomato (Vegetative),0.85,50.0,47.1,HEALTHY,0,0.0
2026-04-27 05:00:00,esp32-field-01,EXTENDED_DROUGHT_DEFICIT,17.15,2555,16.56,83.44,HEALTHY,26.41,55.6,0.0,0.79,4.79,7.4,0,Tomato (Vegetative),0.85,50.0,47.1,HEALTHY,0,0.0
2026-04-27 06:00:00,esp32-field-01,EXTENDED_DROUGHT_DEFICIT,17.15,2549,17.36,82.64,HEALTHY,27.39,53.2,0.0,2.44,4.85,1.2,0,Tomato (Vegetative),0.85,50.0,47.1,HEALTHY,0,0.0
2026-04-27 07:00:00,esp32-field-01,EXTENDED_DROUGHT_DEFICIT,17.13,2555,17.66,82.34,HEALTHY,29.02,49.2,0.0,0.77,5.03,1.3,0,Tomato (Vegetative),0.85,50.0,47.1,HEALTHY,0,0.0
2026-04-27 08:00:00,esp32-field-01,EXTENDED_DROUGHT_DEFICIT,17.1,2521,18.09,81.91,HEALTHY,30.93,45.0,0.0,1.0,5.81,6.5,0,Tomato (Vegetative),0.85,50.0,47.1,HEALTHY,0,0.0
2026-04-27 09:00:00,esp32-field-01,EXTENDED_DROUGHT_DEFICIT,17.06,2576,16.4,83.6,HEALTHY,32.68,45.0,0.0,0.3,5.8,3.2,0,Tomato (Vegetative),0.85,50.0,47.1,HEALTHY,0,0.0
2026-04-27 10:00:00,esp32-field-01,EXTENDED_DROUGHT_DEFICIT,17.0,2548,17.82,82.18,HEALTHY,34.43,34.3,0.0,0.88,6.16,2.8,0,Tomato (Vegetative),0.85,50.0,47.1,HEALTHY,0,0.0
2026-04-27 11:00:00,esp32-field-01,EXTENDED_DROUGHT_DEFICIT,16.94,2568,16.32,83.68,HEALTHY,36.13,34.8,0.0,0.17,5.65,2.2,0,Tomato (Vegetative),0.85,50.0,47.0,HEALTHY,0,0.0
2026-04-27 12:00:00,esp32-field-01,EXTENDED_DROUGHT_DEFICIT,16.87,2563,16.55,83.45,HEALTHY,36.4,31.7,0.0,2.22,6.16,2.8,0,Tomato (Vegetative),0.85,50.0,47.0,HEALTHY,0,0.0
2026-04-27 13:00:00,esp32-field-01,EXTENDED_DROUGHT_DEFICIT,16.81,2583,16.11,83.89,HEALTHY,39.27,28.5,0.0,0.05,6.41,4.6,0,Tomato (Vegetative),0.85,50.0,47.0,HEALTHY,0,0.0
2026-04-27 14:00:00,esp32-field-01,EXTENDED_DROUGHT_DEFICIT,16.74,2537,17.81,82.19,HEALTHY,38.78,25.9,0.0,0.03,6.89,0.6,0,Tomato (Vegetative),0.85,50.0,47.0,HEALTHY,0,0.0
2026-04-27 15:00:00,esp32-field-01,EXTENDED_DROUGHT_DEFICIT,16.7,2585,15.62,84.38,HEALTHY,37.05,32.3,0.0,1.78,6.53,1.3,0,Tomato (Vegetative),0.85,50.0,47.0,HEALTHY,0,0.0
2026-04-27 16:00:00,esp32-field-01,EXTENDED_DROUGHT_DEFICIT,16.66,2585,16.45,83.55,HEALTHY,36.12,26.7,0.0,5.1,6.67,0.9,0,Tomato (Vegetative),0.85,50.0,47.0,HEALTHY,0,0.0
2026-04-27 17:00:00,esp32-field-01,EXTENDED_DROUGHT_DEFICIT,16.65,2555,17.93,82.07,HEALTHY,35.44,32.2,0.0,2.78,6.1,1.1,0,Tomato (Vegetative),0.85,50.0,47.0,HEALTHY,0,0.0
2026-04-27 18:00:00,esp32-field-01,EXTENDED_DROUGHT_DEFICIT,16.65,2556,17.56,82.44,HEALTHY,34.81,39.5,0.0,1.08,6.14,1.3,0,Tomato (Vegetative),0.85,50.0,47.0,HEALTHY,0,0.0
2026-04-27 19:00:00,esp32-field-01,EXTENDED_DROUGHT_DEFICIT,16.64,2573,16.44,83.56,HEALTHY,32.86,42.0,0.0,1.82,5.68,2.5,0,Tomato (Vegetative),0.85,50.0,47.0,HEALTHY,0,0.0
2026-04-27 20:00:00,esp32-field-01,EXTENDED_DROUGHT_DEFICIT,16.64,2575,17.13,82.87,HEALTHY,30.4,45.4,0.0,0.1,5.07,0.2,0,Tomato (Vegetative),0.85,50.0,47.0,HEALTHY,0,0.0
2026-04-27 21:00:00,esp32-field-01,EXTENDED_DROUGHT_DEFICIT,16.63,2588,16.12,83.88,HEALTHY,28.63,50.5,0.0,1.68,4.97,8.4,0,Tomato (Vegetative),0.85,50.0,47.0,HEALTHY,0,0.0
2026-04-27 22:00:00,esp32-field-01,EXTENDED_DROUGHT_DEFICIT,16.63,2539,17.19,82.81,HEALTHY,28.54,54.1,0.0,0.11,4.64,5.1,0,Tomato (Vegetative),0.85,50.0,46.9,HEALTHY,0,0.0
2026-04-27 23:00:00,esp32-field-01,EXTENDED_DROUGHT_DEFICIT,16.63,2573,16.26,83.74,HEALTHY,25.46,58.4,0.0,1.59,4.28,6.5,0,Tomato (Vegetative),0.85,50.0,46.9,HEALTHY,0,0.0
2026-04-28 00:00:00,esp32-field-01,EXTENDED_DROUGHT_DEFICIT,16.63,2593,16.72,83.28,HEALTHY,26.04,63.2,0.0,0.6,4.54,3.4,0,Tomato (Vegetative),0.85,50.0,46.9,HEALTHY,0,0.0
2026-04-28 01:00:00,esp32-field-01,EXTENDED_DROUGHT_DEFICIT,16.62,2566,16.35,83.65,HEALTHY,24.24,62.6,0.0,1.5,4.32,6.5,0,Tomato (Vegetative),0.85,50.0,46.9,HEALTHY,0,0.0
2026-04-28 02:00:00,esp32-field-01,EXTENDED_DROUGHT_DEFICIT,16.62,2584,15.8,84.2,HEALTHY,23.64,59.7,0.0,0.1,3.91,1.6,0,Tomato (Vegetative),0.85,50.0,46.9,HEALTHY,0,0.0
2026-04-28 03:00:00,esp32-field-01,EXTENDED_DROUGHT_DEFICIT,16.62,2551,17.49,82.51,HEALTHY,24.11,60.9,0.0,1.77,3.95,0.1,0,Tomato (Vegetative),0.85,50.0,46.9,HEALTHY,0,0.0
2026-04-28 04:00:00,esp32-field-01,EXTENDED_DROUGHT_DEFICIT,16.61,2586,15.67,84.33,HEALTHY,26.47,60.5,0.0,1.29,4.97,10.0,0,Tomato (Vegetative),0.85,50.0,46.9,HEALTHY,0,0.0
2026-04-28 05:00:00,esp32-field-01,EXTENDED_DROUGHT_DEFICIT,16.61,2593,16.29,83.71,HEALTHY,26.01,54.8,0.0,0.52,5.2,10.8,0,Tomato (Vegetative),0.85,50.0,46.9,HEALTHY,0,0.0
2026-04-28 06:00:00,esp32-field-01,EXTENDED_DROUGHT_DEFICIT,16.61,2543,18.42,81.58,HEALTHY,28.3,50.2,0.0,0.81,5.02,1.0,0,Tomato (Vegetative),0.85,50.0,46.9,HEALTHY,0,0.0
2026-04-28 07:00:00,esp32-field-01,EXTENDED_DROUGHT_DEFICIT,16.59,2587,15.53,84.47,HEALTHY,29.13,51.7,0.0,3.31,5.84,3.3,0,Tomato (Vegetative),0.85,50.0,46.8,HEALTHY,0,0.0
2026-04-28 08:00:00,esp32-field-01,EXTENDED_DROUGHT_DEFICIT,16.56,2574,16.11,83.89,HEALTHY,31.06,43.2,0.0,0.88,5.64,0.6,0,Tomato (Vegetative),0.85,50.0,46.8,HEALTHY,0,0.0
2026-04-28 09:00:00,esp32-field-01,EXTENDED_DROUGHT_DEFICIT,16.52,2555,17.03,82.97,HEALTHY,33.08,41.6,0.0,1.31,5.98,2.6,0,Tomato (Vegetative),0.85,50.0,46.8,HEALTHY,0,0.0
2026-04-28 10:00:00,esp32-field-01,EXTENDED_DROUGHT_DEFICIT,16.47,2572,15.92,84.08,HEALTHY,35.14,34.2,0.0,2.63,6.45,0.8,0,Tomato (Vegetative),0.85,50.0,46.8,HEALTHY,0,0.0
2026-04-28 11:00:00,esp32-field-01,EXTENDED_DROUGHT_DEFICIT,16.41,2568,15.49,84.51,HEALTHY,34.97,26.9,0.0,0.37,6.13,2.8,0,Tomato (Vegetative),0.85,50.0,46.8,HEALTHY,0,0.0
2026-04-28 12:00:00,esp32-field-01,EXTENDED_DROUGHT_DEFICIT,16.35,2580,15.51,84.49,HEALTHY,38.06,32.5,0.0,0.41,6.45,5.7,0,Tomato (Vegetative),0.85,50.0,46.8,HEALTHY,0,0.0
2026-04-28 13:00:00,esp32-field-01,EXTENDED_DROUGHT_DEFICIT,16.28,2551,17.44,82.56,HEALTHY,39.09,26.6,0.0,0.65,6.79,4.2,0,Tomato (Vegetative),0.85,50.0,46.8,HEALTHY,0,0.0
2026-04-28 14:00:00,esp32-field-01,EXTENDED_DROUGHT_DEFICIT,16.23,2609,15.61,84.39,HEALTHY,38.72,25.2,0.0,2.81,7.2,1.7,0,Tomato (Vegetative),0.85,50.0,46.8,HEALTHY,0,0.0
2026-04-28 15:00:00,esp32-field-01,EXTENDED_DROUGHT_DEFICIT,16.18,2530,17.84,82.16,HEALTHY,36.87,28.0,0.0,0.4,6.32,1.6,0,Tomato (Vegetative),0.85,50.0,46.8,HEALTHY,0,0.0
2026-04-28 16:00:00,esp32-field-01,EXTENDED_DROUGHT_DEFICIT,16.15,2555,17.86,82.14,HEALTHY,37.75,29.8,0.0,0.36,6.65,0.1,0,Tomato (Vegetative),0.85,50.0,46.8,HEALTHY,0,0.0
2026-04-28 17:00:00,esp32-field-01,EXTENDED_DROUGHT_DEFICIT,16.14,2574,16.02,83.98,HEALTHY,35.94,29.9,0.0,1.13,6.32,0.2,0,Tomato (Vegetative),0.85,50.0,46.8,HEALTHY,0,0.0
2026-04-28 18:00:00,esp32-field-01,EXTENDED_DROUGHT_DEFICIT,16.14,2552,17.73,82.27,HEALTHY,34.5,42.3,0.0,1.12,6.23,12.2,0,Tomato (Vegetative),0.85,50.0,46.7,HEALTHY,0,0.0
2026-04-28 19:00:00,esp32-field-01,EXTENDED_DROUGHT_DEFICIT,16.14,2576,15.47,84.53,HEALTHY,33.92,37.4,0.0,0.48,6.48,8.1,0,Tomato (Vegetative),0.85,50.0,46.7,HEALTHY,0,0.0
2026-04-28 20:00:00,esp32-field-01,EXTENDED_DROUGHT_DEFICIT,16.13,2572,15.52,84.48,HEALTHY,30.22,45.1,0.0,0.92,5.3,2.3,0,Tomato (Vegetative),0.85,50.0,46.7,HEALTHY,0,0.0
2026-04-28 21:00:00,esp32-field-01,EXTENDED_DROUGHT_DEFICIT,16.13,2589,16.31,83.69,HEALTHY,28.57,50.7,0.0,0.46,4.76,4.4,0,Tomato (Vegetative),0.85,50.0,46.7,HEALTHY,0,0.0
2026-04-28 22:00:00,esp32-field-01,EXTENDED_DROUGHT_DEFICIT,16.13,2573,15.92,84.08,HEALTHY,26.96,55.8,0.0,1.34,4.8,0.2,0,Tomato (Vegetative),0.85,50.0,46.7,HEALTHY,0,0.0
2026-04-28 23:00:00,esp32-field-01,EXTENDED_DROUGHT_DEFICIT,16.12,2528,18.36,81.64,HEALTHY,25.49,56.2,0.0,0.49,4.79,8.8,0,Tomato (Vegetative),0.85,50.0,46.7,HEALTHY,0,0.0
2026-04-29 00:00:00,esp32-field-01,EXTENDED_DROUGHT_DEFICIT,16.12,2564,15.72,84.28,HEALTHY,24.64,62.7,0.0,7.47,4.22,0.1,0,Tomato (Vegetative),0.85,50.0,46.7,HEALTHY,0,0.0
2026-04-29 01:00:00,esp32-field-01,EXTENDED_DROUGHT_DEFICIT,16.12,2575,16.06,83.94,HEALTHY,25.03,63.6,0.0,4.45,4.65,1.1,0,Tomato (Vegetative),0.85,50.0,46.7,HEALTHY,0,0.0
2026-04-29 02:00:00,esp32-field-01,EXTENDED_DROUGHT_DEFICIT,16.11,2558,16.68,83.32,HEALTHY,24.35,63.7,0.0,5.46,4.44,3.0,0,Tomato (Vegetative),0.85,50.0,46.7,HEALTHY,0,0.0
2026-04-29 03:00:00,esp32-field-01,EXTENDED_DROUGHT_DEFICIT,16.11,2598,14.24,85.76,HEALTHY,23.7,64.6,0.0,1.67,4.13,0.7,0,Tomato (Vegetative),0.85,50.0,46.6,HEALTHY,0,0.0
2026-04-29 04:00:00,esp32-field-01,EXTENDED_DROUGHT_DEFICIT,16.11,2555,15.88,84.12,HEALTHY,25.24,57.1,0.0,0.18,4.58,2.0,0,Tomato (Vegetative),0.85,50.0,46.6,HEALTHY,0,0.0
2026-04-29 05:00:00,esp32-field-01,EXTENDED_DROUGHT_DEFICIT,16.11,2566,16.86,83.14,HEALTHY,24.63,58.6,0.0,1.1,4.41,3.5,0,Tomato (Vegetative),0.85,50.0,46.6,HEALTHY,0,0.0
2026-04-29 06:00:00,esp32-field-01,EXTENDED_DROUGHT_DEFICIT,16.1,2598,14.76,85.24,HEALTHY,28.65,56.7,0.0,0.3,5.03,1.4,0,Tomato (Vegetative),0.85,50.0,46.6,HEALTHY,0,0.0
2026-04-29 07:00:00,esp32-field-01,EXTENDED_DROUGHT_DEFICIT,16.09,2590,15.69,84.31,HEALTHY,29.0,49.5,0.0,2.89,5.08,6.7,0,Tomato (Vegetative),0.85,50.0,46.6,HEALTHY,0,0.0
2026-04-29 08:00:00,esp32-field-01,EXTENDED_DROUGHT_DEFICIT,16.07,2581,15.82,84.18,HEALTHY,31.15,49.8,0.0,2.56,5.28,5.2,0,Tomato (Vegetative),0.85,50.0,46.6,HEALTHY,0,0.0
2026-04-29 09:00:00,esp32-field-01,EXTENDED_DROUGHT_DEFICIT,16.03,2564,16.17,83.83,HEALTHY,32.33,37.6,0.0,2.37,5.58,1.7,0,Tomato (Vegetative),0.85,50.0,46.6,HEALTHY,0,0.0
2026-04-29 10:00:00,esp32-field-01,EXTENDED_DROUGHT_DEFICIT,15.99,2573,16.1,83.9,HEALTHY,34.31,36.4,0.0,2.41,6.24,5.1,0,Tomato (Vegetative),0.85,50.0,46.6,HEALTHY,0,0.0
2026-04-29 11:00:00,esp32-field-01,EXTENDED_DROUGHT_DEFICIT,15.94,2577,15.81,84.19,HEALTHY,36.54,33.9,0.0,3.38,5.98,2.0,0,Tomato (Vegetative),0.85,50.0,46.6,HEALTHY,0,0.0
2026-04-29 12:00:00,esp32-field-01,EXTENDED_DROUGHT_DEFICIT,15.87,2580,16.52,83.48,HEALTHY,37.56,27.8,0.0,3.94,7.21,2.0,0,Tomato (Vegetative),0.85,50.0,46.6,HEALTHY,0,0.0
2026-04-29 13:00:00,esp32-field-01,EXTENDED_DROUGHT_DEFICIT,15.82,2557,17.22,82.78,HEALTHY,37.7,31.8,0.0,0.68,6.8,0.2,0,Tomato (Vegetative),0.85,50.0,46.5,HEALTHY,0,0.0
2026-04-29 14:00:00,esp32-field-01,EXTENDED_DROUGHT_DEFICIT,15.77,2600,15.97,84.03,HEALTHY,38.53,28.8,0.0,2.28,6.86,0.2,0,Tomato (Vegetative),0.85,50.0,46.5,HEALTHY,0,0.0
2026-04-29 15:00:00,esp32-field-01,EXTENDED_DROUGHT_DEFICIT,15.73,2570,17.17,82.83,HEALTHY,37.71,24.7,0.0,0.17,6.9,2.3,0,Tomato (Vegetative),0.85,50.0,46.5,HEALTHY,0,0.0
2026-04-29 16:00:00,esp32-field-01,EXTENDED_DROUGHT_DEFICIT,15.7,2575,16.12,83.88,HEALTHY,37.69,28.7,0.0,0.94,6.62,2.7,0,Tomato (Vegetative),0.85,50.0,46.5,HEALTHY,0,0.0
2026-04-29 17:00:00,esp32-field-01,EXTENDED_DROUGHT_DEFICIT,15.69,2559,16.85,83.15,HEALTHY,35.81,29.5,0.0,4.11,6.25,14.2,0,Tomato (Vegetative),0.85,50.0,46.5,HEALTHY,0,0.0
2026-04-29 18:00:00,esp32-field-01,EXTENDED_DROUGHT_DEFICIT,15.69,2579,14.96,85.04,HEALTHY,33.43,38.0,0.0,0.46,6.05,4.6,0,Tomato (Vegetative),0.85,50.0,46.5,HEALTHY,0,0.0
2026-04-29 19:00:00,esp32-field-01,EXTENDED_DROUGHT_DEFICIT,15.69,2570,15.46,84.54,HEALTHY,33.39,38.4,0.0,1.69,5.89,2.6,0,Tomato (Vegetative),0.85,50.0,46.5,HEALTHY,0,0.0
2026-04-29 20:00:00,esp32-field-01,EXTENDED_DROUGHT_DEFICIT,15.68,2601,15.18,84.82,HEALTHY,31.93,42.9,0.0,0.63,5.74,6.6,0,Tomato (Vegetative),0.85,50.0,46.5,HEALTHY,0,0.0
2026-04-29 21:00:00,esp32-field-01,EXTENDED_DROUGHT_DEFICIT,15.68,2573,16.26,83.74,HEALTHY,29.88,49.5,0.0,0.08,5.16,2.0,0,Tomato (Vegetative),0.85,50.0,46.5,HEALTHY,0,0.0
2026-04-29 22:00:00,esp32-field-01,EXTENDED_DROUGHT_DEFICIT,15.68,2616,14.61,85.39,HEALTHY,27.17,56.0,0.0,0.74,4.98,3.3,0,Tomato (Vegetative),0.85,50.0,46.5,HEALTHY,0,0.0
2026-04-29 23:00:00,esp32-field-01,EXTENDED_DROUGHT_DEFICIT,15.67,2583,15.38,84.62,HEALTHY,25.94,60.8,0.0,0.05,5.0,1.9,0,Tomato (Vegetative),0.85,50.0,46.5,HEALTHY,0,0.0
2026-04-30 00:00:00,esp32-field-01,EXTENDED_DROUGHT_DEFICIT,15.67,2569,16.35,83.65,HEALTHY,25.06,59.7,0.0,1.1,4.74,2.7,0,Tomato (Vegetative),0.85,50.0,46.4,HEALTHY,0,0.0
2026-04-30 01:00:00,esp32-field-01,EXTENDED_DROUGHT_DEFICIT,15.67,2582,15.42,84.58,HEALTHY,24.4,59.0,0.0,3.34,4.28,1.9,0,Tomato (Vegetative),0.85,50.0,46.4,HEALTHY,0,0.0
2026-04-30 02:00:00,esp32-field-01,EXTENDED_DROUGHT_DEFICIT,15.67,2580,16.08,83.92,HEALTHY,23.64,65.8,0.0,1.38,4.01,2.4,0,Tomato (Vegetative),0.85,50.0,46.4,HEALTHY,0,0.0
2026-04-30 03:00:00,esp32-field-01,EXTENDED_DROUGHT_DEFICIT,15.66,2592,15.97,84.03,HEALTHY,24.22,65.4,0.0,6.82,4.46,2.4,0,Tomato (Vegetative),0.85,50.0,46.4,HEALTHY,0,0.0
2026-04-30 04:00:00,esp32-field-01,EXTENDED_DROUGHT_DEFICIT,15.66,2577,15.63,84.37,HEALTHY,24.93,62.6,0.0,0.13,4.49,2.0,0,Tomato (Vegetative),0.85,50.0,46.4,HEALTHY,0,0.0
2026-04-30 05:00:00,esp32-field-01,EXTENDED_DROUGHT_DEFICIT,15.66,2558,16.26,83.74,HEALTHY,26.19,58.7,0.0,1.06,4.78,4.4,0,Tomato (Vegetative),0.85,50.0,46.4,HEALTHY,0,0.0
2026-04-30 06:00:00,esp32-field-01,EXTENDED_DROUGHT_DEFICIT,15.66,2591,15.71,84.29,HEALTHY,27.39,54.9,0.0,1.88,4.87,1.4,0,Tomato (Vegetative),0.85,50.0,46.4,HEALTHY,0,0.0
2026-04-30 07:00:00,esp32-field-01,EXTENDED_DROUGHT_DEFICIT,15.65,2571,16.96,83.04,HEALTHY,27.88,50.8,0.0,0.5,5.13,1.1,0,Tomato (Vegetative),0.85,50.0,46.4,HEALTHY,0,0.0
2026-04-30 08:00:00,esp32-field-01,EXTENDED_DROUGHT_DEFICIT,15.62,2571,16.64,83.36,HEALTHY,30.4,49.3,0.0,0.44,5.67,0.1,0,Tomato (Vegetative),0.85,50.0,46.4,HEALTHY,0,0.0
2026-04-30 09:00:00,esp32-field-01,EXTENDED_DROUGHT_DEFICIT,15.59,2578,16.34,83.66,HEALTHY,32.24,39.9,0.0,0.68,5.23,2.7,0,Tomato (Vegetative),0.85,50.0,46.3,HEALTHY,0,0.0
2026-04-30 10:00:00,esp32-field-01,EXTENDED_DROUGHT_DEFICIT,15.55,2569,15.35,84.65,HEALTHY,33.9,34.2,0.0,2.67,5.87,2.3,0,Tomato (Vegetative),0.85,50.0,46.3,HEALTHY,0,0.0
2026-04-30 11:00:00,esp32-field-01,EXTENDED_DROUGHT_DEFICIT,15.51,2582,16.0,84.0,HEALTHY,35.8,32.5,0.0,0.3,6.42,6.4,0,Tomato (Vegetative),0.85,50.0,46.3,HEALTHY,0,0.0
2026-04-30 12:00:00,esp32-field-01,EXTENDED_DROUGHT_DEFICIT,15.46,2585,15.83,84.17,HEALTHY,36.94,31.0,0.0,2.17,6.35,3.7,0,Tomato (Vegetative),0.85,50.0,46.3,HEALTHY,0,0.0
2026-04-30 13:00:00,esp32-field-01,EXTENDED_DROUGHT_DEFICIT,15.41,2594,15.81,84.19,HEALTHY,38.41,27.6,0.0,0.69,7.01,0.4,0,Tomato (Vegetative),0.85,50.0,46.3,HEALTHY,0,0.0
2026-04-30 14:00:00,esp32-field-01,EXTENDED_DROUGHT_DEFICIT,15.36,2599,15.08,84.92,HEALTHY,38.09,30.3,0.0,0.99,6.57,4.4,0,Tomato (Vegetative),0.85,50.0,46.3,HEALTHY,0,0.0
2026-04-30 15:00:00,esp32-field-01,EXTENDED_DROUGHT_DEFICIT,15.33,2613,15.75,84.25,HEALTHY,37.32,29.6,0.0,0.02,6.94,2.7,0,Tomato (Vegetative),0.85,50.0,46.3,HEALTHY,0,0.0
2026-04-30 16:00:00,esp32-field-01,EXTENDED_DROUGHT_DEFICIT,15.3,2566,15.54,84.46,HEALTHY,37.64,28.6,0.0,0.81,6.51,0.6,0,Tomato (Vegetative),0.85,50.0,46.3,HEALTHY,0,0.0
2026-04-30 17:00:00,esp32-field-01,EXTENDED_DROUGHT_DEFICIT,15.29,2597,15.12,84.88,HEALTHY,35.63,34.4,0.0,2.65,6.49,0.5,0,Tomato (Vegetative),0.85,50.0,46.3,HEALTHY,0,0.0
2026-04-30 18:00:00,esp32-field-01,EXTENDED_DROUGHT_DEFICIT,15.29,2603,14.67,85.33,HEALTHY,33.22,38.2,0.0,0.83,5.62,0.3,0,Tomato (Vegetative),0.85,50.0,46.3,HEALTHY,0,0.0
2026-04-30 19:00:00,esp32-field-01,EXTENDED_DROUGHT_DEFICIT,15.29,2604,13.97,86.03,HEALTHY,34.43,41.1,0.0,0.34,5.87,8.0,0,Tomato (Vegetative),0.85,50.0,46.2,HEALTHY,0,0.0
2026-04-30 20:00:00,esp32-field-01,EXTENDED_DROUGHT_DEFICIT,15.29,2583,16.04,83.96,HEALTHY,31.2,49.7,0.0,0.02,5.56,4.1,0,Tomato (Vegetative),0.85,50.0,46.2,HEALTHY,0,0.0
2026-04-30 21:00:00,esp32-field-01,EXTENDED_DROUGHT_DEFICIT,15.28,2572,16.11,83.89,HEALTHY,28.82,52.1,0.0,0.16,5.45,16.2,0,Tomato (Vegetative),0.85,50.0,46.2,HEALTHY,0,0.0
2026-04-30 22:00:00,esp32-field-01,EXTENDED_DROUGHT_DEFICIT,15.28,2604,14.78,85.22,HEALTHY,26.86,55.0,0.0,0.63,4.87,2.4,0,Tomato (Vegetative),0.85,50.0,46.2,HEALTHY,0,0.0
2026-04-30 23:00:00,esp32-field-01,EXTENDED_DROUGHT_DEFICIT,15.28,2602,15.22,84.78,HEALTHY,25.21,56.9,0.0,0.29,3.85,3.0,0,Tomato (Vegetative),0.85,50.0,46.2,HEALTHY,0,0.0
2026-05-01 00:00:00,esp32-field-01,EXTENDED_DROUGHT_DEFICIT,15.28,2624,13.7,86.3,HEALTHY,24.72,60.2,0.0,0.42,4.21,9.5,0,Tomato (Vegetative),0.85,50.0,46.2,HEALTHY,0,0.0
2026-05-01 01:00:00,esp32-field-01,EXTENDED_DROUGHT_DEFICIT,15.28,2593,14.17,85.83,HEALTHY,24.01,61.0,0.0,0.33,4.38,13.6,0,Tomato (Vegetative),0.85,50.0,46.2,HEALTHY,0,0.0
2026-05-01 02:00:00,esp32-field-01,EXTENDED_DROUGHT_DEFICIT,15.27,2571,15.19,84.81,HEALTHY,23.5,64.3,0.0,1.77,4.02,0.6,0,Tomato (Vegetative),0.85,50.0,46.2,HEALTHY,0,0.0
2026-05-01 03:00:00,esp32-field-01,EXTENDED_DROUGHT_DEFICIT,15.27,2584,14.77,85.23,HEALTHY,23.78,65.8,0.0,1.4,4.33,2.6,0,Tomato (Vegetative),0.85,50.0,46.2,HEALTHY,0,0.0
2026-05-01 04:00:00,esp32-field-01,EXTENDED_DROUGHT_DEFICIT,15.27,2592,14.22,85.78,HEALTHY,26.01,56.2,0.0,0.92,4.62,3.5,0,Tomato (Vegetative),0.85,50.0,46.2,HEALTHY,0,0.0
2026-05-01 05:00:00,esp32-field-01,EXTENDED_DROUGHT_DEFICIT,15.27,2598,14.17,85.83,HEALTHY,27.35,56.2,0.0,0.56,4.9,4.3,0,Tomato (Vegetative),0.85,50.0,46.1,HEALTHY,0,0.0
2026-05-01 06:00:00,esp32-field-01,EXTENDED_DROUGHT_DEFICIT,15.26,2610,15.31,84.69,HEALTHY,27.0,54.5,0.0,0.5,4.52,5.3,0,Tomato (Vegetative),0.85,50.0,46.1,HEALTHY,0,0.0
2026-05-01 07:00:00,esp32-field-01,EXTENDED_DROUGHT_DEFICIT,15.26,2588,16.19,83.81,HEALTHY,28.81,52.3,0.0,1.89,4.53,4.5,0,Tomato (Vegetative),0.85,50.0,46.1,HEALTHY,0,0.0
2026-05-01 08:00:00,esp32-field-01,EXTENDED_DROUGHT_DEFICIT,15.24,2590,15.05,84.95,HEALTHY,30.79,44.8,0.0,1.27,5.43,0.3,0,Tomato (Vegetative),0.85,50.0,46.1,HEALTHY,0,0.0
2026-05-01 09:00:00,esp32-field-01,EXTENDED_DROUGHT_DEFICIT,15.21,2590,15.66,84.34,HEALTHY,33.68,41.7,0.0,0.67,5.75,2.3,0,Tomato (Vegetative),0.85,50.0,46.1,HEALTHY,0,0.0
2026-05-01 10:00:00,esp32-field-01,EXTENDED_DROUGHT_DEFICIT,15.17,2607,15.15,84.85,HEALTHY,33.97,34.0,0.0,1.41,5.78,5.7,0,Tomato (Vegetative),0.85,50.0,46.1,HEALTHY,0,0.0
2026-05-01 11:00:00,esp32-field-01,EXTENDED_DROUGHT_DEFICIT,15.13,2596,14.95,85.05,HEALTHY,34.88,36.1,0.0,0.21,6.95,6.4,0,Tomato (Vegetative),0.85,50.0,46.1,HEALTHY,0,0.0
2026-05-01 12:00:00,esp32-field-01,EXTENDED_DROUGHT_DEFICIT,15.09,2569,15.44,84.56,HEALTHY,36.91,27.7,0.0,0.73,6.06,14.6,0,Tomato (Vegetative),0.85,50.0,46.1,HEALTHY,0,0.0
2026-05-01 13:00:00,esp32-field-01,EXTENDED_DROUGHT_DEFICIT,15.04,2593,15.92,84.08,HEALTHY,37.74,28.5,0.0,1.31,6.83,2.9,0,Tomato (Vegetative),0.85,50.0,46.1,HEALTHY,0,0.0
2026-05-01 14:00:00,esp32-field-01,EXTENDED_DROUGHT_DEFICIT,15.0,2584,15.06,84.94,HEALTHY,38.43,25.4,0.0,2.81,6.66,1.4,0,Tomato (Vegetative),0.85,50.0,46.1,HEALTHY,0,0.0
2026-05-01 15:00:00,esp32-field-01,EXTENDED_DROUGHT_DEFICIT,14.97,2590,14.75,85.25,HEALTHY,37.96,31.0,0.0,3.43,6.78,0.5,0,Tomato (Vegetative),0.85,50.0,46.0,HEALTHY,0,0.0
2026-05-01 16:00:00,esp32-field-01,EXTENDED_DROUGHT_DEFICIT,14.95,2574,16.53,83.47,HEALTHY,37.98,28.0,0.0,3.21,6.72,4.3,0,Tomato (Vegetative),0.85,50.0,46.0,HEALTHY,0,0.0
2026-05-01 17:00:00,esp32-field-01,EXTENDED_DROUGHT_DEFICIT,14.94,2607,13.79,86.21,HEALTHY,35.36,28.3,0.0,0.07,6.43,6.7,0,Tomato (Vegetative),0.85,50.0,46.0,HEALTHY,0,0.0
2026-05-01 18:00:00,esp32-field-01,EXTENDED_DROUGHT_DEFICIT,14.94,2571,14.92,85.08,HEALTHY,35.44,37.3,0.0,0.65,6.54,0.9,0,Tomato (Vegetative),0.85,50.0,46.0,HEALTHY,0,0.0
2026-05-01 19:00:00,esp32-field-01,EXTENDED_DROUGHT_DEFICIT,14.94,2614,14.94,85.06,HEALTHY,31.66,37.9,0.0,0.49,5.49,2.8,0,Tomato (Vegetative),0.85,50.0,46.0,HEALTHY,0,0.0
2026-05-01 20:00:00,esp32-field-01,EXTENDED_DROUGHT_DEFICIT,14.93,2568,15.38,84.62,HEALTHY,32.35,45.1,0.0,0.53,5.82,0.4,0,Tomato (Vegetative),0.85,50.0,46.0,HEALTHY,0,0.0
2026-05-01 21:00:00,esp32-field-01,EXTENDED_DROUGHT_DEFICIT,14.93,2587,14.68,85.32,HEALTHY,30.16,52.1,0.0,1.95,5.37,1.9,0,Tomato (Vegetative),0.85,50.0,46.0,HEALTHY,0,0.0
2026-05-01 22:00:00,esp32-field-01,EXTENDED_DROUGHT_DEFICIT,14.93,2608,14.73,85.27,HEALTHY,28.25,50.4,0.0,3.85,4.95,1.3,0,Tomato (Vegetative),0.85,50.0,46.0,HEALTHY,0,0.0
2026-05-01 23:00:00,esp32-field-01,EXTENDED_DROUGHT_DEFICIT,14.93,2593,14.97,85.03,HEALTHY,25.54,59.2,0.0,0.5,4.28,0.2,0,Tomato (Vegetative),0.85,50.0,46.0,HEALTHY,0,0.0
2026-05-02 00:00:00,esp32-field-01,EXTENDED_DROUGHT_DEFICIT,14.93,2616,14.17,85.83,HEALTHY,23.77,61.2,0.0,2.12,3.92,0.5,0,Tomato (Vegetative),0.85,50.0,46.0,HEALTHY,0,0.0
2026-05-02 01:00:00,esp32-field-01,EXTENDED_DROUGHT_DEFICIT,14.92,2600,14.92,85.08,HEALTHY,25.36,59.5,0.0,1.94,4.34,2.4,0,Tomato (Vegetative),0.85,50.0,46.0,HEALTHY,0,0.0
2026-05-02 02:00:00,esp32-field-01,EXTENDED_DROUGHT_DEFICIT,14.92,2593,15.13,84.87,HEALTHY,23.55,63.6,0.0,2.54,4.5,0.7,0,Tomato (Vegetative),0.85,50.0,45.9,HEALTHY,0,0.0
2026-05-02 03:00:00,esp32-field-01,EXTENDED_DROUGHT_DEFICIT,14.92,2576,15.54,84.46,HEALTHY,24.93,65.7,0.0,1.07,4.76,2.4,0,Tomato (Vegetative),0.85,50.0,45.9,HEALTHY,0,0.0
2026-05-02 04:00:00,esp32-field-01,EXTENDED_DROUGHT_DEFICIT,14.92,2619,14.0,86.0,HEALTHY,23.59,57.2,0.0,0.56,3.93,0.2,0,Tomato (Vegetative),0.85,50.0,45.9,HEALTHY,0,0.0
2026-05-02 05:00:00,esp32-field-01,EXTENDED_DROUGHT_DEFICIT,14.92,2618,14.38,85.62,HEALTHY,26.64,56.2,0.0,2.4,4.42,0.4,0,Tomato (Vegetative),0.85,50.0,45.9,HEALTHY,0,0.0
2026-05-02 06:00:00,esp32-field-01,EXTENDED_DROUGHT_DEFICIT,14.91,2596,15.16,84.84,HEALTHY,28.01,53.7,0.0,1.86,5.29,0.8,0,Tomato (Vegetative),0.85,50.0,45.9,HEALTHY,0,0.0
2026-05-02 07:00:00,esp32-field-01,EXTENDED_DROUGHT_DEFICIT,14.9,2587,15.76,84.24,HEALTHY,28.52,51.0,0.0,0.22,5.19,6.0,0,Tomato (Vegetative),0.85,50.0,45.9,HEALTHY,0,0.0
2026-05-02 08:00:00,esp32-field-01,EXTENDED_DROUGHT_DEFICIT,14.89,2615,14.87,85.13,HEALTHY,32.08,47.6,0.0,0.54,5.63,1.0,0,Tomato (Vegetative),0.85,50.0,45.9,HEALTHY,0,0.0
2026-05-02 09:00:00,esp32-field-01,EXTENDED_DROUGHT_DEFICIT,14.86,2619,13.88,86.12,HEALTHY,33.06,41.3,0.0,2.72,5.91,6.1,0,Tomato (Vegetative),0.85,50.0,45.9,HEALTHY,0,0.0
2026-05-02 10:00:00,esp32-field-01,EXTENDED_DROUGHT_DEFICIT,14.83,2607,15.09,84.91,HEALTHY,35.05,32.1,0.0,0.9,5.84,8.9,0,Tomato (Vegetative),0.85,50.0,45.9,HEALTHY,0,0.0
2026-05-02 11:00:00,esp32-field-01,EXTENDED_DROUGHT_DEFICIT,14.79,2607,15.05,84.95,HEALTHY,36.62,28.5,0.0,3.63,6.68,0.6,0,Tomato (Vegetative),0.85,50.0,45.8,HEALTHY,0,0.0
2026-05-02 12:00:00,esp32-field-01,EXTENDED_DROUGHT_DEFICIT,14.75,2584,14.48,85.52,HEALTHY,37.75,32.3,0.0,2.5,6.95,1.3,0,Tomato (Vegetative),0.85,50.0,45.8,HEALTHY,0,0.0
2026-05-02 13:00:00,esp32-field-01,EXTENDED_DROUGHT_DEFICIT,14.71,2596,15.25,84.75,HEALTHY,38.35,29.4,0.0,1.36,6.53,0.3,0,Tomato (Vegetative),0.85,50.0,45.8,HEALTHY,0,0.0
2026-05-02 14:00:00,esp32-field-01,EXTENDED_DROUGHT_DEFICIT,14.68,2611,14.04,85.96,HEALTHY,37.38,25.2,0.0,4.48,6.62,1.4,0,Tomato (Vegetative),0.85,50.0,45.8,HEALTHY,0,0.0
2026-05-02 15:00:00,esp32-field-01,EXTENDED_DROUGHT_DEFICIT,14.65,2614,14.37,85.63,HEALTHY,37.37,29.2,0.0,1.69,7.04,0.1,0,Tomato (Vegetative),0.85,50.0,45.8,HEALTHY,0,0.0
2026-05-02 16:00:00,esp32-field-01,EXTENDED_DROUGHT_DEFICIT,14.63,2576,15.6,84.4,HEALTHY,37.4,32.4,0.0,0.59,6.1,3.1,0,Tomato (Vegetative),0.85,50.0,45.8,HEALTHY,0,0.0
2026-05-02 17:00:00,esp32-field-01,EXTENDED_DROUGHT_DEFICIT,14.62,2625,14.15,85.85,HEALTHY,35.19,28.7,0.0,1.81,6.13,1.0,0,Tomato (Vegetative),0.85,50.0,45.8,HEALTHY,0,0.0
2026-05-02 18:00:00,esp32-field-01,EXTENDED_DROUGHT_DEFICIT,14.62,2577,16.32,83.68,HEALTHY,34.61,33.5,0.0,0.05,6.12,0.8,0,Tomato (Vegetative),0.85,50.0,45.8,HEALTHY,0,0.0
2026-05-02 19:00:00,esp32-field-01,EXTENDED_DROUGHT_DEFICIT,14.62,2614,13.61,86.39,HEALTHY,33.24,40.4,0.0,0.18,6.2,4.0,0,Tomato (Vegetative),0.85,50.0,45.8,HEALTHY,0,0.0
2026-05-02 20:00:00,esp32-field-01,EXTENDED_DROUGHT_DEFICIT,14.62,2589,14.14,85.86,HEALTHY,31.42,41.8,0.0,0.4,5.7,1.6,0,Tomato (Vegetative),0.85,50.0,45.8,HEALTHY,0,0.0
2026-05-02 21:00:00,esp32-field-01,EXTENDED_DROUGHT_DEFICIT,14.61,2615,13.74,86.26,HEALTHY,30.19,47.7,0.0,2.82,5.46,4.9,0,Tomato (Vegetative),0.85,50.0,45.8,HEALTHY,0,0.0
2026-05-02 22:00:00,esp32-field-01,EXTENDED_DROUGHT_DEFICIT,14.61,2612,14.12,85.88,HEALTHY,27.43,51.7,0.0,2.19,5.1,4.4,0,Tomato (Vegetative),0.85,50.0,45.7,HEALTHY,0,0.0
2026-05-02 23:00:00,esp32-field-01,EXTENDED_DROUGHT_DEFICIT,14.61,2581,16.36,83.64,HEALTHY,25.82,57.2,0.0,0.91,4.76,6.7,0,Tomato (Vegetative),0.85,50.0,45.7,HEALTHY,0,0.0
2026-05-03 00:00:00,esp32-field-01,EXTENDED_DROUGHT_DEFICIT,14.61,2593,14.75,85.25,HEALTHY,24.42,63.4,0.0,0.36,4.3,3.4,0,Tomato (Vegetative),0.85,50.0,45.7,HEALTHY,0,0.0
2026-05-03 01:00:00,esp32-field-01,EXTENDED_DROUGHT_DEFICIT,14.61,2586,15.45,84.55,HEALTHY,23.69,63.5,0.0,1.5,4.1,2.0,0,Tomato (Vegetative),0.85,50.0,45.7,HEALTHY,0,0.0
2026-05-03 02:00:00,esp32-field-01,EXTENDED_DROUGHT_DEFICIT,14.6,2574,15.22,84.78,HEALTHY,24.37,62.0,0.0,1.01,4.57,0.1,0,Tomato (Vegetative),0.85,50.0,45.7,HEALTHY,0,0.0
2026-05-03 03:00:00,esp32-field-01,EXTENDED_DROUGHT_DEFICIT,14.6,2584,14.95,85.05,HEALTHY,24.84,64.9,0.0,0.04,4.29,0.5,0,Tomato (Vegetative),0.85,50.0,45.7,HEALTHY,0,0.0
2026-05-03 04:00:00,esp32-field-01,EXTENDED_DROUGHT_DEFICIT,14.6,2609,13.84,86.16,HEALTHY,25.34,58.5,0.0,3.31,4.68,2.1,0,Tomato (Vegetative),0.85,50.0,45.7,HEALTHY,0,0.0
2026-05-03 05:00:00,esp32-field-01,EXTENDED_DROUGHT_DEFICIT,14.6,2565,15.45,84.55,HEALTHY,26.12,63.1,0.0,0.1,4.75,2.4,0,Tomato (Vegetative),0.85,50.0,45.7,HEALTHY,0,0.0
2026-05-03 06:00:00,esp32-field-01,EXTENDED_DROUGHT_DEFICIT,14.6,2603,14.58,85.42,HEALTHY,28.44,55.3,0.0,0.79,4.97,7.0,0,Tomato (Vegetative),0.85,50.0,45.7,HEALTHY,0,0.0
2026-05-03 07:00:00,esp32-field-01,EXTENDED_DROUGHT_DEFICIT,14.59,2594,15.1,84.9,HEALTHY,28.74,48.7,0.0,1.82,5.22,1.1,0,Tomato (Vegetative),0.85,50.0,45.6,HEALTHY,0,0.0
2026-05-03 08:00:00,esp32-field-01,EXTENDED_DROUGHT_DEFICIT,14.57,2601,14.89,85.11,HEALTHY,31.78,46.2,0.0,0.54,5.61,2.2,0,Tomato (Vegetative),0.85,50.0,45.6,HEALTHY,0,0.0
2026-05-03 09:00:00,esp32-field-01,EXTENDED_DROUGHT_DEFICIT,14.55,2614,13.46,86.54,HEALTHY,32.54,44.7,0.0,3.11,5.96,2.4,0,Tomato (Vegetative),0.85,50.0,45.6,HEALTHY,0,0.0
2026-05-03 10:00:00,esp32-field-01,EXTENDED_DROUGHT_DEFICIT,14.52,2631,14.0,86.0,HEALTHY,34.35,31.6,0.0,0.49,6.6,0.3,0,Tomato (Vegetative),0.85,50.0,45.6,HEALTHY,0,0.0
2026-05-03 11:00:00,esp32-field-01,EXTENDED_DROUGHT_DEFICIT,14.49,2623,14.22,85.78,HEALTHY,35.24,29.1,0.0,0.02,5.76,6.3,0,Tomato (Vegetative),0.85,50.0,45.6,HEALTHY,0,0.0
2026-05-03 12:00:00,esp32-field-01,EXTENDED_DROUGHT_DEFICIT,14.45,2604,14.47,85.53,HEALTHY,37.82,26.9,0.0,2.35,6.59,1.8,0,Tomato (Vegetative),0.85,50.0,45.6,HEALTHY,0,0.0
2026-05-03 13:00:00,esp32-field-01,EXTENDED_DROUGHT_DEFICIT,14.42,2601,13.95,86.05,HEALTHY,37.51,27.8,0.0,1.07,7.05,4.3,0,Tomato (Vegetative),0.85,50.0,45.6,HEALTHY,0,0.0
2026-05-03 14:00:00,esp32-field-01,EXTENDED_DROUGHT_DEFICIT,14.39,2634,13.31,86.69,HEALTHY,37.55,27.3,0.0,1.29,6.54,6.3,0,Tomato (Vegetative),0.85,50.0,45.6,HEALTHY,0,0.0
2026-05-03 15:00:00,esp32-field-01,EXTENDED_DROUGHT_DEFICIT,14.36,2604,13.98,86.02,HEALTHY,38.46,31.1,0.0,0.04,6.74,1.1,0,Tomato (Vegetative),0.85,50.0,45.6,HEALTHY,0,0.0
2026-05-03 16:00:00,esp32-field-01,EXTENDED_DROUGHT_DEFICIT,14.34,2614,14.75,85.25,HEALTHY,38.02,24.6,0.0,0.1,6.74,0.9,0,Tomato (Vegetative),0.85,50.0,45.6,HEALTHY,0,0.0
2026-05-03 17:00:00,esp32-field-01,EXTENDED_DROUGHT_DEFICIT,14.33,2587,13.83,86.17,HEALTHY,36.19,32.6,0.0,1.59,6.77,7.2,0,Tomato (Vegetative),0.85,50.0,45.5,HEALTHY,0,0.0
2026-05-03 18:00:00,esp32-field-01,EXTENDED_DROUGHT_DEFICIT,14.33,2638,12.92,87.08,HEALTHY,34.17,36.5,0.0,2.86,5.91,1.4,0,Tomato (Vegetative),0.85,50.0,45.5,HEALTHY,0,0.0
2026-05-03 19:00:00,esp32-field-01,EXTENDED_DROUGHT_DEFICIT,14.33,2589,15.14,84.86,HEALTHY,32.15,35.7,0.0,4.31,6.08,4.3,0,Tomato (Vegetative),0.85,50.0,45.5,HEALTHY,0,0.0
2026-05-03 20:00:00,esp32-field-01,EXTENDED_DROUGHT_DEFICIT,14.33,2626,14.86,85.14,HEALTHY,31.75,47.0,0.0,1.17,5.21,3.6,0,Tomato (Vegetative),0.85,50.0,45.5,HEALTHY,0,0.0
2026-05-03 21:00:00,esp32-field-01,EXTENDED_DROUGHT_DEFICIT,14.33,2602,14.5,85.5,HEALTHY,29.57,51.1,0.0,0.05,4.73,0.1,0,Tomato (Vegetative),0.85,50.0,45.5,HEALTHY,0,0.0
2026-05-03 22:00:00,esp32-field-01,EXTENDED_DROUGHT_DEFICIT,14.33,2595,14.91,85.09,HEALTHY,26.69,53.9,0.0,1.42,4.86,1.1,0,Tomato (Vegetative),0.85,50.0,45.5,HEALTHY,0,0.0
2026-05-03 23:00:00,esp32-field-01,EXTENDED_DROUGHT_DEFICIT,14.33,2598,14.59,85.41,HEALTHY,25.33,56.4,0.0,0.14,4.51,3.4,0,Tomato (Vegetative),0.85,50.0,45.5,HEALTHY,0,0.0
2026-05-04 00:00:00,esp32-field-01,EXTENDED_DROUGHT_DEFICIT,14.32,2597,14.93,85.07,HEALTHY,24.81,65.1,0.0,0.68,4.46,3.6,0,Tomato (Vegetative),0.85,50.0,45.5,HEALTHY,0,0.0
2026-05-04 01:00:00,esp32-field-01,EXTENDED_DROUGHT_DEFICIT,14.32,2611,13.61,86.39,HEALTHY,24.33,57.7,0.0,1.05,4.06,6.6,0,Tomato (Vegetative),0.85,50.0,45.5,HEALTHY,0,0.0
2026-05-04 02:00:00,esp32-field-01,EXTENDED_DROUGHT_DEFICIT,14.32,2626,13.46,86.54,HEALTHY,24.39,62.1,0.0,2.74,4.9,4.0,0,Tomato (Vegetative),0.85,50.0,45.5,HEALTHY,0,0.0
2026-05-04 03:00:00,esp32-field-01,EXTENDED_DROUGHT_DEFICIT,14.32,2603,14.44,85.56,HEALTHY,24.59,64.0,0.0,0.24,4.6,3.8,0,Tomato (Vegetative),0.85,50.0,45.5,HEALTHY,0,0.0
2026-05-04 04:00:00,esp32-field-01,EXTENDED_DROUGHT_DEFICIT,14.32,2612,14.42,85.58,HEALTHY,25.36,56.8,0.0,0.25,4.59,4.3,0,Tomato (Vegetative),0.85,50.0,45.4,HEALTHY,0,0.0
2026-05-04 05:00:00,esp32-field-01,EXTENDED_DROUGHT_DEFICIT,14.32,2632,12.66,87.34,HEALTHY,26.41,54.1,0.0,1.8,4.79,4.7,0,Tomato (Vegetative),0.85,50.0,45.4,HEALTHY,0,0.0
2026-05-04 06:00:00,esp32-field-01,EXTENDED_DROUGHT_DEFICIT,14.31,2591,14.62,85.38,HEALTHY,27.66,52.2,0.0,0.76,5.17,4.1,0,Tomato (Vegetative),0.85,50.0,45.4,HEALTHY,0,0.0
2026-05-04 07:00:00,esp32-field-01,EXTENDED_DROUGHT_DEFICIT,14.31,2614,14.14,85.86,HEALTHY,29.21,48.9,0.0,1.94,4.76,0.6,0,Tomato (Vegetative),0.85,50.0,45.4,HEALTHY,0,0.0
2026-05-04 08:00:00,esp32-field-01,EXTENDED_DROUGHT_DEFICIT,14.29,2608,14.71,85.29,HEALTHY,31.02,45.0,0.0,1.41,5.65,0.5,0,Tomato (Vegetative),0.85,50.0,45.4,HEALTHY,0,0.0
2026-05-04 09:00:00,esp32-field-01,EXTENDED_DROUGHT_DEFICIT,14.27,2600,13.75,86.25,HEALTHY,33.07,41.1,0.0,0.38,6.05,0.9,0,Tomato (Vegetative),0.85,50.0,45.4,HEALTHY,0,0.0
2026-05-04 10:00:00,esp32-field-01,EXTENDED_DROUGHT_DEFICIT,14.25,2589,15.76,84.24,HEALTHY,33.3,30.4,0.0,4.01,5.98,4.9,0,Tomato (Vegetative),0.85,50.0,45.4,HEALTHY,0,0.0
2026-05-04 11:00:00,esp32-field-01,EXTENDED_DROUGHT_DEFICIT,14.22,2624,14.03,85.97,HEALTHY,35.38,34.6,0.0,3.02,5.82,0.9,0,Tomato (Vegetative),0.85,50.0,45.4,HEALTHY,0,0.0
2026-05-04 12:00:00,esp32-field-01,EXTENDED_DROUGHT_DEFICIT,14.19,2637,12.94,87.06,HEALTHY,36.49,24.8,0.0,1.19,6.85,1.6,0,Tomato (Vegetative),0.85,50.0,45.4,HEALTHY,0,0.0
2026-05-04 13:00:00,esp32-field-01,EXTENDED_DROUGHT_DEFICIT,14.16,2638,12.67,87.33,HEALTHY,37.27,29.5,0.0,1.94,6.35,4.8,0,Tomato (Vegetative),0.85,50.0,45.3,HEALTHY,0,0.0
2026-05-04 14:00:00,esp32-field-01,EXTENDED_DROUGHT_DEFICIT,14.13,2624,13.51,86.49,HEALTHY,38.14,31.2,0.0,2.21,6.96,6.1,0,Tomato (Vegetative),0.85,50.0,45.3,HEALTHY,0,0.0
2026-05-04 15:00:00,esp32-field-01,EXTENDED_DROUGHT_DEFICIT,14.11,2591,14.52,85.48,HEALTHY,38.56,26.8,0.0,0.17,6.94,1.5,0,Tomato (Vegetative),0.85,50.0,45.3,HEALTHY,0,0.0
2026-05-04 16:00:00,esp32-field-01,EXTENDED_DROUGHT_DEFICIT,14.09,2610,14.7,85.3,HEALTHY,37.03,28.4,0.0,3.71,6.42,1.9,0,Tomato (Vegetative),0.85,50.0,45.3,HEALTHY,0,0.0
2026-05-04 17:00:00,esp32-field-01,EXTENDED_DROUGHT_DEFICIT,14.08,2656,13.33,86.67,HEALTHY,35.93,32.4,0.0,2.52,6.55,2.2,0,Tomato (Vegetative),0.85,50.0,45.3,HEALTHY,0,0.0
2026-05-04 18:00:00,esp32-field-01,EXTENDED_DROUGHT_DEFICIT,14.08,2613,13.41,86.59,HEALTHY,33.58,34.2,0.0,1.08,5.92,2.6,0,Tomato (Vegetative),0.85,50.0,45.3,HEALTHY,0,0.0
2026-05-04 19:00:00,esp32-field-01,EXTENDED_DROUGHT_DEFICIT,14.08,2601,15.15,84.85,HEALTHY,33.15,38.0,0.0,2.32,6.27,0.8,0,Tomato (Vegetative),0.85,50.0,45.3,HEALTHY,0,0.0
2026-05-04 20:00:00,esp32-field-01,EXTENDED_DROUGHT_DEFICIT,14.08,2616,14.31,85.69,HEALTHY,31.26,49.2,0.0,10.65,5.63,13.7,0,Tomato (Vegetative),0.85,50.0,45.3,HEALTHY,0,0.0
2026-05-04 21:00:00,esp32-field-01,EXTENDED_DROUGHT_DEFICIT,14.08,2624,13.82,86.18,HEALTHY,28.47,51.5,0.0,0.68,5.09,3.2,0,Tomato (Vegetative),0.85,50.0,45.3,HEALTHY,0,0.0
2026-05-04 22:00:00,esp32-field-01,EXTENDED_DROUGHT_DEFICIT,14.08,2601,13.39,86.61,HEALTHY,27.51,60.2,0.0,0.16,4.91,1.5,0,Tomato (Vegetative),0.85,50.0,45.3,HEALTHY,0,0.0
2026-05-04 23:00:00,esp32-field-01,EXTENDED_DROUGHT_DEFICIT,14.07,2611,14.63,85.37,HEALTHY,24.71,58.1,0.0,1.02,4.44,1.4,0,Tomato (Vegetative),0.85,50.0,45.2,HEALTHY,0,0.0
2026-05-05 00:00:00,esp32-field-01,EXTENDED_DROUGHT_DEFICIT,14.07,2609,13.64,86.36,HEALTHY,26.18,62.0,0.0,1.92,4.7,6.6,0,Tomato (Vegetative),0.85,50.0,45.2,HEALTHY,0,0.0
2026-05-05 01:00:00,esp32-field-01,EXTENDED_DROUGHT_DEFICIT,14.07,2595,14.85,85.15,HEALTHY,24.44,60.9,0.0,0.43,4.17,13.5,0,Tomato (Vegetative),0.85,50.0,45.2,HEALTHY,0,0.0
2026-05-05 02:00:00,esp32-field-01,EXTENDED_DROUGHT_DEFICIT,14.07,2621,13.64,86.36,HEALTHY,23.65,62.3,0.0,0.03,4.56,1.7,0,Tomato (Vegetative),0.85,50.0,45.2,HEALTHY,0,0.0
2026-05-05 03:00:00,esp32-field-01,EXTENDED_DROUGHT_DEFICIT,14.07,0,0.0,0.0,FAULT,23.47,61.9,0.0,0.02,4.23,0.2,0,Tomato (Vegetative),0.85,50.0,45.2,HEALTHY,0,0.0
2026-05-05 04:00:00,esp32-field-01,EXTENDED_DROUGHT_DEFICIT,14.07,2622,13.37,86.63,HEALTHY,23.68,55.3,0.0,0.99,4.06,2.3,0,Tomato (Vegetative),0.85,50.0,45.2,HEALTHY,0,0.0
2026-05-05 05:00:00,esp32-field-01,EXTENDED_DROUGHT_DEFICIT,14.07,2601,14.82,85.18,HEALTHY,26.98,57.2,0.0,2.15,4.65,7.3,0,Tomato (Vegetative),0.85,50.0,45.2,HEALTHY,0,0.0
2026-05-05 06:00:00,esp32-field-01,EXTENDED_DROUGHT_DEFICIT,14.06,2620,13.64,86.36,HEALTHY,27.06,53.8,0.0,3.36,4.68,10.0,0,Tomato (Vegetative),0.85,50.0,45.2,HEALTHY,0,0.0
2026-05-05 07:00:00,esp32-field-01,EXTENDED_DROUGHT_DEFICIT,14.06,2650,13.09,86.91,HEALTHY,28.95,43.8,0.0,4.13,5.21,8.8,0,Tomato (Vegetative),0.85,50.0,45.2,HEALTHY,0,0.0
2026-05-05 08:00:00,esp32-field-01,EXTENDED_DROUGHT_DEFICIT,14.05,2620,13.89,86.11,HEALTHY,31.62,45.7,0.0,1.27,5.56,0.6,0,Tomato (Vegetative),0.85,50.0,45.2,HEALTHY,0,0.0
2026-05-05 09:00:00,esp32-field-01,EXTENDED_DROUGHT_DEFICIT,14.03,2618,13.58,86.42,HEALTHY,32.77,42.2,0.0,0.77,5.42,5.6,0,Tomato (Vegetative),0.85,50.0,45.1,HEALTHY,0,0.0
2026-05-05 10:00:00,esp32-field-01,EXTENDED_DROUGHT_DEFICIT,14.01,2623,13.09,86.91,HEALTHY,34.17,35.5,0.0,0.07,5.8,9.5,0,Tomato (Vegetative),0.85,50.0,45.1,HEALTHY,0,0.0
2026-05-05 11:00:00,esp32-field-01,EXTENDED_DROUGHT_DEFICIT,13.98,2613,14.22,85.78,HEALTHY,36.01,30.6,0.0,0.36,6.24,3.9,0,Tomato (Vegetative),0.85,50.0,45.1,HEALTHY,0,0.0
2026-05-05 12:00:00,esp32-field-01,EXTENDED_DROUGHT_DEFICIT,14.0,2641,12.71,87.29,HEALTHY,37.03,33.4,0.0,0.49,6.74,19.4,0,Tomato (Vegetative),0.85,50.0,45.1,HEALTHY,1,20.0
2026-05-05 13:00:00,esp32-field-01,EXTENDED_DROUGHT_DEFICIT,14.01,2576,15.66,84.34,HEALTHY,36.41,30.3,0.0,0.87,6.82,0.4,0,Tomato (Vegetative),0.85,50.0,45.1,HEALTHY,1,20.0
2026-05-05 14:00:00,esp32-field-01,EXTENDED_DROUGHT_DEFICIT,13.99,2613,14.4,85.6,HEALTHY,38.68,30.3,0.0,3.01,6.86,0.3,0,Tomato (Vegetative),0.85,50.0,45.1,HEALTHY,0,0.0
2026-05-05 15:00:00,esp32-field-01,EXTENDED_DROUGHT_DEFICIT,14.01,2631,14.29,85.71,HEALTHY,37.67,32.1,0.0,2.94,6.82,1.8,0,Tomato (Vegetative),0.85,50.0,45.1,HEALTHY,1,20.0
2026-05-05 16:00:00,esp32-field-01,EXTENDED_DROUGHT_DEFICIT,14.0,2604,14.83,85.17,HEALTHY,37.52,27.6,0.0,2.01,6.64,5.8,0,Tomato (Vegetative),0.85,50.0,45.1,HEALTHY,0,0.0
2026-05-05 17:00:00,esp32-field-01,EXTENDED_DROUGHT_DEFICIT,14.03,2602,15.39,84.61,HEALTHY,34.36,33.5,0.0,0.84,6.31,1.3,0,Tomato (Vegetative),0.85,50.0,45.1,HEALTHY,1,20.0
2026-05-05 18:00:00,esp32-field-01,EXTENDED_DROUGHT_DEFICIT,14.03,2570,14.98,85.02,HEALTHY,34.64,35.4,0.0,0.38,6.02,0.0,0,Tomato (Vegetative),0.85,50.0,45.1,HEALTHY,0,0.0
2026-05-05 19:00:00,esp32-field-01,EXTENDED_DROUGHT_DEFICIT,14.03,2604,14.92,85.08,HEALTHY,32.91,39.2,0.0,9.64,5.59,1.8,0,Tomato (Vegetative),0.85,50.0,45.0,HEALTHY,0,0.0
2026-05-05 20:00:00,esp32-field-01,EXTENDED_DROUGHT_DEFICIT,14.03,2614,13.2,86.8,HEALTHY,30.66,46.1,0.0,2.44,5.42,1.6,0,Tomato (Vegetative),0.85,50.0,45.0,HEALTHY,0,0.0
2026-05-05 21:00:00,esp32-field-01,EXTENDED_DROUGHT_DEFICIT,14.03,2612,15.41,84.59,HEALTHY,28.49,48.8,0.0,1.86,4.84,1.6,0,Tomato (Vegetative),0.85,50.0,45.0,HEALTHY,0,0.0
2026-05-05 22:00:00,esp32-field-01,EXTENDED_DROUGHT_DEFICIT,14.03,2600,14.86,85.14,HEALTHY,27.59,50.5,0.0,0.06,5.09,0.7,0,Tomato (Vegetative),0.85,50.0,45.0,HEALTHY,0,0.0
2026-05-05 23:00:00,esp32-field-01,EXTENDED_DROUGHT_DEFICIT,14.03,2603,14.42,85.58,HEALTHY,25.92,53.9,0.0,2.56,4.35,2.2,0,Tomato (Vegetative),0.85,50.0,45.0,HEALTHY,0,0.0
2026-05-06 00:00:00,esp32-field-01,EXTENDED_DROUGHT_DEFICIT,14.03,2641,12.02,87.98,HEALTHY,24.74,59.3,0.0,0.51,4.26,9.2,0,Tomato (Vegetative),0.85,50.0,45.0,HEALTHY,0,0.0
2026-05-06 01:00:00,esp32-field-01,EXTENDED_DROUGHT_DEFICIT,14.02,2600,15.22,84.78,HEALTHY,24.32,60.0,0.0,1.39,4.09,1.3,0,Tomato (Vegetative),0.85,50.0,45.0,HEALTHY,0,0.0
2026-05-06 02:00:00,esp32-field-01,EXTENDED_DROUGHT_DEFICIT,14.02,2631,12.95,87.05,HEALTHY,24.4,63.6,0.0,1.52,4.39,3.7,0,Tomato (Vegetative),0.85,50.0,45.0,HEALTHY,0,0.0
2026-05-06 03:00:00,esp32-field-01,EXTENDED_DROUGHT_DEFICIT,14.02,2595,14.81,85.19,HEALTHY,23.37,61.8,0.0,0.09,4.61,0.1,0,Tomato (Vegetative),0.85,50.0,45.0,HEALTHY,0,0.0
2026-05-06 04:00:00,esp32-field-01,EXTENDED_DROUGHT_DEFICIT,14.02,2639,11.66,88.34,HEALTHY,24.87,57.5,0.0,0.39,4.54,4.8,0,Tomato (Vegetative),0.85,50.0,45.0,HEALTHY,0,0.0
2026-05-06 05:00:00,esp32-field-01,EXTENDED_DROUGHT_DEFICIT,14.02,2595,13.94,86.06,HEALTHY,24.94,52.7,0.0,1.44,4.71,0.3,0,Tomato (Vegetative),0.85,50.0,45.0,HEALTHY,0,0.0
2026-05-06 06:00:00,esp32-field-01,EXTENDED_DROUGHT_DEFICIT,14.02,2581,15.05,84.95,HEALTHY,27.24,52.7,0.0,5.09,4.77,0.1,0,Tomato (Vegetative),0.85,50.0,44.9,HEALTHY,0,0.0
2026-05-06 07:00:00,esp32-field-01,EXTENDED_DROUGHT_DEFICIT,14.01,2595,14.53,85.47,HEALTHY,29.86,47.4,0.0,0.37,5.17,0.1,0,Tomato (Vegetative),0.85,50.0,44.9,HEALTHY,0,0.0
2026-05-06 08:00:00,esp32-field-01,EXTENDED_DROUGHT_DEFICIT,14.0,2644,13.53,86.47,HEALTHY,31.41,46.2,0.0,1.08,5.57,0.7,0,Tomato (Vegetative),0.85,50.0,44.9,HEALTHY,0,0.0
2026-05-06 09:00:00,esp32-field-01,EXTENDED_DROUGHT_DEFICIT,14.03,2594,14.53,85.47,HEALTHY,33.34,34.1,0.0,0.62,5.91,4.3,0,Tomato (Vegetative),0.85,50.0,44.9,HEALTHY,1,20.0
2026-05-06 10:00:00,esp32-field-01,EXTENDED_DROUGHT_DEFICIT,14.0,2618,14.65,85.35,HEALTHY,34.31,33.4,0.0,0.53,6.48,2.2,0,Tomato (Vegetative),0.85,50.0,44.9,HEALTHY,0,0.0
2026-05-06 11:00:00,esp32-field-01,EXTENDED_DROUGHT_DEFICIT,13.98,2571,15.26,84.74,HEALTHY,35.22,33.7,0.0,0.67,5.99,7.6,0,Tomato (Vegetative),0.85,50.0,44.9,HEALTHY,0,0.0
2026-05-06 12:00:00,esp32-field-01,EXTENDED_DROUGHT_DEFICIT,13.99,2596,14.74,85.26,HEALTHY,37.97,35.4,0.0,2.58,6.47,1.5,0,Tomato (Vegetative),0.85,50.0,44.9,HEALTHY,1,20.0
2026-05-06 13:00:00,esp32-field-01,EXTENDED_DROUGHT_DEFICIT,14.01,2609,14.2,85.8,HEALTHY,38.14,27.0,0.0,0.45,6.72,0.3,0,Tomato (Vegetative),0.85,50.0,44.9,HEALTHY,1,20.0
2026-05-06 14:00:00,esp32-field-01,EXTENDED_DROUGHT_DEFICIT,13.98,2599,14.41,85.59,HEALTHY,39.13,29.8,0.0,3.92,6.99,3.6,0,Tomato (Vegetative),0.85,50.0,44.9,HEALTHY,0,0.0
2026-05-06 15:00:00,esp32-field-01,EXTENDED_DROUGHT_DEFICIT,14.01,2627,14.14,85.86,HEALTHY,37.8,34.3,0.0,0.74,6.32,0.9,0,Tomato (Vegetative),0.85,50.0,44.8,HEALTHY,1,20.0
2026-05-06 16:00:00,esp32-field-01,EXTENDED_DROUGHT_DEFICIT,13.99,2615,14.68,85.32,HEALTHY,36.29,28.4,0.0,1.4,6.29,0.7,0,Tomato (Vegetative),0.85,50.0,44.8,HEALTHY,0,0.0
2026-05-06 17:00:00,esp32-field-01,EXTENDED_DROUGHT_DEFICIT,14.03,2622,14.46,85.54,HEALTHY,36.29,30.2,0.0,0.05,6.5,1.1,0,Tomato (Vegetative),0.85,50.0,44.8,HEALTHY,1,20.0
2026-05-06 18:00:00,esp32-field-01,EXTENDED_DROUGHT_DEFICIT,14.03,2623,13.61,86.39,HEALTHY,35.56,34.6,0.0,1.03,6.41,3.1,0,Tomato (Vegetative),0.85,50.0,44.8,HEALTHY,0,0.0
2026-05-06 19:00:00,esp32-field-01,EXTENDED_DROUGHT_DEFICIT,14.03,2570,15.98,84.02,HEALTHY,33.08,43.3,0.0,5.15,5.75,2.8,0,Tomato (Vegetative),0.85,50.0,44.8,HEALTHY,0,0.0
2026-05-06 20:00:00,esp32-field-01,EXTENDED_DROUGHT_DEFICIT,14.03,2604,14.32,85.68,HEALTHY,30.53,46.6,0.0,0.3,5.92,1.4,0,Tomato (Vegetative),0.85,50.0,44.8,HEALTHY,0,0.0
2026-05-06 21:00:00,esp32-field-01,EXTENDED_DROUGHT_DEFICIT,14.03,2618,15.42,84.58,HEALTHY,29.33,49.5,0.0,0.42,5.24,3.7,0,Tomato (Vegetative),0.85,50.0,44.8,HEALTHY,0,0.0
2026-05-06 22:00:00,esp32-field-01,EXTENDED_DROUGHT_DEFICIT,14.03,2609,14.93,85.07,HEALTHY,28.46,52.4,0.0,3.73,4.89,0.0,0,Tomato (Vegetative),0.85,50.0,44.8,HEALTHY,0,0.0
2026-05-06 23:00:00,esp32-field-01,EXTENDED_DROUGHT_DEFICIT,14.02,2607,13.72,86.28,HEALTHY,27.1,55.3,0.0,0.01,5.05,7.0,0,Tomato (Vegetative),0.85,50.0,44.8,HEALTHY,0,0.0
2026-05-07 00:00:00,esp32-field-01,EXTENDED_DROUGHT_DEFICIT,14.02,2604,13.66,86.34,HEALTHY,24.65,55.9,0.0,2.89,4.37,0.9,0,Tomato (Vegetative),0.85,50.0,44.8,HEALTHY,0,0.0
2026-05-07 01:00:00,esp32-field-01,EXTENDED_DROUGHT_DEFICIT,14.02,2595,14.9,85.1,HEALTHY,23.73,62.4,0.0,1.18,4.29,6.1,0,Tomato (Vegetative),0.85,50.0,44.8,HEALTHY,0,0.0
2026-05-07 02:00:00,esp32-field-01,EXTENDED_DROUGHT_DEFICIT,14.02,2622,13.35,86.65,HEALTHY,24.92,63.1,0.0,1.74,4.54,1.3,0,Tomato (Vegetative),0.85,50.0,44.7,HEALTHY,0,0.0
2026-05-07 03:00:00,esp32-field-01,EXTENDED_DROUGHT_DEFICIT,14.02,2629,14.06,85.94,HEALTHY,23.67,64.8,0.0,0.16,4.59,0.5,0,Tomato (Vegetative),0.85,50.0,44.7,HEALTHY,0,0.0
2026-05-07 04:00:00,esp32-field-01,EXTENDED_DROUGHT_DEFICIT,14.02,2614,13.34,86.66,HEALTHY,25.34,62.5,0.0,0.12,4.42,1.8,0,Tomato (Vegetative),0.85,50.0,44.7,HEALTHY,0,0.0
2026-05-07 05:00:00,esp32-field-01,EXTENDED_DROUGHT_DEFICIT,14.02,2577,15.36,84.64,HEALTHY,27.92,56.9,0.0,3.97,5.29,3.0,0,Tomato (Vegetative),0.85,50.0,44.7,HEALTHY,0,0.0
2026-05-07 06:00:00,esp32-field-01,EXTENDED_DROUGHT_DEFICIT,14.01,2580,15.53,84.47,HEALTHY,26.94,49.9,0.0,1.76,4.79,0.1,0,Tomato (Vegetative),0.85,50.0,44.7,HEALTHY,0,0.0
2026-05-07 07:00:00,esp32-field-01,EXTENDED_DROUGHT_DEFICIT,14.01,2602,14.46,85.54,HEALTHY,28.85,54.3,0.0,2.59,5.25,0.3,0,Tomato (Vegetative),0.85,50.0,44.7,HEALTHY,0,0.0
2026-05-07 08:00:00,esp32-field-01,EXTENDED_DROUGHT_DEFICIT,14.0,2625,14.46,85.54,HEALTHY,29.95,44.2,0.0,1.38,5.25,12.4,0,Tomato (Vegetative),0.85,50.0,44.7,HEALTHY,0,0.0
2026-05-07 09:00:00,esp32-field-01,EXTENDED_DROUGHT_DEFICIT,14.02,2616,13.83,86.17,HEALTHY,32.84,41.5,0.0,1.29,6.09,0.4,0,Tomato (Vegetative),0.85,50.0,44.7,HEALTHY,1,20.0
2026-05-07 10:00:00,esp32-field-01,EXTENDED_DROUGHT_DEFICIT,14.0,2612,14.18,85.82,HEALTHY,35.51,33.1,0.0,1.52,6.52,14.6,0,Tomato (Vegetative),0.85,50.0,44.7,HEALTHY,0,0.0
2026-05-07 11:00:00,esp32-field-01,EXTENDED_DROUGHT_DEFICIT,14.02,2596,15.42,84.58,HEALTHY,35.6,34.6,0.0,0.49,6.61,0.6,0,Tomato (Vegetative),0.85,50.0,44.6,HEALTHY,1,20.0
2026-05-07 12:00:00,esp32-field-01,EXTENDED_DROUGHT_DEFICIT,13.99,2606,13.48,86.52,HEALTHY,35.97,32.7,0.0,0.46,6.3,0.8,0,Tomato (Vegetative),0.85,50.0,44.6,HEALTHY,0,0.0
2026-05-07 13:00:00,esp32-field-01,EXTENDED_DROUGHT_DEFICIT,14.01,2609,14.43,85.57,HEALTHY,38.59,29.6,0.0,2.28,6.46,0.0,0,Tomato (Vegetative),0.85,50.0,44.6,HEALTHY,1,20.0
2026-05-07 14:00:00,esp32-field-01,EXTENDED_DROUGHT_DEFICIT,13.98,2611,13.63,86.37,HEALTHY,38.4,27.1,0.0,1.71,6.58,5.1,0,Tomato (Vegetative),0.85,50.0,44.6,HEALTHY,0,0.0
2026-05-07 15:00:00,esp32-field-01,EXTENDED_DROUGHT_DEFICIT,14.01,2620,14.65,85.35,HEALTHY,37.5,26.4,0.0,0.58,6.42,1.9,0,Tomato (Vegetative),0.85,50.0,44.6,HEALTHY,1,20.0
2026-05-07 16:00:00,esp32-field-01,EXTENDED_DROUGHT_DEFICIT,13.99,2622,14.05,85.95,HEALTHY,36.58,31.2,0.0,2.25,7.29,0.8,0,Tomato (Vegetative),0.85,50.0,44.6,HEALTHY,0,0.0
2026-05-07 17:00:00,esp32-field-01,EXTENDED_DROUGHT_DEFICIT,14.03,2616,13.97,86.03,HEALTHY,36.07,31.6,0.0,0.02,6.36,2.0,0,Tomato (Vegetative),0.85,50.0,44.6,HEALTHY,1,20.0
2026-05-07 18:00:00,esp32-field-01,EXTENDED_DROUGHT_DEFICIT,14.03,2602,13.39,86.61,HEALTHY,34.04,35.2,0.0,1.11,6.24,4.3,0,Tomato (Vegetative),0.85,50.0,44.6,HEALTHY,0,0.0
2026-05-07 19:00:00,esp32-field-01,EXTENDED_DROUGHT_DEFICIT,14.03,2570,15.17,84.83,HEALTHY,31.98,44.1,0.0,1.5,5.89,4.7,0,Tomato (Vegetative),0.85,50.0,44.6,HEALTHY,0,0.0
2026-05-07 20:00:00,esp32-field-01,EXTENDED_DROUGHT_DEFICIT,14.02,2616,13.73,86.27,HEALTHY,30.05,46.8,0.0,1.33,5.52,6.0,0,Tomato (Vegetative),0.85,50.0,44.6,HEALTHY,0,0.0
2026-05-07 21:00:00,esp32-field-01,EXTENDED_DROUGHT_DEFICIT,14.02,2614,14.01,85.99,HEALTHY,28.69,50.1,0.0,1.14,5.14,2.4,0,Tomato (Vegetative),0.85,50.0,44.5,HEALTHY,0,0.0
2026-05-07 22:00:00,esp32-field-01,EXTENDED_DROUGHT_DEFICIT,14.02,2616,13.74,86.26,HEALTHY,27.84,52.3,0.0,1.79,4.81,0.7,0,Tomato (Vegetative),0.85,50.0,44.5,HEALTHY,0,0.0
2026-05-07 23:00:00,esp32-field-01,EXTENDED_DROUGHT_DEFICIT,14.02,2617,13.04,86.96,HEALTHY,26.38,56.3,0.0,1.42,4.34,13.2,0,Tomato (Vegetative),0.85,50.0,44.5,HEALTHY,0,0.0
2026-05-08 00:00:00,esp32-field-01,EXTENDED_DROUGHT_DEFICIT,14.02,2612,14.34,85.66,HEALTHY,24.82,57.8,0.0,0.09,4.19,10.8,0,Tomato (Vegetative),0.85,50.0,44.5,HEALTHY,0,0.0
2026-05-08 01:00:00,esp32-field-01,EXTENDED_DROUGHT_DEFICIT,14.02,2620,13.11,86.89,HEALTHY,24.22,58.3,0.0,0.26,4.87,1.4,0,Tomato (Vegetative),0.85,50.0,44.5,HEALTHY,0,0.0
2026-05-08 02:00:00,esp32-field-01,EXTENDED_DROUGHT_DEFICIT,14.02,2625,13.45,86.55,HEALTHY,24.75,60.2,0.0,0.33,4.39,0.7,0,Tomato (Vegetative),0.85,50.0,44.5,HEALTHY,0,0.0
2026-05-08 03:00:00,esp32-field-01,EXTENDED_DROUGHT_DEFICIT,14.01,2621,13.87,86.13,HEALTHY,24.44,65.1,0.0,1.84,4.3,2.2,0,Tomato (Vegetative),0.85,50.0,44.5,HEALTHY,0,0.0
2026-05-08 04:00:00,esp32-field-01,EXTENDED_DROUGHT_DEFICIT,14.01,2616,14.38,85.62,HEALTHY,23.37,63.2,0.0,2.3,3.85,0.4,0,Tomato (Vegetative),0.85,50.0,44.5,HEALTHY,0,0.0
2026-05-08 05:00:00,esp32-field-01,EXTENDED_DROUGHT_DEFICIT,14.01,2613,13.55,86.45,HEALTHY,26.25,56.9,0.0,3.69,4.87,8.4,0,Tomato (Vegetative),0.85,50.0,44.5,HEALTHY,0,0.0
2026-05-08 06:00:00,esp32-field-01,EXTENDED_DROUGHT_DEFICIT,14.01,2635,14.54,85.46,HEALTHY,27.11,49.2,0.0,0.03,5.01,0.6,0,Tomato (Vegetative),0.85,50.0,44.5,HEALTHY,0,0.0
2026-05-08 07:00:00,esp32-field-01,EXTENDED_DROUGHT_DEFICIT,14.0,2598,13.99,86.01,HEALTHY,29.72,50.2,0.0,1.11,5.21,3.4,0,Tomato (Vegetative),0.85,50.0,44.5,HEALTHY,0,0.0
2026-05-08 08:00:00,esp32-field-01,EXTENDED_DROUGHT_DEFICIT,13.99,2618,13.68,86.32,HEALTHY,31.83,42.0,0.0,0.97,5.84,2.0,0,Tomato (Vegetative),0.85,50.0,44.4,HEALTHY,0,0.0
2026-05-08 09:00:00,esp32-field-01,EXTENDED_DROUGHT_DEFICIT,14.02,2610,14.93,85.07,HEALTHY,32.41,44.6,0.0,1.35,5.45,1.4,0,Tomato (Vegetative),0.85,50.0,44.4,HEALTHY,1,20.0
2026-05-08 10:00:00,esp32-field-01,EXTENDED_DROUGHT_DEFICIT,14.0,2603,13.59,86.41,HEALTHY,35.46,37.7,0.0,1.32,5.98,2.4,0,Tomato (Vegetative),0.85,50.0,44.4,HEALTHY,0,0.0
2026-05-08 11:00:00,esp32-field-01,EXTENDED_DROUGHT_DEFICIT,14.02,2609,14.62,85.38,HEALTHY,35.8,29.8,0.0,0.34,6.35,5.3,0,Tomato (Vegetative),0.85,50.0,44.4,HEALTHY,1,20.0
2026-05-08 12:00:00,esp32-field-01,EXTENDED_DROUGHT_DEFICIT,13.99,2616,14.52,85.48,HEALTHY,36.53,29.4,0.0,0.82,6.37,5.3,0,Tomato (Vegetative),0.85,50.0,44.4,HEALTHY,0,0.0
2026-05-08 13:00:00,esp32-field-01,EXTENDED_DROUGHT_DEFICIT,14.01,2616,12.97,87.03,HEALTHY,37.85,26.3,0.0,2.09,6.37,1.9,0,Tomato (Vegetative),0.85,50.0,44.4,HEALTHY,1,20.0
2026-05-08 14:00:00,esp32-field-01,EXTENDED_DROUGHT_DEFICIT,13.98,2586,14.36,85.64,HEALTHY,37.78,26.3,0.0,0.44,6.38,0.4,0,Tomato (Vegetative),0.85,50.0,44.4,HEALTHY,0,0.0
2026-05-08 15:00:00,esp32-field-01,EXTENDED_DROUGHT_DEFICIT,14.01,2611,13.34,86.66,HEALTHY,37.91,26.4,0.0,0.1,6.78,2.0,0,Tomato (Vegetative),0.85,50.0,44.4,HEALTHY,1,20.0
2026-05-08 16:00:00,esp32-field-01,EXTENDED_DROUGHT_DEFICIT,13.99,2623,14.61,85.39,HEALTHY,38.42,34.0,0.0,0.4,7.19,0.4,0,Tomato (Vegetative),0.85,50.0,44.4,HEALTHY,0,0.0
2026-05-08 17:00:00,esp32-field-01,EXTENDED_DROUGHT_DEFICIT,14.03,2611,13.07,86.93,HEALTHY,36.41,33.7,0.0,0.93,6.08,0.8,0,Tomato (Vegetative),0.85,50.0,44.3,HEALTHY,1,20.0
2026-05-08 18:00:00,esp32-field-01,EXTENDED_DROUGHT_DEFICIT,14.03,2609,14.42,85.58,HEALTHY,34.2,39.9,0.0,3.41,5.78,4.9,0,Tomato (Vegetative),0.85,50.0,44.3,HEALTHY,0,0.0
2026-05-08 19:00:00,esp32-field-01,EXTENDED_DROUGHT_DEFICIT,14.03,2591,14.65,85.35,HEALTHY,32.95,42.2,0.0,0.14,5.94,2.8,0,Tomato (Vegetative),0.85,50.0,44.3,HEALTHY,0,0.0
2026-05-08 20:00:00,esp32-field-01,EXTENDED_DROUGHT_DEFICIT,14.02,2610,14.18,85.82,HEALTHY,32.16,45.5,0.0,0.17,5.77,3.2,0,Tomato (Vegetative),0.85,50.0,44.3,HEALTHY,0,0.0
2026-05-08 21:00:00,esp32-field-01,EXTENDED_DROUGHT_DEFICIT,14.02,2622,13.59,86.41,HEALTHY,29.53,49.4,0.0,1.91,5.78,3.0,0,Tomato (Vegetative),0.85,50.0,44.3,HEALTHY,0,0.0
2026-05-08 22:00:00,esp32-field-01,EXTENDED_DROUGHT_DEFICIT,14.02,2615,14.2,85.8,HEALTHY,29.13,55.5,0.0,0.19,5.23,0.4,0,Tomato (Vegetative),0.85,50.0,44.3,HEALTHY,0,0.0
2026-05-08 23:00:00,esp32-field-01,EXTENDED_DROUGHT_DEFICIT,14.02,2597,14.37,85.63,HEALTHY,25.28,63.3,0.0,0.53,4.36,1.9,0,Tomato (Vegetative),0.85,50.0,44.3,HEALTHY,0,0.0
2026-05-09 00:00:00,esp32-field-01,EXTENDED_DROUGHT_DEFICIT,14.02,2596,15.69,84.31,HEALTHY,24.79,62.9,0.0,0.1,4.25,1.3,0,Tomato (Vegetative),0.85,50.0,44.3,HEALTHY,0,0.0
2026-05-09 01:00:00,esp32-field-01,EXTENDED_DROUGHT_DEFICIT,14.02,2618,14.03,85.97,HEALTHY,23.84,64.0,0.0,1.0,4.23,0.4,0,Tomato (Vegetative),0.85,50.0,44.3,HEALTHY,0,0.0
2026-05-09 02:00:00,esp32-field-01,EXTENDED_DROUGHT_DEFICIT,14.02,2582,14.09,85.91,HEALTHY,23.6,60.6,0.0,1.89,4.76,2.7,0,Tomato (Vegetative),0.85,50.0,44.3,HEALTHY,0,0.0
2026-05-09 03:00:00,esp32-field-01,EXTENDED_DROUGHT_DEFICIT,14.01,2626,13.22,86.78,HEALTHY,24.34,59.0,0.0,0.16,4.65,3.3,0,Tomato (Vegetative),0.85,50.0,44.2,HEALTHY,0,0.0
2026-05-09 04:00:00,esp32-field-01,EXTENDED_DROUGHT_DEFICIT,14.01,2607,13.42,86.58,HEALTHY,24.76,60.3,0.0,0.59,4.63,3.7,0,Tomato (Vegetative),0.85,50.0,44.2,HEALTHY,0,0.0
2026-05-09 05:00:00,esp32-field-01,EXTENDED_DROUGHT_DEFICIT,14.01,2578,14.84,85.16,HEALTHY,26.28,53.6,0.0,0.82,4.64,0.4,0,Tomato (Vegetative),0.85,50.0,44.2,HEALTHY,0,0.0
2026-05-09 06:00:00,esp32-field-01,EXTENDED_DROUGHT_DEFICIT,14.01,2617,13.32,86.68,HEALTHY,26.66,58.3,0.0,3.21,4.84,3.2,0,Tomato (Vegetative),0.85,50.0,44.2,HEALTHY,0,0.0
2026-05-09 07:00:00,esp32-field-01,EXTENDED_DROUGHT_DEFICIT,14.0,2586,14.32,85.68,HEALTHY,28.44,51.2,0.0,1.28,5.26,0.4,0,Tomato (Vegetative),0.85,50.0,44.2,HEALTHY,0,0.0
2026-05-09 08:00:00,esp32-field-01,EXTENDED_DROUGHT_DEFICIT,13.99,2610,13.11,86.89,HEALTHY,30.22,45.3,0.0,0.57,5.41,1.9,0,Tomato (Vegetative),0.85,50.0,44.2,HEALTHY,0,0.0
2026-05-09 09:00:00,esp32-field-01,EXTENDED_DROUGHT_DEFICIT,14.02,2596,15.0,85.0,HEALTHY,31.77,40.2,0.0,1.81,5.32,1.5,0,Tomato (Vegetative),0.85,50.0,44.2,HEALTHY,1,20.0
2026-05-09 10:00:00,esp32-field-01,EXTENDED_DROUGHT_DEFICIT,14.0,2641,13.29,86.71,HEALTHY,35.96,33.7,0.0,0.1,6.35,0.8,0,Tomato (Vegetative),0.85,50.0,44.2,HEALTHY,0,0.0
2026-05-09 11:00:00,esp32-field-01,EXTENDED_DROUGHT_DEFICIT,14.02,2619,13.77,86.23,HEALTHY,36.33,35.0,0.0,3.25,6.05,1.8,0,Tomato (Vegetative),0.85,50.0,44.2,HEALTHY,1,20.0
2026-05-09 12:00:00,esp32-field-01,EXTENDED_DROUGHT_DEFICIT,13.99,2624,14.02,85.98,HEALTHY,36.15,27.6,0.0,1.34,6.92,5.2,0,Tomato (Vegetative),0.85,50.0,44.2,HEALTHY,0,0.0
2026-05-09 13:00:00,esp32-field-01,EXTENDED_DROUGHT_DEFICIT,14.0,2601,15.21,84.79,HEALTHY,37.76,29.7,0.0,0.04,7.09,5.2,0,Tomato (Vegetative),0.85,50.0,44.1,HEALTHY,1,20.0
2026-05-09 14:00:00,esp32-field-01,EXTENDED_DROUGHT_DEFICIT,13.98,2612,14.47,85.53,HEALTHY,38.49,30.7,0.0,1.3,6.77,0.8,0,Tomato (Vegetative),0.85,50.0,44.1,HEALTHY,0,0.0
2026-05-09 15:00:00,esp32-field-01,EXTENDED_DROUGHT_DEFICIT,14.0,2594,15.2,84.8,HEALTHY,38.28,30.4,0.0,1.3,6.7,4.4,0,Tomato (Vegetative),0.85,50.0,44.1,HEALTHY,1,20.0
2026-05-09 16:00:00,esp32-field-01,EXTENDED_DROUGHT_DEFICIT,13.99,2620,14.07,85.93,HEALTHY,37.98,26.9,0.0,0.42,6.54,2.6,0,Tomato (Vegetative),0.85,50.0,44.1,HEALTHY,0,0.0
2026-05-09 17:00:00,esp32-field-01,EXTENDED_DROUGHT_DEFICIT,14.02,2585,14.61,85.39,HEALTHY,35.48,32.4,0.0,1.32,6.21,2.8,0,Tomato (Vegetative),0.85,50.0,44.1,HEALTHY,1,20.0
2026-05-09 18:00:00,esp32-field-01,EXTENDED_DROUGHT_DEFICIT,14.02,2645,13.34,86.66,HEALTHY,34.58,39.9,0.0,0.14,6.17,0.7,0,Tomato (Vegetative),0.85,50.0,44.1,HEALTHY,0,0.0
2026-05-09 19:00:00,esp32-field-01,EXTENDED_DROUGHT_DEFICIT,14.02,2609,14.1,85.9,HEALTHY,32.07,42.1,0.0,0.82,5.2,0.8,0,Tomato (Vegetative),0.85,50.0,44.1,HEALTHY,0,0.0
2026-05-09 20:00:00,esp32-field-01,EXTENDED_DROUGHT_DEFICIT,14.02,2612,15.12,84.88,HEALTHY,31.14,43.2,0.0,0.9,5.44,7.4,0,Tomato (Vegetative),0.85,50.0,44.1,HEALTHY,0,0.0
2026-05-09 21:00:00,esp32-field-01,EXTENDED_DROUGHT_DEFICIT,14.02,2631,12.36,87.64,HEALTHY,28.19,51.2,0.0,1.51,4.76,1.3,0,Tomato (Vegetative),0.85,50.0,44.1,HEALTHY,0,0.0
2026-05-09 22:00:00,esp32-field-01,EXTENDED_DROUGHT_DEFICIT,14.02,2612,14.79,85.21,HEALTHY,26.94,53.2,0.0,0.22,5.17,7.2,0,Tomato (Vegetative),0.85,50.0,44.1,HEALTHY,0,0.0
2026-05-09 23:00:00,esp32-field-01,EXTENDED_DROUGHT_DEFICIT,14.02,2632,12.94,87.06,HEALTHY,26.13,58.0,0.0,3.67,4.39,0.1,0,Tomato (Vegetative),0.85,50.0,44.0,HEALTHY,0,0.0
2026-05-10 00:00:00,esp32-field-01,EXTENDED_DROUGHT_DEFICIT,14.02,2598,14.58,85.42,HEALTHY,24.63,60.6,0.0,2.05,4.67,1.1,0,Tomato (Vegetative),0.85,50.0,44.0,HEALTHY,0,0.0
2026-05-10 01:00:00,esp32-field-01,EXTENDED_DROUGHT_DEFICIT,14.01,2635,14.66,85.34,HEALTHY,24.23,56.9,0.0,0.54,4.48,0.5,0,Tomato (Vegetative),0.85,50.0,44.0,HEALTHY,0,0.0
2026-05-10 02:00:00,esp32-field-01,EXTENDED_DROUGHT_DEFICIT,14.01,2641,12.81,87.19,HEALTHY,23.15,60.4,0.0,1.48,4.57,0.9,0,Tomato (Vegetative),0.85,50.0,44.0,HEALTHY,0,0.0
2026-05-10 03:00:00,esp32-field-01,EXTENDED_DROUGHT_DEFICIT,14.01,2634,13.63,86.37,HEALTHY,23.48,60.8,0.0,0.82,3.57,1.8,0,Tomato (Vegetative),0.85,50.0,44.0,HEALTHY,0,0.0
2026-05-10 04:00:00,esp32-field-01,EXTENDED_DROUGHT_DEFICIT,14.01,2619,13.86,86.14,HEALTHY,25.61,60.3,0.0,2.4,4.38,1.6,0,Tomato (Vegetative),0.85,50.0,44.0,HEALTHY,0,0.0
2026-05-10 05:00:00,esp32-field-01,EXTENDED_DROUGHT_DEFICIT,14.01,2617,13.3,86.7,HEALTHY,25.27,55.4,0.0,1.22,4.37,10.7,0,Tomato (Vegetative),0.85,50.0,44.0,HEALTHY,0,0.0
2026-05-10 06:00:00,esp32-field-01,EXTENDED_DROUGHT_DEFICIT,14.01,2615,13.54,86.46,HEALTHY,27.53,50.6,0.0,0.55,4.92,15.9,0,Tomato (Vegetative),0.85,50.0,44.0,HEALTHY,0,0.0
2026-05-10 07:00:00,esp32-field-01,EXTENDED_DROUGHT_DEFICIT,14.0,2637,13.24,86.76,HEALTHY,29.3,48.9,0.0,2.53,5.23,2.5,0,Tomato (Vegetative),0.85,50.0,44.0,HEALTHY,0,0.0
2026-05-10 08:00:00,esp32-field-01,EXTENDED_DROUGHT_DEFICIT,13.99,2621,13.88,86.12,HEALTHY,31.08,47.0,0.0,0.41,5.16,1.5,0,Tomato (Vegetative),0.85,50.0,44.0,HEALTHY,0,0.0
2026-05-10 09:00:00,esp32-field-01,EXTENDED_DROUGHT_DEFICIT,14.02,2595,14.82,85.18,HEALTHY,33.43,42.3,0.0,1.36,5.71,2.4,0,Tomato (Vegetative),0.85,50.0,44.0,HEALTHY,1,20.0
2026-05-10 10:00:00,esp32-field-01,EXTENDED_DROUGHT_DEFICIT,13.99,2614,13.04,86.96,HEALTHY,34.76,35.5,0.0,3.77,6.1,2.4,0,Tomato (Vegetative),0.85,50.0,43.9,HEALTHY,0,0.0
2026-05-10 11:00:00,esp32-field-01,EXTENDED_DROUGHT_DEFICIT,14.01,2638,12.12,87.88,HEALTHY,36.44,32.0,0.0,1.24,6.42,4.6,0,Tomato (Vegetative),0.85,50.0,43.9,HEALTHY,1,20.0
2026-05-10 12:00:00,esp32-field-01,EXTENDED_DROUGHT_DEFICIT,13.98,2593,14.49,85.51,HEALTHY,36.82,30.7,0.0,2.28,6.84,0.0,0,Tomato (Vegetative),0.85,50.0,43.9,HEALTHY,0,0.0
2026-05-10 13:00:00,esp32-field-01,EXTENDED_DROUGHT_DEFICIT,14.0,2611,13.02,86.98,HEALTHY,37.21,25.9,0.0,1.3,6.59,15.0,0,Tomato (Vegetative),0.85,50.0,43.9,HEALTHY,1,20.0
2026-05-10 14:00:00,esp32-field-01,EXTENDED_DROUGHT_DEFICIT,14.02,2614,14.13,85.87,HEALTHY,38.24,28.3,0.0,0.7,6.66,4.2,0,Tomato (Vegetative),0.85,50.0,43.9,HEALTHY,1,20.0
2026-05-10 15:00:00,esp32-field-01,EXTENDED_DROUGHT_DEFICIT,14.0,2621,13.3,86.7,HEALTHY,38.38,28.3,0.0,2.37,6.83,3.6,0,Tomato (Vegetative),0.85,50.0,43.9,HEALTHY,0,0.0
2026-05-10 16:00:00,esp32-field-01,EXTENDED_DROUGHT_DEFICIT,14.03,2608,14.03,85.97,HEALTHY,37.54,33.4,0.0,0.37,6.38,5.0,0,Tomato (Vegetative),0.85,50.0,43.9,HEALTHY,1,20.0
2026-05-10 17:00:00,esp32-field-01,EXTENDED_DROUGHT_DEFICIT,14.02,2615,13.84,86.16,HEALTHY,36.83,30.7,0.0,0.73,6.22,3.7,0,Tomato (Vegetative),0.85,50.0,43.9,HEALTHY,0,0.0
2026-05-10 18:00:00,esp32-field-01,EXTENDED_DROUGHT_DEFICIT,14.02,2609,13.51,86.49,HEALTHY,35.1,34.0,0.0,2.41,6.14,2.6,0,Tomato (Vegetative),0.85,50.0,43.9,HEALTHY,0,0.0
2026-05-10 19:00:00,esp32-field-01,EXTENDED_DROUGHT_DEFICIT,14.02,2597,14.25,85.75,HEALTHY,32.39,36.2,0.0,0.23,5.77,1.2,0,Tomato (Vegetative),0.85,50.0,43.8,HEALTHY,0,0.0
2026-05-10 20:00:00,esp32-field-01,EXTENDED_DROUGHT_DEFICIT,14.02,2633,13.15,86.85,HEALTHY,30.4,47.3,0.0,1.83,5.29,1.3,0,Tomato (Vegetative),0.85,50.0,43.8,HEALTHY,0,0.0
2026-05-10 21:00:00,esp32-field-01,EXTENDED_DROUGHT_DEFICIT,14.02,2629,12.87,87.13,HEALTHY,29.64,47.5,0.0,0.23,4.95,6.0,0,Tomato (Vegetative),0.85,50.0,43.8,HEALTHY,0,0.0
2026-05-10 22:00:00,esp32-field-01,EXTENDED_DROUGHT_DEFICIT,14.02,2594,14.02,85.98,HEALTHY,27.09,56.5,0.0,3.72,5.0,4.1,0,Tomato (Vegetative),0.85,50.0,43.8,HEALTHY,0,0.0
2026-05-10 23:00:00,esp32-field-01,EXTENDED_DROUGHT_DEFICIT,14.01,2611,14.44,85.56,HEALTHY,26.58,58.3,0.0,3.71,4.5,0.9,0,Tomato (Vegetative),0.85,50.0,43.8,HEALTHY,0,0.0
2026-05-11 00:00:00,esp32-field-01,EXTENDED_DROUGHT_DEFICIT,14.01,2619,13.25,86.75,HEALTHY,25.1,60.0,0.0,7.63,4.63,0.5,0,Tomato (Vegetative),0.85,50.0,43.8,HEALTHY,0,0.0
2026-05-11 01:00:00,esp32-field-01,EXTENDED_DROUGHT_DEFICIT,14.01,2606,14.46,85.54,HEALTHY,24.66,61.1,0.0,2.73,4.93,2.2,0,Tomato (Vegetative),0.85,50.0,43.8,HEALTHY,0,0.0
2026-05-11 02:00:00,esp32-field-01,EXTENDED_DROUGHT_DEFICIT,14.01,2613,14.02,85.98,HEALTHY,23.73,61.4,0.0,1.32,3.91,0.3,0,Tomato (Vegetative),0.85,50.0,43.8,HEALTHY,0,0.0
2026-05-11 03:00:00,esp32-field-01,EXTENDED_DROUGHT_DEFICIT,14.01,2612,14.67,85.33,HEALTHY,24.48,61.9,0.0,1.73,4.26,2.4,0,Tomato (Vegetative),0.85,50.0,43.8,HEALTHY,0,0.0
2026-05-11 04:00:00,esp32-field-01,EXTENDED_DROUGHT_DEFICIT,14.01,2624,13.35,86.65,HEALTHY,25.4,62.2,0.0,0.39,4.49,0.2,0,Tomato (Vegetative),0.85,50.0,43.8,HEALTHY,0,0.0
2026-05-11 05:00:00,esp32-field-01,EXTENDED_DROUGHT_DEFICIT,14.01,2640,13.45,86.55,HEALTHY,26.76,56.0,0.0,0.35,4.83,2.7,0,Tomato (Vegetative),0.85,50.0,43.8,HEALTHY,0,0.0
2026-05-11 06:00:00,esp32-field-01,EXTENDED_DROUGHT_DEFICIT,14.0,2616,14.05,85.95,HEALTHY,28.2,54.4,0.0,1.35,5.06,2.8,0,Tomato (Vegetative),0.85,50.0,43.7,HEALTHY,0,0.0
2026-05-11 07:00:00,esp32-field-01,EXTENDED_DROUGHT_DEFICIT,14.0,2600,14.12,85.88,HEALTHY,29.33,48.6,0.0,2.1,4.94,5.0,0,Tomato (Vegetative),0.85,50.0,43.7,HEALTHY,0,0.0
2026-05-11 08:00:00,esp32-field-01,EXTENDED_DROUGHT_DEFICIT,14.03,2621,14.23,85.77,HEALTHY,30.4,44.2,0.0,0.33,5.57,0.5,0,Tomato (Vegetative),0.85,50.0,43.7,HEALTHY,1,20.0
2026-05-11 09:00:00,esp32-field-01,EXTENDED_DROUGHT_DEFICIT,14.01,2615,13.4,86.6,HEALTHY,33.07,41.5,0.0,1.93,5.94,3.8,0,Tomato (Vegetative),0.85,50.0,43.7,HEALTHY,0,0.0
2026-05-11 10:00:00,esp32-field-01,EXTENDED_DROUGHT_DEFICIT,13.99,2612,13.05,86.95,HEALTHY,33.86,35.5,0.0,0.71,6.14,5.9,0,Tomato (Vegetative),0.85,50.0,43.7,HEALTHY,0,0.0
2026-05-11 11:00:00,esp32-field-01,EXTENDED_DROUGHT_DEFICIT,14.01,2601,14.66,85.34,HEALTHY,36.71,27.7,0.0,0.16,6.6,0.2,0,Tomato (Vegetative),0.85,50.0,43.7,HEALTHY,1,20.0
2026-05-11 12:00:00,esp32-field-01,EXTENDED_DROUGHT_DEFICIT,13.98,2639,12.57,87.43,HEALTHY,35.63,32.4,0.0,4.05,5.66,0.6,0,Tomato (Vegetative),0.85,50.0,43.7,HEALTHY,0,0.0
2026-05-11 13:00:00,esp32-field-01,EXTENDED_DROUGHT_DEFICIT,14.0,2627,14.39,85.61,HEALTHY,37.55,33.9,0.0,4.81,7.05,6.0,0,Tomato (Vegetative),0.85,50.0,43.7,HEALTHY,1,20.0
2026-05-11 14:00:00,esp32-field-01,EXTENDED_DROUGHT_DEFICIT,14.02,2624,14.26,85.74,HEALTHY,38.47,25.6,0.0,0.18,7.27,2.2,0,Tomato (Vegetative),0.85,50.0,43.7,HEALTHY,1,20.0
2026-05-11 15:00:00,esp32-field-01,EXTENDED_DROUGHT_DEFICIT,13.99,2613,13.6,86.4,HEALTHY,37.85,25.1,0.0,0.17,6.88,0.7,0,Tomato (Vegetative),0.85,50.0,43.6,HEALTHY,0,0.0
2026-05-11 16:00:00,esp32-field-01,EXTENDED_DROUGHT_DEFICIT,14.02,2602,13.82,86.18,HEALTHY,36.66,29.3,0.0,0.46,6.75,0.5,0,Tomato (Vegetative),0.85,50.0,43.6,HEALTHY,1,20.0
2026-05-11 17:00:00,esp32-field-01,EXTENDED_DROUGHT_DEFICIT,14.02,2619,13.13,86.87,HEALTHY,36.49,31.4,0.0,1.61,6.34,7.5,0,Tomato (Vegetative),0.85,50.0,43.6,HEALTHY,0,0.0
2026-05-11 18:00:00,esp32-field-01,EXTENDED_DROUGHT_DEFICIT,14.02,2616,13.47,86.53,HEALTHY,33.79,35.0,0.0,0.01,6.22,1.2,0,Tomato (Vegetative),0.85,50.0,43.6,HEALTHY,0,0.0
2026-05-11 19:00:00,esp32-field-01,EXTENDED_DROUGHT_DEFICIT,14.02,2599,15.01,84.99,HEALTHY,32.54,40.4,0.0,3.57,5.94,1.9,0,Tomato (Vegetative),0.85,50.0,43.6,HEALTHY,0,0.0
2026-05-11 20:00:00,esp32-field-01,EXTENDED_DROUGHT_DEFICIT,14.01,2627,13.27,86.73,HEALTHY,29.2,41.6,0.0,0.85,5.2,0.3,0,Tomato (Vegetative),0.85,50.0,43.6,HEALTHY,0,0.0
2026-05-11 21:00:00,esp32-field-01,EXTENDED_DROUGHT_DEFICIT,14.01,2624,13.83,86.17,HEALTHY,28.97,51.4,0.0,0.79,5.22,0.3,0,Tomato (Vegetative),0.85,50.0,43.6,HEALTHY,0,0.0
2026-05-11 22:00:00,esp32-field-01,EXTENDED_DROUGHT_DEFICIT,14.01,2588,15.04,84.96,HEALTHY,28.77,57.2,0.0,7.08,5.18,3.7,0,Tomato (Vegetative),0.85,50.0,43.6,HEALTHY,0,0.0
2026-05-11 23:00:00,esp32-field-01,EXTENDED_DROUGHT_DEFICIT,14.01,2622,13.66,86.34,HEALTHY,26.26,57.0,0.0,0.11,4.03,0.6,0,Tomato (Vegetative),0.85,50.0,43.6,HEALTHY,0,0.0
2026-05-12 00:00:00,esp32-field-01,EXTENDED_DROUGHT_DEFICIT,14.01,2593,14.52,85.48,HEALTHY,23.35,62.8,0.0,0.14,4.69,4.3,0,Tomato (Vegetative),0.85,50.0,43.6,HEALTHY,0,0.0
2026-05-12 01:00:00,esp32-field-01,EXTENDED_DROUGHT_DEFICIT,14.01,2614,14.09,85.91,HEALTHY,22.8,61.7,0.0,1.48,3.5,1.3,0,Tomato (Vegetative),0.85,50.0,43.5,HEALTHY,0,0.0
2026-05-12 02:00:00,esp32-field-01,EXTENDED_DROUGHT_DEFICIT,14.01,2600,14.9,85.1,HEALTHY,24.58,62.1,0.0,3.25,5.06,0.2,0,Tomato (Vegetative),0.85,50.0,43.5,HEALTHY,0,0.0
2026-05-12 03:00:00,esp32-field-01,EXTENDED_DROUGHT_DEFICIT,14.0,2611,15.18,84.82,HEALTHY,23.81,66.0,0.0,0.49,4.48,2.2,0,Tomato (Vegetative),0.85,50.0,43.5,HEALTHY,0,0.0
2026-05-12 04:00:00,esp32-field-01,EXTENDED_DROUGHT_DEFICIT,14.0,2650,12.25,87.75,HEALTHY,25.23,66.1,0.0,1.1,4.56,9.2,0,Tomato (Vegetative),0.85,50.0,43.5,HEALTHY,0,0.0
2026-05-12 05:00:00,esp32-field-01,EXTENDED_DROUGHT_DEFICIT,14.0,2609,14.23,85.77,HEALTHY,26.1,56.2,0.0,5.75,4.37,9.1,0,Tomato (Vegetative),0.85,50.0,43.5,HEALTHY,0,0.0
2026-05-12 06:00:00,esp32-field-01,EXTENDED_DROUGHT_DEFICIT,14.0,2578,15.74,84.26,HEALTHY,27.61,53.3,0.0,0.4,4.6,5.7,0,Tomato (Vegetative),0.85,50.0,43.5,HEALTHY,0,0.0
2026-05-12 07:00:00,esp32-field-01,EXTENDED_DROUGHT_DEFICIT,13.99,2598,14.25,85.75,HEALTHY,28.13,48.9,0.0,1.08,4.99,0.7,0,Tomato (Vegetative),0.85,50.0,43.5,HEALTHY,0,0.0
2026-05-12 08:00:00,esp32-field-01,EXTENDED_DROUGHT_DEFICIT,14.03,2600,14.37,85.63,HEALTHY,30.55,47.1,0.0,3.26,5.36,0.1,0,Tomato (Vegetative),0.85,50.0,43.5,HEALTHY,1,20.0
2026-05-12 09:00:00,esp32-field-01,EXTENDED_DROUGHT_DEFICIT,14.01,2596,14.02,85.98,HEALTHY,33.7,37.5,0.0,0.28,6.21,5.0,0,Tomato (Vegetative),0.85,50.0,43.5,HEALTHY,0,0.0
2026-05-12 10:00:00,esp32-field-01,EXTENDED_DROUGHT_DEFICIT,13.98,2599,13.65,86.35,HEALTHY,34.2,37.5,0.0,2.25,6.55,3.1,0,Tomato (Vegetative),0.85,50.0,43.5,HEALTHY,0,0.0
2026-05-12 11:00:00,esp32-field-01,EXTENDED_DROUGHT_DEFICIT,14.0,2596,14.81,85.19,HEALTHY,37.17,31.1,0.0,0.69,6.87,3.3,0,Tomato (Vegetative),0.85,50.0,43.5,HEALTHY,1,20.0
2026-05-12 12:00:00,esp32-field-01,EXTENDED_DROUGHT_DEFICIT,13.97,2581,14.89,85.11,HEALTHY,37.38,30.8,0.0,0.84,6.69,1.3,0,Tomato (Vegetative),0.85,50.0,43.4,HEALTHY,0,0.0
2026-05-12 13:00:00,esp32-field-01,EXTENDED_DROUGHT_DEFICIT,13.99,2614,13.97,86.03,HEALTHY,37.88,25.5,0.0,0.04,7.0,2.2,0,Tomato (Vegetative),0.85,50.0,43.4,HEALTHY,1,20.0
2026-05-12 14:00:00,esp32-field-01,EXTENDED_DROUGHT_DEFICIT,14.01,2600,14.39,85.61,HEALTHY,37.37,28.6,0.0,0.17,6.49,5.6,0,Tomato (Vegetative),0.85,50.0,43.4,HEALTHY,1,20.0
2026-05-12 15:00:00,esp32-field-01,EXTENDED_DROUGHT_DEFICIT,13.99,2638,12.56,87.44,HEALTHY,37.81,30.9,0.0,2.21,6.87,1.2,0,Tomato (Vegetative),0.85,50.0,43.4,HEALTHY,0,0.0
2026-05-12 16:00:00,esp32-field-01,EXTENDED_DROUGHT_DEFICIT,14.02,2629,13.39,86.61,HEALTHY,36.93,32.7,0.0,0.26,6.55,2.2,0,Tomato (Vegetative),0.85,50.0,43.4,HEALTHY,1,20.0
2026-05-12 17:00:00,esp32-field-01,EXTENDED_DROUGHT_DEFICIT,14.01,2610,14.58,85.42,HEALTHY,37.79,32.4,0.0,0.26,6.53,2.0,0,Tomato (Vegetative),0.85,50.0,43.4,HEALTHY,0,0.0
2026-05-12 18:00:00,esp32-field-01,EXTENDED_DROUGHT_DEFICIT,14.01,2621,14.11,85.89,HEALTHY,35.72,35.6,0.0,1.31,6.37,0.2,0,Tomato (Vegetative),0.85,50.0,43.4,HEALTHY,0,0.0
2026-05-12 19:00:00,esp32-field-01,EXTENDED_DROUGHT_DEFICIT,14.01,2611,14.39,85.61,HEALTHY,33.15,38.1,0.0,0.55,5.85,1.3,0,Tomato (Vegetative),0.85,50.0,43.4,HEALTHY,0,0.0
2026-05-12 20:00:00,esp32-field-01,EXTENDED_DROUGHT_DEFICIT,14.01,2630,13.58,86.42,HEALTHY,30.65,43.0,0.0,0.68,4.99,1.4,0,Tomato (Vegetative),0.85,50.0,43.4,HEALTHY,0,0.0
2026-05-12 21:00:00,esp32-field-01,EXTENDED_DROUGHT_DEFICIT,14.0,2627,13.65,86.35,HEALTHY,30.39,47.9,0.0,1.59,5.36,0.8,0,Tomato (Vegetative),0.85,50.0,43.3,HEALTHY,0,0.0
2026-05-12 22:00:00,esp32-field-01,EXTENDED_DROUGHT_DEFICIT,14.0,2630,13.24,86.76,HEALTHY,26.42,52.0,0.0,1.45,4.47,0.2,0,Tomato (Vegetative),0.85,50.0,43.3,HEALTHY,0,0.0
2026-05-12 23:00:00,esp32-field-01,EXTENDED_DROUGHT_DEFICIT,14.0,2591,14.92,85.08,HEALTHY,27.27,57.2,0.0,0.11,4.73,2.0,0,Tomato (Vegetative),0.85,50.0,43.3,HEALTHY,0,0.0
2026-05-13 00:00:00,esp32-field-01,EXTENDED_DROUGHT_DEFICIT,14.0,2630,13.35,86.65,HEALTHY,24.95,52.6,0.0,0.3,4.21,1.3,0,Tomato (Vegetative),0.85,50.0,43.3,HEALTHY,0,0.0
2026-05-13 01:00:00,esp32-field-01,EXTENDED_DROUGHT_DEFICIT,14.0,2598,14.99,85.01,HEALTHY,24.87,58.7,0.0,2.58,3.83,1.6,0,Tomato (Vegetative),0.85,50.0,43.3,HEALTHY,0,0.0
2026-05-13 02:00:00,esp32-field-01,EXTENDED_DROUGHT_DEFICIT,14.04,2589,15.73,84.27,HEALTHY,25.2,62.8,0.0,0.66,4.79,2.5,0,Tomato (Vegetative),0.85,50.0,43.3,HEALTHY,1,20.0
2026-05-13 03:00:00,esp32-field-01,EXTENDED_DROUGHT_DEFICIT,14.04,2610,13.96,86.04,HEALTHY,25.08,64.8,0.0,2.16,4.43,1.6,0,Tomato (Vegetative),0.85,50.0,43.3,HEALTHY,0,0.0
2026-05-13 04:00:00,esp32-field-01,EXTENDED_DROUGHT_DEFICIT,14.04,2598,14.17,85.83,HEALTHY,24.75,55.8,0.0,0.06,4.39,0.1,0,Tomato (Vegetative),0.85,50.0,43.3,HEALTHY,0,0.0
2026-05-13 05:00:00,esp32-field-01,EXTENDED_DROUGHT_DEFICIT,14.04,2624,13.24,86.76,HEALTHY,26.58,58.5,0.0,1.57,4.64,0.3,0,Tomato (Vegetative),0.85,50.0,43.3,HEALTHY,0,0.0
2026-05-13 06:00:00,esp32-field-01,EXTENDED_DROUGHT_DEFICIT,14.04,2642,13.08,86.92,HEALTHY,27.7,53.0,0.0,0.57,4.86,1.4,0,Tomato (Vegetative),0.85,50.0,43.3,HEALTHY,0,0.0
2026-05-13 07:00:00,esp32-field-01,EXTENDED_DROUGHT_DEFICIT,14.03,2630,12.49,87.51,HEALTHY,29.88,47.8,0.0,1.45,5.39,4.7,0,Tomato (Vegetative),0.85,50.0,43.2,HEALTHY,0,0.0
2026-05-13 08:00:00,esp32-field-01,EXTENDED_DROUGHT_DEFICIT,14.02,2606,13.94,86.06,HEALTHY,30.57,48.5,0.0,3.3,5.98,3.6,0,Tomato (Vegetative),0.85,50.0,43.2,HEALTHY,0,0.0
2026-05-13 09:00:00,esp32-field-01,EXTENDED_DROUGHT_DEFICIT,14.0,2593,14.73,85.27,HEALTHY,32.6,40.6,0.0,0.6,6.26,1.2,0,Tomato (Vegetative),0.85,50.0,43.2,HEALTHY,0,0.0
2026-05-13 10:00:00,esp32-field-01,EXTENDED_DROUGHT_DEFICIT,14.02,2612,14.72,85.28,HEALTHY,34.86,37.7,0.0,2.6,6.31,1.1,0,Tomato (Vegetative),0.85,50.0,43.2,HEALTHY,1,20.0
2026-05-13 11:00:00,esp32-field-01,EXTENDED_DROUGHT_DEFICIT,13.99,2599,15.0,85.0,HEALTHY,35.99,32.3,0.0,1.87,6.43,3.4,0,Tomato (Vegetative),0.85,50.0,43.2,HEALTHY,0,0.0
2026-05-13 12:00:00,esp32-field-01,EXTENDED_DROUGHT_DEFICIT,14.01,2589,14.88,85.12,HEALTHY,37.17,31.1,0.0,2.66,6.38,1.1,0,Tomato (Vegetative),0.85,50.0,43.2,HEALTHY,1,20.0
2026-05-13 13:00:00,esp32-field-01,EXTENDED_DROUGHT_DEFICIT,13.98,2630,13.91,86.09,HEALTHY,38.67,31.0,0.0,4.88,7.36,4.0,0,Tomato (Vegetative),0.85,50.0,43.2,HEALTHY,0,0.0
2026-05-13 14:00:00,esp32-field-01,EXTENDED_DROUGHT_DEFICIT,14.0,2623,13.88,86.12,HEALTHY,36.2,24.1,0.0,0.69,6.18,7.5,0,Tomato (Vegetative),0.85,50.0,43.2,HEALTHY,1,20.0
2026-05-13 15:00:00,esp32-field-01,EXTENDED_DROUGHT_DEFICIT,13.98,2645,12.82,87.18,HEALTHY,36.39,28.7,0.0,0.31,5.91,1.0,0,Tomato (Vegetative),0.85,50.0,43.2,HEALTHY,0,0.0
2026-05-13 16:00:00,esp32-field-01,EXTENDED_DROUGHT_DEFICIT,14.01,2613,13.53,86.47,HEALTHY,36.01,28.1,0.0,1.95,5.83,1.5,0,Tomato (Vegetative),0.85,50.0,43.2,HEALTHY,1,20.0
2026-05-13 17:00:00,esp32-field-01,EXTENDED_DROUGHT_DEFICIT,14.01,2634,12.04,87.96,HEALTHY,36.26,35.5,0.0,0.2,6.57,0.4,0,Tomato (Vegetative),0.85,50.0,43.1,HEALTHY,0,0.0
2026-05-13 18:00:00,esp32-field-01,EXTENDED_DROUGHT_DEFICIT,14.01,2632,13.53,86.47,HEALTHY,33.75,41.3,0.0,0.16,5.99,9.0,0,Tomato (Vegetative),0.85,50.0,43.1,HEALTHY,0,0.0
2026-05-13 19:00:00,esp32-field-01,EXTENDED_DROUGHT_DEFICIT,14.01,2603,14.59,85.41,HEALTHY,33.08,40.9,0.0,2.12,6.1,1.2,0,Tomato (Vegetative),0.85,50.0,43.1,HEALTHY,0,0.0
2026-05-13 20:00:00,esp32-field-01,EXTENDED_DROUGHT_DEFICIT,14.0,2589,14.62,85.38,HEALTHY,32.04,46.7,0.0,2.52,5.83,4.9,0,Tomato (Vegetative),0.85,50.0,43.1,HEALTHY,0,0.0
2026-05-13 21:00:00,esp32-field-01,EXTENDED_DROUGHT_DEFICIT,14.0,2601,15.05,84.95,HEALTHY,29.3,47.4,0.0,3.12,5.2,5.6,0,Tomato (Vegetative),0.85,50.0,43.1,HEALTHY,0,0.0
2026-05-13 22:00:00,esp32-field-01,EXTENDED_DROUGHT_DEFICIT,14.0,2615,14.29,85.71,HEALTHY,27.82,51.1,0.0,0.3,4.74,0.5,0,Tomato (Vegetative),0.85,50.0,43.1,HEALTHY,0,0.0
2026-05-13 23:00:00,esp32-field-01,EXTENDED_DROUGHT_DEFICIT,14.0,2632,12.83,87.17,HEALTHY,25.85,54.8,0.0,0.72,4.38,2.5,0,Tomato (Vegetative),0.85,50.0,43.1,HEALTHY,0,0.0
2026-05-14 00:00:00,esp32-field-01,EXTENDED_DROUGHT_DEFICIT,14.04,2624,14.47,85.53,HEALTHY,24.84,60.0,0.0,1.2,4.72,7.4,0,Tomato (Vegetative),0.85,50.0,43.1,HEALTHY,1,20.0
2026-05-14 01:00:00,esp32-field-01,EXTENDED_DROUGHT_DEFICIT,14.04,2602,14.55,85.45,HEALTHY,23.61,60.8,0.0,1.31,4.34,4.3,0,Tomato (Vegetative),0.85,50.0,43.1,HEALTHY,0,0.0
2026-05-14 02:00:00,esp32-field-01,EXTENDED_DROUGHT_DEFICIT,14.04,2640,12.34,87.66,HEALTHY,23.3,66.2,0.0,4.4,4.14,3.9,0,Tomato (Vegetative),0.85,50.0,43.1,HEALTHY,0,0.0
2026-05-14 03:00:00,esp32-field-01,EXTENDED_DROUGHT_DEFICIT,14.04,2610,13.83,86.17,HEALTHY,23.46,61.1,0.0,1.26,4.95,1.6,0,Tomato (Vegetative),0.85,50.0,43.0,HEALTHY,0,0.0
2026-05-14 04:00:00,esp32-field-01,EXTENDED_DROUGHT_DEFICIT,14.04,2595,14.97,85.03,HEALTHY,25.45,58.2,0.0,0.66,4.81,2.1,0,Tomato (Vegetative),0.85,50.0,43.0,HEALTHY,0,0.0
2026-05-14 05:00:00,esp32-field-01,EXTENDED_DROUGHT_DEFICIT,14.04,2601,13.72,86.28,HEALTHY,25.74,60.4,0.0,0.12,5.21,5.7,0,Tomato (Vegetative),0.85,50.0,43.0,HEALTHY,0,0.0
2026-05-14 06:00:00,esp32-field-01,EXTENDED_DROUGHT_DEFICIT,14.03,2601,14.57,85.43,HEALTHY,27.76,57.0,0.0,1.4,4.98,0.3,0,Tomato (Vegetative),0.85,50.0,43.0,HEALTHY,0,0.0
2026-05-14 07:00:00,esp32-field-01,EXTENDED_DROUGHT_DEFICIT,14.03,2627,13.35,86.65,HEALTHY,29.31,49.2,0.0,1.44,5.31,2.5,0,Tomato (Vegetative),0.85,50.0,43.0,HEALTHY,0,0.0
2026-05-14 08:00:00,esp32-field-01,EXTENDED_DROUGHT_DEFICIT,14.02,2620,13.93,86.07,HEALTHY,30.95,41.9,0.0,0.15,5.0,1.6,0,Tomato (Vegetative),0.85,50.0,43.0,HEALTHY,0,0.0
2026-05-14 09:00:00,esp32-field-01,EXTENDED_DROUGHT_DEFICIT,14.0,2635,13.61,86.39,HEALTHY,31.79,39.8,0.0,1.49,5.53,2.9,0,Tomato (Vegetative),0.85,50.0,43.0,HEALTHY,0,0.0
2026-05-14 10:00:00,esp32-field-01,EXTENDED_DROUGHT_DEFICIT,14.02,2625,13.28,86.72,HEALTHY,33.67,35.3,0.0,1.35,6.07,2.0,0,Tomato (Vegetative),0.85,50.0,43.0,HEALTHY,1,20.0
2026-05-14 11:00:00,esp32-field-01,EXTENDED_DROUGHT_DEFICIT,13.99,2602,13.82,86.18,HEALTHY,37.0,37.4,0.0,1.97,6.52,2.0,0,Tomato (Vegetative),0.85,50.0,43.0,HEALTHY,0,0.0
2026-05-14 12:00:00,esp32-field-01,EXTENDED_DROUGHT_DEFICIT,14.01,2621,13.5,86.5,HEALTHY,36.98,31.1,0.0,1.77,6.39,2.0,0,Tomato (Vegetative),0.85,50.0,43.0,HEALTHY,1,20.0
2026-05-14 13:00:00,esp32-field-01,EXTENDED_DROUGHT_DEFICIT,13.98,2624,13.97,86.03,HEALTHY,37.21,31.0,0.0,0.26,6.8,17.0,0,Tomato (Vegetative),0.85,50.0,43.0,HEALTHY,0,0.0
2026-05-14 14:00:00,esp32-field-01,EXTENDED_DROUGHT_DEFICIT,14.0,2621,13.79,86.21,HEALTHY,38.92,26.8,0.0,0.83,6.78,8.1,0,Tomato (Vegetative),0.85,50.0,42.9,HEALTHY,1,20.0
2026-05-14 15:00:00,esp32-field-01,EXTENDED_DROUGHT_DEFICIT,13.98,2586,14.84,85.16,HEALTHY,38.3,24.1,0.0,1.77,6.71,0.8,0,Tomato (Vegetative),0.85,50.0,42.9,HEALTHY,0,0.0
2026-05-14 16:00:00,esp32-field-01,EXTENDED_DROUGHT_DEFICIT,14.01,2633,13.28,86.72,HEALTHY,37.72,28.7,0.0,1.99,6.66,9.2,0,Tomato (Vegetative),0.85,50.0,42.9,HEALTHY,1,20.0
2026-05-14 17:00:00,esp32-field-01,EXTENDED_DROUGHT_DEFICIT,14.0,2617,14.56,85.44,HEALTHY,36.14,36.0,0.0,2.38,6.68,0.5,0,Tomato (Vegetative),0.85,50.0,42.9,HEALTHY,0,0.0
2026-05-14 18:00:00,esp32-field-01,EXTENDED_DROUGHT_DEFICIT,14.0,2565,16.4,83.6,HEALTHY,34.37,34.8,0.0,0.78,5.98,2.6,0,Tomato (Vegetative),0.85,50.0,42.9,HEALTHY,0,0.0
2026-05-14 19:00:00,esp32-field-01,EXTENDED_DROUGHT_DEFICIT,14.0,2647,12.04,87.96,HEALTHY,31.78,38.3,0.0,0.73,5.64,1.5,0,Tomato (Vegetative),0.85,50.0,42.9,HEALTHY,0,0.0
2026-05-14 20:00:00,esp32-field-01,EXTENDED_DROUGHT_DEFICIT,14.0,2606,13.14,86.86,HEALTHY,30.57,48.0,0.0,0.57,5.33,0.5,0,Tomato (Vegetative),0.85,50.0,42.9,HEALTHY,0,0.0
2026-05-14 21:00:00,esp32-field-01,EXTENDED_DROUGHT_DEFICIT,14.0,2625,13.53,86.47,HEALTHY,30.33,47.8,0.0,1.07,4.65,0.4,0,Tomato (Vegetative),0.85,50.0,42.9,HEALTHY,0,0.0
2026-05-14 22:00:00,esp32-field-01,EXTENDED_DROUGHT_DEFICIT,14.04,2607,14.03,85.97,HEALTHY,27.27,53.6,0.0,0.66,4.75,3.0,0,Tomato (Vegetative),0.85,50.0,42.9,HEALTHY,1,20.0
2026-05-14 23:00:00,esp32-field-01,EXTENDED_DROUGHT_DEFICIT,14.04,2622,13.94,86.06,HEALTHY,26.76,61.9,0.0,2.77,4.69,2.6,0,Tomato (Vegetative),0.85,50.0,42.9,HEALTHY,0,0.0
2026-05-15 00:00:00,esp32-field-01,EXTENDED_DROUGHT_DEFICIT,14.04,2642,13.14,86.86,HEALTHY,24.05,62.6,0.0,2.41,3.94,1.2,0,Tomato (Vegetative),0.85,50.0,42.8,HEALTHY,0,0.0
2026-05-15 01:00:00,esp32-field-01,EXTENDED_DROUGHT_DEFICIT,14.04,2615,13.81,86.19,HEALTHY,25.78,62.2,0.0,0.06,3.81,1.0,0,Tomato (Vegetative),0.85,50.0,42.8,HEALTHY,0,0.0
2026-05-15 02:00:00,esp32-field-01,EXTENDED_DROUGHT_DEFICIT,14.04,2617,13.74,86.26,HEALTHY,24.02,63.9,0.0,0.13,4.01,1.7,0,Tomato (Vegetative),0.85,50.0,42.8,HEALTHY,0,0.0
2026-05-15 03:00:00,esp32-field-01,EXTENDED_DROUGHT_DEFICIT,14.04,2632,12.49,87.51,HEALTHY,24.13,67.0,0.0,1.86,4.19,0.0,0,Tomato (Vegetative),0.85,50.0,42.8,HEALTHY,0,0.0
2026-05-15 04:00:00,esp32-field-01,EXTENDED_DROUGHT_DEFICIT,14.04,2604,13.9,86.1,HEALTHY,26.17,61.2,0.0,3.56,4.77,1.4,0,Tomato (Vegetative),0.85,50.0,42.8,HEALTHY,0,0.0
2026-05-15 05:00:00,esp32-field-01,EXTENDED_DROUGHT_DEFICIT,14.03,2599,13.91,86.09,HEALTHY,27.48,55.0,0.0,0.0,4.92,7.0,0,Tomato (Vegetative),0.85,50.0,42.8,HEALTHY,0,0.0
2026-05-15 06:00:00,esp32-field-01,EXTENDED_DROUGHT_DEFICIT,14.03,2593,13.96,86.04,HEALTHY,28.75,51.7,0.0,1.11,5.29,3.6,0,Tomato (Vegetative),0.85,50.0,42.8,HEALTHY,0,0.0
2026-05-15 07:00:00,esp32-field-01,EXTENDED_DROUGHT_DEFICIT,14.03,2601,14.27,85.73,HEALTHY,30.42,53.1,0.0,0.16,5.52,1.3,0,Tomato (Vegetative),0.85,50.0,42.8,HEALTHY,0,0.0
2026-05-15 08:00:00,esp32-field-01,EXTENDED_DROUGHT_DEFICIT,14.01,2623,13.72,86.28,HEALTHY,30.86,44.1,0.0,2.86,5.8,0.4,0,Tomato (Vegetative),0.85,50.0,42.8,HEALTHY,0,0.0
2026-05-15 09:00:00,esp32-field-01,EXTENDED_DROUGHT_DEFICIT,14.0,2630,13.72,86.28,HEALTHY,32.22,38.6,0.0,0.17,5.73,0.0,0,Tomato (Vegetative),0.85,50.0,42.8,HEALTHY,0,0.0
2026-05-15 10:00:00,esp32-field-01,EXTENDED_DROUGHT_DEFICIT,14.02,2609,13.85,86.15,HEALTHY,33.64,35.4,0.0,0.44,6.12,0.7,0,Tomato (Vegetative),0.85,50.0,42.7,HEALTHY,1,20.0
2026-05-15 11:00:00,esp32-field-01,EXTENDED_DROUGHT_DEFICIT,13.99,2613,13.23,86.77,HEALTHY,36.47,33.6,0.0,5.27,6.44,3.8,0,Tomato (Vegetative),0.85,50.0,42.7,HEALTHY,0,0.0
2026-05-15 12:00:00,esp32-field-01,EXTENDED_DROUGHT_DEFICIT,14.01,2630,13.08,86.92,HEALTHY,36.3,33.4,0.0,1.48,6.32,0.5,0,Tomato (Vegetative),0.85,50.0,42.7,HEALTHY,1,20.0
2026-05-15 13:00:00,esp32-field-01,EXTENDED_DROUGHT_DEFICIT,13.98,2619,13.34,86.66,HEALTHY,36.98,24.5,0.0,0.45,6.12,1.5,0,Tomato (Vegetative),0.85,50.0,42.7,HEALTHY,0,0.0
2026-05-15 14:00:00,esp32-field-01,EXTENDED_DROUGHT_DEFICIT,14.0,2684,11.64,88.36,HEALTHY,38.42,25.5,0.0,2.0,6.33,4.2,0,Tomato (Vegetative),0.85,50.0,42.7,HEALTHY,1,20.0
2026-05-15 15:00:00,esp32-field-01,EXTENDED_DROUGHT_DEFICIT,13.98,2620,13.85,86.15,HEALTHY,38.03,25.8,0.0,1.22,7.17,2.7,0,Tomato (Vegetative),0.85,50.0,42.7,HEALTHY,0,0.0
2026-05-15 16:00:00,esp32-field-01,EXTENDED_DROUGHT_DEFICIT,14.01,2601,14.1,85.9,HEALTHY,37.7,29.3,0.0,3.1,6.92,3.0,0,Tomato (Vegetative),0.85,50.0,42.7,HEALTHY,1,20.0
2026-05-15 17:00:00,esp32-field-01,EXTENDED_DROUGHT_DEFICIT,14.0,2603,14.02,85.98,HEALTHY,36.58,36.7,0.0,1.75,6.05,6.7,0,Tomato (Vegetative),0.85,50.0,42.7,HEALTHY,0,0.0
2026-05-15 18:00:00,esp32-field-01,EXTENDED_DROUGHT_DEFICIT,14.0,2589,14.52,85.48,HEALTHY,35.13,37.0,0.0,1.74,6.48,2.2,0,Tomato (Vegetative),0.85,50.0,42.7,HEALTHY,0,0.0
2026-05-15 19:00:00,esp32-field-01,EXTENDED_DROUGHT_DEFICIT,14.0,2611,13.58,86.42,HEALTHY,33.56,37.5,0.0,1.04,5.85,3.4,0,Tomato (Vegetative),0.85,50.0,42.6,HEALTHY,0,0.0
2026-05-15 20:00:00,esp32-field-01,EXTENDED_DROUGHT_DEFICIT,14.0,2616,13.96,86.04,HEALTHY,30.21,44.8,0.0,0.17,5.06,1.9,0,Tomato (Vegetative),0.85,50.0,42.6,HEALTHY,0,0.0
2026-05-15 21:00:00,esp32-field-01,EXTENDED_DROUGHT_DEFICIT,14.0,2632,13.09,86.91,HEALTHY,28.62,50.4,0.0,3.86,4.82,2.6,0,Tomato (Vegetative),0.85,50.0,42.6,HEALTHY,0,0.0
2026-05-15 22:00:00,esp32-field-01,EXTENDED_DROUGHT_DEFICIT,14.04,2592,14.89,85.11,HEALTHY,27.76,52.3,0.0,1.75,5.19,2.5,0,Tomato (Vegetative),0.85,50.0,42.6,HEALTHY,1,20.0
2026-05-15 23:00:00,esp32-field-01,EXTENDED_DROUGHT_DEFICIT,14.04,2576,15.31,84.69,HEALTHY,25.05,63.1,0.0,1.51,4.3,1.3,0,Tomato (Vegetative),0.85,50.0,42.6,HEALTHY,0,0.0
2026-05-16 00:00:00,esp32-field-01,EXTENDED_DROUGHT_DEFICIT,14.04,2646,12.8,87.2,HEALTHY,25.27,60.0,0.0,0.16,4.16,6.8,0,Tomato (Vegetative),0.85,50.0,42.6,HEALTHY,0,0.0
2026-05-16 01:00:00,esp32-field-01,EXTENDED_DROUGHT_DEFICIT,14.04,2596,14.06,85.94,HEALTHY,23.02,65.4,0.0,0.05,4.13,4.0,0,Tomato (Vegetative),0.85,50.0,42.6,HEALTHY,0,0.0
2026-05-16 02:00:00,esp32-field-01,EXTENDED_DROUGHT_DEFICIT,14.04,2602,15.03,84.97,HEALTHY,23.31,59.7,0.0,2.06,3.77,6.0,0,Tomato (Vegetative),0.85,50.0,42.6,HEALTHY,0,0.0
2026-05-16 03:00:00,esp32-field-01,EXTENDED_DROUGHT_DEFICIT,14.04,2631,13.1,86.9,HEALTHY,22.78,61.1,0.0,3.65,4.28,2.6,0,Tomato (Vegetative),0.85,50.0,42.6,HEALTHY,0,0.0
2026-05-16 04:00:00,esp32-field-01,EXTENDED_DROUGHT_DEFICIT,14.03,2600,14.17,85.83,HEALTHY,25.64,56.5,0.0,3.55,4.67,2.4,0,Tomato (Vegetative),0.85,50.0,42.6,HEALTHY,0,0.0
2026-05-16 05:00:00,esp32-field-01,EXTENDED_DROUGHT_DEFICIT,14.03,2622,13.58,86.42,HEALTHY,25.08,55.3,0.0,1.75,4.31,2.8,0,Tomato (Vegetative),0.85,50.0,42.5,HEALTHY,0,0.0
2026-05-16 06:00:00,esp32-field-01,EXTENDED_DROUGHT_DEFICIT,14.03,2627,13.38,86.62,HEALTHY,28.8,56.1,0.0,0.17,5.04,1.2,0,Tomato (Vegetative),0.85,50.0,42.5,HEALTHY,0,0.0
2026-05-16 07:00:00,esp32-field-01,EXTENDED_DROUGHT_DEFICIT,14.03,2615,14.6,85.4,HEALTHY,30.6,49.5,0.0,1.74,5.47,1.1,0,Tomato (Vegetative),0.85,50.0,42.5,HEALTHY,0,0.0
2026-05-16 08:00:00,esp32-field-01,EXTENDED_DROUGHT_DEFICIT,14.01,2583,15.5,84.5,HEALTHY,30.86,38.8,0.0,0.59,5.18,9.2,0,Tomato (Vegetative),0.85,50.0,42.5,HEALTHY,0,0.0
2026-05-16 09:00:00,esp32-field-01,EXTENDED_DROUGHT_DEFICIT,14.0,2643,12.31,87.69,HEALTHY,32.12,40.4,0.0,0.06,5.9,0.6,0,Tomato (Vegetative),0.85,50.0,42.5,HEALTHY,0,0.0
2026-05-16 10:00:00,esp32-field-01,EXTENDED_DROUGHT_DEFICIT,14.02,2623,14.1,85.9,HEALTHY,34.88,38.0,0.0,5.25,5.84,3.7,0,Tomato (Vegetative),0.85,50.0,42.5,HEALTHY,1,20.0
2026-05-16 11:00:00,esp32-field-01,EXTENDED_DROUGHT_DEFICIT,13.99,2617,13.33,86.67,HEALTHY,35.48,34.8,0.0,1.22,6.44,0.5,0,Tomato (Vegetative),0.85,50.0,42.5,HEALTHY,0,0.0
2026-05-16 12:00:00,esp32-field-01,EXTENDED_DROUGHT_DEFICIT,14.01,2615,13.46,86.54,HEALTHY,37.58,30.7,0.0,0.69,6.99,0.1,0,Tomato (Vegetative),0.85,50.0,42.5,HEALTHY,1,20.0
2026-05-16 13:00:00,esp32-field-01,EXTENDED_DROUGHT_DEFICIT,13.98,2569,14.13,85.87,HEALTHY,38.69,26.0,0.0,1.15,7.06,0.2,0,Tomato (Vegetative),0.85,50.0,42.5,HEALTHY,0,0.0
2026-05-16 14:00:00,esp32-field-01,EXTENDED_DROUGHT_DEFICIT,14.0,2600,14.33,85.67,HEALTHY,39.19,24.8,0.0,1.05,6.46,0.3,0,Tomato (Vegetative),0.85,50.0,42.5,HEALTHY,1,20.0
2026-05-16 15:00:00,esp32-field-01,EXTENDED_DROUGHT_DEFICIT,14.02,2618,13.94,86.06,HEALTHY,37.61,27.3,0.0,0.56,6.59,1.2,0,Tomato (Vegetative),0.85,50.0,42.5,HEALTHY,1,20.0
2026-05-16 16:00:00,esp32-field-01,EXTENDED_DROUGHT_DEFICIT,14.01,2583,15.26,84.74,HEALTHY,37.34,30.6,0.0,0.01,6.4,9.9,0,Tomato (Vegetative),0.85,50.0,42.4,HEALTHY,0,0.0
2026-05-16 17:00:00,esp32-field-01,EXTENDED_DROUGHT_DEFICIT,14.0,2623,13.84,86.16,HEALTHY,36.07,31.5,0.0,2.0,6.3,0.5,0,Tomato (Vegetative),0.85,50.0,42.4,HEALTHY,0,0.0
2026-05-16 18:00:00,esp32-field-01,EXTENDED_DROUGHT_DEFICIT,14.0,2593,14.32,85.68,HEALTHY,34.84,41.0,0.0,1.11,6.1,2.3,0,Tomato (Vegetative),0.85,50.0,42.4,HEALTHY,0,0.0
2026-05-16 19:00:00,esp32-field-01,EXTENDED_DROUGHT_DEFICIT,14.0,2625,13.2,86.8,HEALTHY,33.23,42.9,0.0,2.36,5.89,0.3,0,Tomato (Vegetative),0.85,50.0,42.4,HEALTHY,0,0.0
2026-05-16 20:00:00,esp32-field-01,EXTENDED_DROUGHT_DEFICIT,14.04,2641,12.22,87.78,HEALTHY,29.93,40.4,0.0,1.3,5.74,0.4,0,Tomato (Vegetative),0.85,50.0,42.4,HEALTHY,1,20.0
2026-05-16 21:00:00,esp32-field-01,EXTENDED_DROUGHT_DEFICIT,14.04,2594,16.09,83.91,HEALTHY,29.5,44.5,0.0,3.59,5.49,1.2,0,Tomato (Vegetative),0.85,50.0,42.4,HEALTHY,0,0.0
2026-05-16 22:00:00,esp32-field-01,EXTENDED_DROUGHT_DEFICIT,14.04,2628,13.56,86.44,HEALTHY,25.71,59.1,0.0,0.75,4.6,6.2,0,Tomato (Vegetative),0.85,50.0,42.4,HEALTHY,0,0.0
2026-05-16 23:00:00,esp32-field-01,EXTENDED_DROUGHT_DEFICIT,14.04,2610,13.78,86.22,HEALTHY,25.85,55.8,0.0,0.07,4.61,4.0,0,Tomato (Vegetative),0.85,50.0,42.4,HEALTHY,0,0.0
2026-05-17 00:00:00,esp32-field-01,EXTENDED_DROUGHT_DEFICIT,14.04,2623,13.81,86.19,HEALTHY,23.98,62.6,0.0,0.74,4.01,6.3,0,Tomato (Vegetative),0.85,50.0,42.4,HEALTHY,0,0.0
2026-05-17 01:00:00,esp32-field-01,EXTENDED_DROUGHT_DEFICIT,14.03,2640,13.67,86.33,HEALTHY,26.17,66.6,0.0,1.01,4.56,0.1,0,Tomato (Vegetative),0.85,50.0,42.4,HEALTHY,0,0.0
2026-05-17 02:00:00,esp32-field-01,EXTENDED_DROUGHT_DEFICIT,14.03,2644,13.15,86.85,HEALTHY,24.22,62.5,0.0,0.28,3.86,0.4,0,Tomato (Vegetative),0.85,50.0,42.3,HEALTHY,0,0.0
2026-05-17 03:00:00,esp32-field-01,EXTENDED_DROUGHT_DEFICIT,14.03,2636,13.36,86.64,HEALTHY,24.28,56.4,0.0,1.98,3.77,15.5,0,Tomato (Vegetative),0.85,50.0,42.3,HEALTHY,0,0.0
2026-05-17 04:00:00,esp32-field-01,EXTENDED_DROUGHT_DEFICIT,14.03,2616,13.42,86.58,HEALTHY,24.67,59.2,0.0,1.16,4.53,0.9,0,Tomato (Vegetative),0.85,50.0,42.3,HEALTHY,0,0.0
2026-05-17 05:00:00,esp32-field-01,EXTENDED_DROUGHT_DEFICIT,14.03,2573,15.65,84.35,HEALTHY,26.23,59.3,0.0,0.2,4.71,2.5,0,Tomato (Vegetative),0.85,50.0,42.3,HEALTHY,0,0.0
2026-05-17 06:00:00,esp32-field-01,EXTENDED_DROUGHT_DEFICIT,14.03,2601,13.72,86.28,HEALTHY,26.05,55.8,0.0,1.9,4.71,1.1,0,Tomato (Vegetative),0.85,50.0,42.3,HEALTHY,0,0.0
2026-05-17 07:00:00,esp32-field-01,EXTENDED_DROUGHT_DEFICIT,14.02,2609,13.35,86.65,HEALTHY,30.0,50.5,0.0,0.85,5.54,2.4,0,Tomato (Vegetative),0.85,50.0,42.3,HEALTHY,0,0.0
2026-05-17 08:00:00,esp32-field-01,EXTENDED_DROUGHT_DEFICIT,14.01,2621,13.86,86.14,HEALTHY,31.12,46.7,0.0,4.32,6.0,2.1,0,Tomato (Vegetative),0.85,50.0,42.3,HEALTHY,0,0.0
2026-05-17 09:00:00,esp32-field-01,EXTENDED_DROUGHT_DEFICIT,13.99,2615,13.39,86.61,HEALTHY,32.19,40.8,0.0,0.73,5.45,3.1,0,Tomato (Vegetative),0.85,50.0,42.3,HEALTHY,0,0.0
2026-05-17 10:00:00,esp32-field-01,EXTENDED_DROUGHT_DEFICIT,14.01,2622,14.5,85.5,HEALTHY,34.4,34.0,0.0,2.54,5.92,12.9,0,Tomato (Vegetative),0.85,50.0,42.3,HEALTHY,1,20.0
2026-05-17 11:00:00,esp32-field-01,EXTENDED_DROUGHT_DEFICIT,13.99,2634,13.77,86.23,HEALTHY,36.04,34.1,0.0,3.62,6.33,1.2,0,Tomato (Vegetative),0.85,50.0,42.2,HEALTHY,0,0.0
2026-05-17 12:00:00,esp32-field-01,EXTENDED_DROUGHT_DEFICIT,14.0,2610,14.96,85.04,HEALTHY,37.76,22.8,0.0,5.63,6.69,1.4,0,Tomato (Vegetative),0.85,50.0,42.2,HEALTHY,1,20.0
2026-05-17 13:00:00,esp32-field-01,EXTENDED_DROUGHT_DEFICIT,13.98,2626,13.9,86.1,HEALTHY,37.46,29.1,0.0,1.49,6.41,1.9,0,Tomato (Vegetative),0.85,50.0,42.2,HEALTHY,0,0.0
2026-05-17 14:00:00,esp32-field-01,EXTENDED_DROUGHT_DEFICIT,13.99,2588,15.57,84.43,HEALTHY,39.07,28.0,0.0,0.5,7.24,13.0,0,Tomato (Vegetative),0.85,50.0,42.2,HEALTHY,1,20.0
2026-05-17 15:00:00,esp32-field-01,EXTENDED_DROUGHT_DEFICIT,14.02,2629,12.74,87.26,HEALTHY,38.56,26.7,0.0,1.95,6.83,3.3,0,Tomato (Vegetative),0.85,50.0,42.2,HEALTHY,1,20.0
2026-05-17 16:00:00,esp32-field-01,EXTENDED_DROUGHT_DEFICIT,14.0,2607,14.95,85.05,HEALTHY,37.76,27.6,0.0,0.51,6.97,6.0,0,Tomato (Vegetative),0.85,50.0,42.2,HEALTHY,0,0.0
2026-05-17 17:00:00,esp32-field-01,EXTENDED_DROUGHT_DEFICIT,14.0,2594,14.52,85.48,HEALTHY,36.24,34.6,0.0,1.98,6.14,1.7,0,Tomato (Vegetative),0.85,50.0,42.2,HEALTHY,0,0.0
2026-05-17 18:00:00,esp32-field-01,EXTENDED_DROUGHT_DEFICIT,14.04,2614,13.23,86.77,HEALTHY,34.65,40.5,0.0,0.19,6.1,2.0,0,Tomato (Vegetative),0.85,50.0,42.2,HEALTHY,1,20.0
2026-05-17 19:00:00,esp32-field-01,EXTENDED_DROUGHT_DEFICIT,14.04,2620,14.09,85.91,HEALTHY,32.71,37.2,0.0,1.9,5.85,9.2,0,Tomato (Vegetative),0.85,50.0,42.2,HEALTHY,0,0.0
2026-05-17 20:00:00,esp32-field-01,EXTENDED_DROUGHT_DEFICIT,14.04,2609,14.4,85.6,HEALTHY,31.56,44.8,0.0,1.62,5.75,1.9,0,Tomato (Vegetative),0.85,50.0,42.2,HEALTHY,0,0.0
2026-05-17 21:00:00,esp32-field-01,EXTENDED_DROUGHT_DEFICIT,14.04,2581,14.49,85.51,HEALTHY,28.68,47.8,0.0,0.28,4.88,1.0,0,Tomato (Vegetative),0.85,50.0,42.1,HEALTHY,0,0.0
2026-05-17 22:00:00,esp32-field-01,EXTENDED_DROUGHT_DEFICIT,14.03,2600,12.97,87.03,HEALTHY,28.32,55.3,0.0,0.44,4.85,1.3,0,Tomato (Vegetative),0.85,50.0,42.1,HEALTHY,0,0.0
2026-05-17 23:00:00,esp32-field-01,EXTENDED_DROUGHT_DEFICIT,14.03,2607,14.2,85.8,HEALTHY,25.73,57.6,0.0,2.73,4.37,1.5,0,Tomato (Vegetative),0.85,50.0,42.1,HEALTHY,0,0.0
2026-05-18 00:00:00,esp32-field-01,EXTENDED_DROUGHT_DEFICIT,14.03,2630,13.43,86.57,HEALTHY,25.38,56.9,0.0,0.27,4.6,1.7,0,Tomato (Vegetative),0.85,50.0,42.1,HEALTHY,0,0.0
2026-05-18 01:00:00,esp32-field-01,EXTENDED_DROUGHT_DEFICIT,14.03,2603,14.7,85.3,HEALTHY,25.56,63.6,0.0,0.66,5.01,1.9,0,Tomato (Vegetative),0.85,50.0,42.1,HEALTHY,0,0.0
2026-05-18 02:00:00,esp32-field-01,EXTENDED_DROUGHT_DEFICIT,14.03,2627,13.05,86.95,HEALTHY,23.9,57.4,0.0,0.33,4.56,0.2,0,Tomato (Vegetative),0.85,50.0,42.1,HEALTHY,0,0.0
2026-05-18 03:00:00,esp32-field-01,EXTENDED_DROUGHT_DEFICIT,14.03,2620,13.9,86.1,HEALTHY,24.63,64.1,0.0,1.01,4.63,0.9,0,Tomato (Vegetative),0.85,50.0,42.1,HEALTHY,0,0.0
2026-05-18 04:00:00,esp32-field-01,EXTENDED_DROUGHT_DEFICIT,14.03,2601,14.22,85.78,HEALTHY,24.84,57.3,0.0,0.35,4.38,1.4,0,Tomato (Vegetative),0.85,50.0,42.1,HEALTHY,0,0.0
2026-05-18 05:00:00,esp32-field-01,EXTENDED_DROUGHT_DEFICIT,14.02,2598,15.26,84.74,HEALTHY,26.72,55.6,0.0,1.66,4.73,7.5,0,Tomato (Vegetative),0.85,50.0,42.1,HEALTHY,0,0.0
2026-05-18 06:00:00,esp32-field-01,EXTENDED_DROUGHT_DEFICIT,14.02,2598,13.52,86.48,HEALTHY,26.51,52.7,0.0,1.43,5.26,4.0,0,Tomato (Vegetative),0.85,50.0,42.1,HEALTHY,0,0.0
2026-05-18 07:00:00,esp32-field-01,EXTENDED_DROUGHT_DEFICIT,14.02,2619,14.61,85.39,HEALTHY,28.41,50.9,0.0,4.88,5.29,3.2,0,Tomato (Vegetative),0.85,50.0,42.0,HEALTHY,0,0.0
2026-05-18 08:00:00,esp32-field-01,EXTENDED_DROUGHT_DEFICIT,14.0,2615,13.48,86.52,HEALTHY,32.2,44.6,0.0,1.11,6.13,5.0,0,Tomato (Vegetative),0.85,50.0,42.0,HEALTHY,0,0.0
2026-05-18 09:00:00,esp32-field-01,EXTENDED_DROUGHT_DEFICIT,13.99,2594,14.88,85.12,HEALTHY,31.72,37.8,0.0,2.85,5.61,4.0,0,Tomato (Vegetative),0.85,50.0,42.0,HEALTHY,0,0.0
2026-05-18 10:00:00,esp32-field-01,EXTENDED_DROUGHT_DEFICIT,14.01,2594,13.91,86.09,HEALTHY,34.21,40.7,0.0,1.43,6.0,0.4,0,Tomato (Vegetative),0.85,50.0,42.0,HEALTHY,1,20.0
2026-05-18 11:00:00,esp32-field-01,EXTENDED_DROUGHT_DEFICIT,13.98,2622,14.67,85.33,HEALTHY,36.26,37.5,0.0,1.9,6.1,4.8,0,Tomato (Vegetative),0.85,50.0,42.0,HEALTHY,0,0.0
2026-05-18 12:00:00,esp32-field-01,EXTENDED_DROUGHT_DEFICIT,14.0,2611,14.06,85.94,HEALTHY,37.87,30.9,0.0,0.28,6.85,7.5,0,Tomato (Vegetative),0.85,50.0,42.0,HEALTHY,1,20.0
2026-05-18 13:00:00,esp32-field-01,EXTENDED_DROUGHT_DEFICIT,14.02,2630,13.61,86.39,HEALTHY,37.88,26.9,0.0,0.62,6.41,4.1,0,Tomato (Vegetative),0.85,50.0,42.0,HEALTHY,1,20.0
2026-05-18 14:00:00,esp32-field-01,EXTENDED_DROUGHT_DEFICIT,13.99,2620,15.58,84.42,HEALTHY,37.37,29.7,0.0,2.08,6.97,5.7,0,Tomato (Vegetative),0.85,50.0,42.0,HEALTHY,0,0.0
2026-05-18 15:00:00,esp32-field-01,EXTENDED_DROUGHT_DEFICIT,14.01,2620,14.95,85.05,HEALTHY,38.14,29.9,0.0,0.4,6.77,5.8,0,Tomato (Vegetative),0.85,50.0,42.0,HEALTHY,1,20.0
2026-05-18 16:00:00,esp32-field-01,EXTENDED_DROUGHT_DEFICIT,14.0,2637,12.97,87.03,HEALTHY,36.38,28.0,0.0,3.25,6.17,2.7,0,Tomato (Vegetative),0.85,50.0,42.0,HEALTHY,0,0.0
2026-05-18 17:00:00,esp32-field-01,EXTENDED_DROUGHT_DEFICIT,13.99,2612,13.54,86.46,HEALTHY,35.08,34.1,0.0,0.23,6.52,2.6,0,Tomato (Vegetative),0.85,50.0,42.0,HEALTHY,0,0.0
2026-05-18 18:00:00,esp32-field-01,EXTENDED_DROUGHT_DEFICIT,14.04,2593,14.33,85.67,HEALTHY,35.18,33.0,0.0,0.42,6.44,0.4,0,Tomato (Vegetative),0.85,50.0,41.9,HEALTHY,1,20.0
2026-05-18 19:00:00,esp32-field-01,EXTENDED_DROUGHT_DEFICIT,14.04,2650,12.89,87.11,HEALTHY,34.07,43.2,0.0,1.59,6.16,0.4,0,Tomato (Vegetative),0.85,50.0,41.9,HEALTHY,0,0.0
2026-05-18 20:00:00,esp32-field-01,EXTENDED_DROUGHT_DEFICIT,14.03,2604,14.42,85.58,HEALTHY,30.94,45.1,0.0,2.76,4.82,3.0,0,Tomato (Vegetative),0.85,50.0,41.9,HEALTHY,0,0.0
2026-05-18 21:00:00,esp32-field-01,EXTENDED_DROUGHT_DEFICIT,14.03,2599,14.42,85.58,HEALTHY,28.02,46.1,0.0,1.23,5.02,4.3,0,Tomato (Vegetative),0.85,50.0,41.9,HEALTHY,0,0.0
2026-05-18 22:00:00,esp32-field-01,EXTENDED_DROUGHT_DEFICIT,14.03,2619,14.34,85.66,HEALTHY,26.87,53.6,0.0,0.1,4.68,0.5,0,Tomato (Vegetative),0.85,50.0,41.9,HEALTHY,0,0.0
2026-05-18 23:00:00,esp32-field-01,EXTENDED_DROUGHT_DEFICIT,14.03,2643,12.83,87.17,HEALTHY,26.44,60.1,0.0,1.07,4.41,5.4,0,Tomato (Vegetative),0.85,50.0,41.9,HEALTHY,0,0.0
2026-05-19 00:00:00,esp32-field-01,EXTENDED_DROUGHT_DEFICIT,14.03,2621,14.63,85.37,HEALTHY,25.04,60.3,0.0,0.24,4.4,0.7,0,Tomato (Vegetative),0.85,50.0,41.9,HEALTHY,0,0.0
2026-05-19 01:00:00,esp32-field-01,EXTENDED_DROUGHT_DEFICIT,14.03,2578,15.45,84.55,HEALTHY,23.65,61.6,0.0,0.39,4.52,0.9,0,Tomato (Vegetative),0.85,50.0,41.9,HEALTHY,0,0.0
2026-05-19 02:00:00,esp32-field-01,EXTENDED_DROUGHT_DEFICIT,14.03,2599,14.93,85.07,HEALTHY,24.06,64.5,0.0,0.17,4.3,0.0,0,Tomato (Vegetative),0.85,50.0,41.9,HEALTHY,0,0.0
2026-05-19 03:00:00,esp32-field-01,EXTENDED_DROUGHT_DEFICIT,14.02,2629,13.61,86.39,HEALTHY,24.53,64.0,0.0,1.87,4.38,4.0,0,Tomato (Vegetative),0.85,50.0,41.9,HEALTHY,0,0.0
2026-05-19 04:00:00,esp32-field-01,EXTENDED_DROUGHT_DEFICIT,14.02,2621,13.6,86.4,HEALTHY,24.97,59.0,0.0,1.05,4.13,4.5,0,Tomato (Vegetative),0.85,50.0,41.8,HEALTHY,0,0.0
2026-05-19 05:00:00,esp32-field-01,EXTENDED_DROUGHT_DEFICIT,14.02,2611,15.02,84.98,HEALTHY,25.2,55.2,0.0,0.02,4.33,0.0,0,Tomato (Vegetative),0.85,50.0,41.8,HEALTHY,0,0.0
2026-05-19 06:00:00,esp32-field-01,EXTENDED_DROUGHT_DEFICIT,14.02,2619,13.73,86.27,HEALTHY,26.38,52.5,0.0,1.8,4.64,6.8,0,Tomato (Vegetative),0.85,50.0,41.8,HEALTHY,0,0.0
2026-05-19 07:00:00,esp32-field-01,EXTENDED_DROUGHT_DEFICIT,14.01,2595,14.86,85.14,HEALTHY,29.6,46.6,0.0,0.07,5.97,3.0,0,Tomato (Vegetative),0.85,50.0,41.8,HEALTHY,0,0.0
2026-05-19 08:00:00,esp32-field-01,EXTENDED_DROUGHT_DEFICIT,14.0,2592,14.49,85.51,HEALTHY,30.76,44.5,0.0,1.4,5.04,0.2,0,Tomato (Vegetative),0.85,50.0,41.8,HEALTHY,0,0.0
2026-05-19 09:00:00,esp32-field-01,EXTENDED_DROUGHT_DEFICIT,13.99,2608,14.22,85.78,HEALTHY,33.27,40.3,0.0,0.87,5.8,7.7,0,Tomato (Vegetative),0.85,50.0,41.8,HEALTHY,0,0.0
2026-05-19 10:00:00,esp32-field-01,EXTENDED_DROUGHT_DEFICIT,14.01,2623,12.96,87.04,HEALTHY,35.38,36.5,0.0,1.46,6.26,4.0,0,Tomato (Vegetative),0.85,50.0,41.8,HEALTHY,1,20.0
2026-05-19 11:00:00,esp32-field-01,EXTENDED_DROUGHT_DEFICIT,13.98,2643,13.83,86.17,HEALTHY,34.03,38.0,0.0,0.0,5.97,1.7,0,Tomato (Vegetative),0.85,50.0,41.8,HEALTHY,0,0.0
2026-05-19 12:00:00,esp32-field-01,EXTENDED_DROUGHT_DEFICIT,14.0,2620,13.7,86.3,HEALTHY,37.05,27.4,0.0,0.81,6.76,4.8,0,Tomato (Vegetative),0.85,50.0,41.8,HEALTHY,1,20.0
2026-05-19 13:00:00,esp32-field-01,EXTENDED_DROUGHT_DEFICIT,14.01,2595,14.0,86.0,HEALTHY,36.06,26.8,0.0,0.28,6.58,1.0,0,Tomato (Vegetative),0.85,50.0,41.8,HEALTHY,1,20.0
2026-05-19 14:00:00,esp32-field-01,EXTENDED_DROUGHT_DEFICIT,13.99,2599,14.42,85.58,HEALTHY,36.45,29.7,0.0,1.47,6.27,2.5,0,Tomato (Vegetative),0.85,50.0,41.7,HEALTHY,0,0.0
2026-05-19 15:00:00,esp32-field-01,EXTENDED_DROUGHT_DEFICIT,14.02,2614,14.47,85.53,HEALTHY,37.74,33.6,0.0,0.11,6.76,0.8,0,Tomato (Vegetative),0.85,50.0,41.7,HEALTHY,1,20.0
2026-05-19 16:00:00,esp32-field-01,EXTENDED_DROUGHT_DEFICIT,14.0,2617,14.32,85.68,HEALTHY,36.92,31.1,0.0,3.77,6.53,2.7,0,Tomato (Vegetative),0.85,50.0,41.7,HEALTHY,0,0.0
2026-05-19 17:00:00,esp32-field-01,EXTENDED_DROUGHT_DEFICIT,13.99,2584,14.54,85.46,HEALTHY,34.76,33.1,0.0,1.33,6.61,3.8,0,Tomato (Vegetative),0.85,50.0,41.7,HEALTHY,0,0.0
2026-05-19 18:00:00,esp32-field-01,EXTENDED_DROUGHT_DEFICIT,14.04,2605,14.4,85.6,HEALTHY,35.13,39.4,0.0,0.64,6.68,1.1,0,Tomato (Vegetative),0.85,50.0,41.7,HEALTHY,1,20.0
2026-05-19 19:00:00,esp32-field-01,EXTENDED_DROUGHT_DEFICIT,14.04,2598,14.14,85.86,HEALTHY,32.83,43.4,0.0,2.03,5.46,1.6,0,Tomato (Vegetative),0.85,50.0,41.7,HEALTHY,0,0.0
2026-05-19 20:00:00,esp32-field-01,EXTENDED_DROUGHT_DEFICIT,14.03,2584,14.55,85.45,HEALTHY,30.85,43.5,0.0,1.61,5.67,8.0,0,Tomato (Vegetative),0.85,50.0,41.7,HEALTHY,0,0.0
2026-05-19 21:00:00,esp32-field-01,EXTENDED_DROUGHT_DEFICIT,14.03,2609,13.83,86.17,HEALTHY,29.64,48.6,0.0,3.29,5.21,0.4,0,Tomato (Vegetative),0.85,50.0,41.7,HEALTHY,0,0.0
2026-05-19 22:00:00,esp32-field-01,EXTENDED_DROUGHT_DEFICIT,14.03,2634,13.07,86.93,HEALTHY,27.64,55.7,0.0,0.18,4.91,1.8,0,Tomato (Vegetative),0.85,50.0,41.7,HEALTHY,0,0.0
2026-05-19 23:00:00,esp32-field-01,EXTENDED_DROUGHT_DEFICIT,14.03,2618,13.73,86.27,HEALTHY,26.35,55.4,0.0,1.06,4.71,3.3,0,Tomato (Vegetative),0.85,50.0,41.6,HEALTHY,0,0.0
2026-05-20 00:00:00,esp32-field-01,EXTENDED_DROUGHT_DEFICIT,14.03,2598,14.15,85.85,HEALTHY,25.86,63.8,0.0,2.84,4.57,1.7,0,Tomato (Vegetative),0.85,50.0,41.6,HEALTHY,0,0.0
2026-05-20 01:00:00,esp32-field-01,EXTENDED_DROUGHT_DEFICIT,14.03,2632,13.74,86.26,HEALTHY,24.62,65.6,0.0,2.41,3.96,1.4,0,Tomato (Vegetative),0.85,50.0,41.6,HEALTHY,0,0.0
2026-05-20 02:00:00,esp32-field-01,EXTENDED_DROUGHT_DEFICIT,14.03,2604,14.37,85.63,HEALTHY,23.18,60.6,0.0,0.8,3.97,4.4,0,Tomato (Vegetative),0.85,50.0,41.6,HEALTHY,0,0.0
2026-05-20 03:00:00,esp32-field-01,EXTENDED_DROUGHT_DEFICIT,14.03,2632,12.79,87.21,HEALTHY,24.1,63.0,0.0,0.43,3.87,2.6,0,Tomato (Vegetative),0.85,50.0,41.6,HEALTHY,0,0.0
2026-05-20 04:00:00,esp32-field-01,EXTENDED_DROUGHT_DEFICIT,14.02,2620,13.88,86.12,HEALTHY,25.96,63.4,0.0,2.47,4.71,0.1,0,Tomato (Vegetative),0.85,50.0,41.6,HEALTHY,0,0.0
2026-05-20 05:00:00,esp32-field-01,EXTENDED_DROUGHT_DEFICIT,14.02,2620,13.43,86.57,HEALTHY,26.61,58.1,0.0,4.64,4.73,1.9,0,Tomato (Vegetative),0.85,50.0,41.6,HEALTHY,0,0.0
2026-05-20 06:00:00,esp32-field-01,EXTENDED_DROUGHT_DEFICIT,14.02,2611,14.55,85.45,HEALTHY,26.18,50.8,0.0,2.5,4.77,5.9,0,Tomato (Vegetative),0.85,50.0,41.6,HEALTHY,0,0.0
2026-05-20 07:00:00,esp32-field-01,EXTENDED_DROUGHT_DEFICIT,14.02,2602,13.34,86.66,HEALTHY,28.68,53.2,0.0,0.53,5.03,1.5,0,Tomato (Vegetative),0.85,50.0,41.6,HEALTHY,0,0.0
2026-05-20 08:00:00,esp32-field-01,EXTENDED_DROUGHT_DEFICIT,14.0,2619,13.89,86.11,HEALTHY,31.85,47.1,0.0,1.67,5.66,3.5,0,Tomato (Vegetative),0.85,50.0,41.6,HEALTHY,0,0.0
2026-05-20 09:00:00,esp32-field-01,EXTENDED_DROUGHT_DEFICIT,13.98,2607,13.99,86.01,HEALTHY,32.43,38.6,0.0,0.48,6.07,0.5,0,Tomato (Vegetative),0.85,50.0,41.5,HEALTHY,0,0.0
2026-05-20 10:00:00,esp32-field-01,EXTENDED_DROUGHT_DEFICIT,14.01,2588,15.05,84.95,HEALTHY,35.02,38.2,0.0,0.37,6.26,0.0,0,Tomato (Vegetative),0.85,50.0,41.5,HEALTHY,1,20.0
2026-05-20 11:00:00,esp32-field-01,EXTENDED_DROUGHT_DEFICIT,13.98,2626,14.49,85.51,HEALTHY,34.85,32.3,0.0,0.25,5.81,4.9,0,Tomato (Vegetative),0.85,50.0,41.5,HEALTHY,0,0.0
2026-05-20 12:00:00,esp32-field-01,EXTENDED_DROUGHT_DEFICIT,14.0,2622,13.49,86.51,HEALTHY,37.0,32.7,0.0,0.72,6.94,1.0,0,Tomato (Vegetative),0.85,50.0,41.5,HEALTHY,1,20.0
2026-05-20 13:00:00,esp32-field-01,EXTENDED_DROUGHT_DEFICIT,14.01,2611,13.92,86.08,HEALTHY,38.36,22.1,0.0,0.72,7.26,7.0,0,Tomato (Vegetative),0.85,50.0,41.5,HEALTHY,1,20.0
2026-05-20 14:00:00,esp32-field-01,EXTENDED_DROUGHT_DEFICIT,13.98,2641,12.47,87.53,HEALTHY,38.01,26.5,0.0,0.12,6.95,2.4,0,Tomato (Vegetative),0.85,50.0,41.5,HEALTHY,0,0.0
2026-05-20 15:00:00,esp32-field-01,EXTENDED_DROUGHT_DEFICIT,14.01,2619,12.83,87.17,HEALTHY,38.19,30.9,0.0,0.31,7.31,4.1,0,Tomato (Vegetative),0.85,50.0,41.5,HEALTHY,1,20.0
2026-05-20 16:00:00,esp32-field-01,EXTENDED_DROUGHT_DEFICIT,13.99,2593,13.59,86.41,HEALTHY,36.14,30.4,0.0,2.02,6.75,2.8,0,Tomato (Vegetative),0.85,50.0,41.5,HEALTHY,0,0.0
2026-05-20 17:00:00,esp32-field-01,EXTENDED_DROUGHT_DEFICIT,14.03,2634,12.72,87.28,HEALTHY,34.76,35.5,0.0,0.82,5.69,2.5,0,Tomato (Vegetative),0.85,50.0,41.5,HEALTHY,1,20.0
2026-05-20 18:00:00,esp32-field-01,EXTENDED_DROUGHT_DEFICIT,14.03,2624,12.76,87.24,HEALTHY,34.41,35.3,0.0,0.05,5.98,0.8,0,Tomato (Vegetative),0.85,50.0,41.5,HEALTHY,0,0.0
2026-05-20 19:00:00,esp32-field-01,EXTENDED_DROUGHT_DEFICIT,14.03,2600,13.68,86.32,HEALTHY,33.24,42.7,0.0,5.99,5.82,1.0,0,Tomato (Vegetative),0.85,50.0,41.5,HEALTHY,0,0.0
2026-05-20 20:00:00,esp32-field-01,EXTENDED_DROUGHT_DEFICIT,14.03,2615,13.75,86.25,HEALTHY,31.13,42.1,0.0,0.29,5.27,4.4,0,Tomato (Vegetative),0.85,50.0,41.4,HEALTHY,0,0.0
2026-05-20 21:00:00,esp32-field-01,EXTENDED_DROUGHT_DEFICIT,14.03,2591,14.55,85.45,HEALTHY,28.34,47.6,0.0,2.51,5.45,1.3,0,Tomato (Vegetative),0.85,50.0,41.4,HEALTHY,0,0.0
2026-05-20 22:00:00,esp32-field-01,EXTENDED_DROUGHT_DEFICIT,14.02,2625,13.71,86.29,HEALTHY,27.44,59.3,0.0,0.01,5.13,2.5,0,Tomato (Vegetative),0.85,50.0,41.4,HEALTHY,0,0.0
2026-05-20 23:00:00,esp32-field-01,EXTENDED_DROUGHT_DEFICIT,14.02,2604,15.46,84.54,HEALTHY,25.59,55.0,0.0,0.63,4.37,5.2,0,Tomato (Vegetative),0.85,50.0,41.4,HEALTHY,0,0.0
2026-05-21 00:00:00,esp32-field-01,EXTENDED_DROUGHT_DEFICIT,14.02,2625,13.45,86.55,HEALTHY,25.19,54.6,0.0,0.64,4.66,1.7,0,Tomato (Vegetative),0.85,50.0,41.4,HEALTHY,0,0.0
2026-05-21 01:00:00,esp32-field-01,EXTENDED_DROUGHT_DEFICIT,14.02,2618,13.88,86.12,HEALTHY,23.74,64.4,0.0,1.92,4.14,0.9,0,Tomato (Vegetative),0.85,50.0,41.4,HEALTHY,0,0.0
2026-05-21 02:00:00,esp32-field-01,EXTENDED_DROUGHT_DEFICIT,14.02,2598,13.99,86.01,HEALTHY,23.49,61.5,0.0,1.15,4.12,2.7,0,Tomato (Vegetative),0.85,50.0,41.4,HEALTHY,0,0.0
2026-05-21 03:00:00,esp32-field-01,EXTENDED_DROUGHT_DEFICIT,14.02,2627,13.59,86.41,HEALTHY,24.99,60.1,0.0,2.06,4.48,7.1,0,Tomato (Vegetative),0.85,50.0,41.4,HEALTHY,0,0.0
2026-05-21 04:00:00,esp32-field-01,EXTENDED_DROUGHT_DEFICIT,14.02,2635,12.86,87.14,HEALTHY,23.85,60.9,0.0,0.17,4.02,0.2,0,Tomato (Vegetative),0.85,50.0,41.4,HEALTHY,0,0.0
2026-05-21 05:00:00,esp32-field-01,EXTENDED_DROUGHT_DEFICIT,14.01,2606,14.13,85.87,HEALTHY,25.81,56.7,0.0,0.46,4.86,5.1,0,Tomato (Vegetative),0.85,50.0,41.4,HEALTHY,0,0.0
2026-05-21 06:00:00,esp32-field-01,EXTENDED_DROUGHT_DEFICIT,14.01,2617,13.89,86.11,HEALTHY,28.11,49.4,0.0,0.12,4.93,2.5,0,Tomato (Vegetative),0.85,50.0,41.3,HEALTHY,0,0.0
2026-05-21 07:00:00,esp32-field-01,EXTENDED_DROUGHT_DEFICIT,14.01,2582,14.43,85.57,HEALTHY,29.74,53.7,0.0,2.04,5.22,0.3,0,Tomato (Vegetative),0.85,50.0,41.3,HEALTHY,0,0.0
2026-05-21 08:00:00,esp32-field-01,EXTENDED_DROUGHT_DEFICIT,13.99,2612,13.08,86.92,HEALTHY,31.72,44.1,0.0,1.98,5.65,2.8,0,Tomato (Vegetative),0.85,50.0,41.3,HEALTHY,0,0.0
2026-05-21 09:00:00,esp32-field-01,EXTENDED_DROUGHT_DEFICIT,14.02,2592,14.51,85.49,HEALTHY,33.28,38.8,0.0,2.59,5.59,0.5,0,Tomato (Vegetative),0.85,50.0,41.3,HEALTHY,1,20.0
2026-05-21 10:00:00,esp32-field-01,EXTENDED_DROUGHT_DEFICIT,14.0,2635,13.87,86.13,HEALTHY,33.25,38.0,0.0,1.05,5.94,1.5,0,Tomato (Vegetative),0.85,50.0,41.3,HEALTHY,0,0.0
2026-05-21 11:00:00,esp32-field-01,EXTENDED_DROUGHT_DEFICIT,14.02,2585,14.62,85.38,HEALTHY,35.7,32.6,0.0,1.08,6.88,0.1,0,Tomato (Vegetative),0.85,50.0,41.3,HEALTHY,1,20.0
2026-05-21 12:00:00,esp32-field-01,EXTENDED_DROUGHT_DEFICIT,13.99,2608,14.24,85.76,HEALTHY,37.46,26.1,0.0,2.98,6.66,0.0,0,Tomato (Vegetative),0.85,50.0,41.3,HEALTHY,0,0.0
2026-05-21 13:00:00,esp32-field-01,EXTENDED_DROUGHT_DEFICIT,14.0,2608,14.36,85.64,HEALTHY,37.23,26.5,0.0,0.18,6.89,1.7,0,Tomato (Vegetative),0.85,50.0,41.3,HEALTHY,1,20.0
2026-05-21 14:00:00,esp32-field-01,EXTENDED_DROUGHT_DEFICIT,13.98,2602,14.83,85.17,HEALTHY,37.19,25.9,0.0,1.04,6.42,0.1,0,Tomato (Vegetative),0.85,50.0,41.3,HEALTHY,0,0.0
2026-05-21 15:00:00,esp32-field-01,EXTENDED_DROUGHT_DEFICIT,14.0,2628,13.6,86.4,HEALTHY,38.28,33.2,0.0,2.1,6.94,1.0,0,Tomato (Vegetative),0.85,50.0,41.2,HEALTHY,1,20.0
2026-05-21 16:00:00,esp32-field-01,EXTENDED_DROUGHT_DEFICIT,13.99,2610,14.37,85.63,HEALTHY,36.26,27.2,0.0,1.94,6.63,0.6,0,Tomato (Vegetative),0.85,50.0,41.2,HEALTHY,0,0.0
2026-05-21 17:00:00,esp32-field-01,EXTENDED_DROUGHT_DEFICIT,14.03,2615,13.74,86.26,HEALTHY,36.06,30.1,0.0,1.88,6.15,1.4,0,Tomato (Vegetative),0.85,50.0,41.2,HEALTHY,1,20.0
2026-05-21 18:00:00,esp32-field-01,EXTENDED_DROUGHT_DEFICIT,14.03,2626,14.13,85.87,HEALTHY,34.62,35.7,0.0,4.3,5.81,0.1,0,Tomato (Vegetative),0.85,50.0,41.2,HEALTHY,0,0.0
2026-05-21 19:00:00,esp32-field-01,EXTENDED_DROUGHT_DEFICIT,14.02,2600,15.31,84.69,HEALTHY,32.27,43.5,0.0,0.96,5.7,10.0,0,Tomato (Vegetative),0.85,50.0,41.2,HEALTHY,0,0.0
2026-05-21 20:00:00,esp32-field-01,EXTENDED_DROUGHT_DEFICIT,14.02,2633,13.29,86.71,HEALTHY,30.88,45.1,0.0,0.05,5.53,0.8,0,Tomato (Vegetative),0.85,50.0,41.2,HEALTHY,0,0.0
2026-05-21 21:00:00,esp32-field-01,EXTENDED_DROUGHT_DEFICIT,14.02,2592,14.29,85.71,HEALTHY,29.28,52.6,0.0,0.91,5.29,1.3,0,Tomato (Vegetative),0.85,50.0,41.2,HEALTHY,0,0.0
2026-05-21 22:00:00,esp32-field-01,EXTENDED_DROUGHT_DEFICIT,14.02,2610,13.8,86.2,HEALTHY,28.5,53.1,0.0,3.16,5.19,2.9,0,Tomato (Vegetative),0.85,50.0,41.2,HEALTHY,0,0.0
2026-05-21 23:00:00,esp32-field-01,EXTENDED_DROUGHT_DEFICIT,14.02,2599,14.85,85.15,HEALTHY,25.43,56.0,0.0,0.22,4.45,2.6,0,Tomato (Vegetative),0.85,50.0,41.2,HEALTHY,0,0.0
2026-05-22 00:00:00,esp32-field-01,EXTENDED_DROUGHT_DEFICIT,14.02,2635,12.66,87.34,HEALTHY,24.95,62.1,0.0,0.5,4.16,1.2,0,Tomato (Vegetative),0.85,50.0,41.2,HEALTHY,0,0.0
2026-05-22 01:00:00,esp32-field-01,EXTENDED_DROUGHT_DEFICIT,14.02,2631,13.96,86.04,HEALTHY,24.29,58.9,0.0,3.33,4.27,4.1,0,Tomato (Vegetative),0.85,50.0,41.1,HEALTHY,0,0.0
2026-05-22 02:00:00,esp32-field-01,EXTENDED_DROUGHT_DEFICIT,14.01,2616,14.18,85.82,HEALTHY,24.43,66.9,0.0,1.18,4.33,1.7,0,Tomato (Vegetative),0.85,50.0,41.1,HEALTHY,0,0.0
2026-05-22 03:00:00,esp32-field-01,EXTENDED_DROUGHT_DEFICIT,14.01,2614,14.04,85.96,HEALTHY,24.0,62.5,0.0,1.38,4.4,1.0,0,Tomato (Vegetative),0.85,50.0,41.1,HEALTHY,0,0.0
2026-05-22 04:00:00,esp32-field-01,EXTENDED_DROUGHT_DEFICIT,14.01,2587,14.0,86.0,HEALTHY,23.91,64.7,0.0,0.42,4.6,1.4,0,Tomato (Vegetative),0.85,50.0,41.1,HEALTHY,0,0.0
2026-05-22 05:00:00,esp32-field-01,EXTENDED_DROUGHT_DEFICIT,14.09,2610,14.11,85.89,HEALTHY,26.54,59.8,0.4,0.96,4.59,69.4,1,Tomato (Vegetative),0.85,50.0,41.9,HEALTHY,0,0.0
2026-05-22 06:00:00,esp32-field-01,EXTENDED_DROUGHT_DEFICIT,14.09,2642,13.54,86.46,HEALTHY,27.24,49.1,0.0,8.13,5.21,2.3,0,Tomato (Vegetative),0.85,50.0,41.1,HEALTHY,0,0.0
2026-05-22 07:00:00,esp32-field-01,EXTENDED_DROUGHT_DEFICIT,14.09,2615,14.28,85.72,HEALTHY,27.77,48.0,0.0,0.81,5.13,4.2,0,Tomato (Vegetative),0.85,50.0,41.1,HEALTHY,0,0.0
2026-05-22 08:00:00,esp32-field-01,EXTENDED_DROUGHT_DEFICIT,14.07,2585,15.19,84.81,HEALTHY,31.11,44.3,0.0,0.58,5.78,8.8,0,Tomato (Vegetative),0.85,50.0,41.1,HEALTHY,0,0.0
2026-05-22 09:00:00,esp32-field-01,EXTENDED_DROUGHT_DEFICIT,14.05,2602,14.63,85.37,HEALTHY,33.88,38.1,0.0,0.55,6.15,5.5,0,Tomato (Vegetative),0.85,50.0,41.1,HEALTHY,0,0.0
2026-05-22 10:00:00,esp32-field-01,EXTENDED_DROUGHT_DEFICIT,14.03,2629,12.85,87.15,HEALTHY,33.73,35.0,0.0,0.8,6.0,0.1,0,Tomato (Vegetative),0.85,50.0,41.1,HEALTHY,0,0.0
2026-05-22 11:00:00,esp32-field-01,EXTENDED_DROUGHT_DEFICIT,14.0,2634,12.77,87.23,HEALTHY,36.82,31.2,0.0,1.04,6.67,2.0,0,Tomato (Vegetative),0.85,50.0,41.0,HEALTHY,0,0.0
2026-05-22 12:00:00,esp32-field-01,EXTENDED_DROUGHT_DEFICIT,13.97,2602,14.54,85.46,HEALTHY,36.04,29.6,0.0,2.58,6.48,2.5,0,Tomato (Vegetative),0.85,50.0,41.0,HEALTHY,0,0.0
2026-05-22 13:00:00,esp32-field-01,EXTENDED_DROUGHT_DEFICIT,13.99,2638,12.85,87.15,HEALTHY,37.36,26.8,0.0,0.53,6.31,3.9,0,Tomato (Vegetative),0.85,50.0,41.0,HEALTHY,1,20.0
2026-05-22 14:00:00,esp32-field-01,EXTENDED_DROUGHT_DEFICIT,14.01,2595,15.37,84.63,HEALTHY,38.09,29.8,0.0,2.51,6.67,3.6,0,Tomato (Vegetative),0.85,50.0,41.0,HEALTHY,1,20.0
2026-05-22 15:00:00,esp32-field-01,EXTENDED_DROUGHT_DEFICIT,13.99,2606,13.47,86.53,HEALTHY,38.19,26.8,0.0,2.82,6.35,1.9,0,Tomato (Vegetative),0.85,50.0,41.0,HEALTHY,0,0.0
2026-05-22 16:00:00,esp32-field-01,PASSING_SHOWERS,14.07,2609,13.8,86.2,HEALTHY,31.74,59.4,0.0,1.03,4.82,0.8,0,Tomato (Vegetative),0.85,50.0,41.0,HEALTHY,1,40.0
2026-05-22 17:00:00,esp32-field-01,PASSING_SHOWERS,14.14,2616,13.83,86.17,HEALTHY,30.42,62.2,0.0,0.61,4.13,2.0,0,Tomato (Vegetative),0.85,50.0,41.0,HEALTHY,1,30.0
2026-05-22 18:00:00,esp32-field-01,PASSING_SHOWERS,16.69,2547,17.96,82.04,HEALTHY,29.74,65.3,12.0,21.75,4.5,98.1,1,Tomato (Vegetative),0.85,50.0,65.0,HEALTHY,0,0.0
2026-05-22 19:00:00,esp32-field-01,PASSING_SHOWERS,16.75,2591,15.68,84.32,HEALTHY,28.32,63.9,0.0,1.23,3.89,6.5,0,Tomato (Vegetative),0.85,50.0,41.0,HEALTHY,1,30.0
2026-05-22 20:00:00,esp32-field-01,PASSING_SHOWERS,16.8,2572,17.41,82.59,HEALTHY,27.43,68.3,0.0,3.16,3.95,9.2,0,Tomato (Vegetative),0.85,50.0,41.0,HEALTHY,1,25.0
2026-05-22 21:00:00,esp32-field-01,PASSING_SHOWERS,16.89,2568,16.64,83.36,HEALTHY,26.33,70.5,0.0,0.3,4.19,0.7,0,Tomato (Vegetative),0.85,50.0,41.0,HEALTHY,1,40.0
2026-05-22 22:00:00,esp32-field-01,PASSING_SHOWERS,16.98,2580,15.07,84.93,HEALTHY,24.73,77.6,0.0,0.17,3.82,3.3,0,Tomato (Vegetative),0.85,50.0,40.9,HEALTHY,1,40.0
2026-05-22 23:00:00,esp32-field-01,PASSING_SHOWERS,17.42,2544,17.96,82.04,HEALTHY,23.56,77.9,2.1,5.66,3.88,83.4,1,Tomato (Vegetative),0.85,50.0,45.1,HEALTHY,0,0.0
2026-05-23 00:00:00,esp32-field-01,PASSING_SHOWERS,17.47,2558,16.98,83.02,HEALTHY,23.36,85.2,0.0,1.78,3.35,0.6,0,Tomato (Vegetative),0.85,50.0,40.9,HEALTHY,1,25.0
2026-05-23 01:00:00,esp32-field-01,PASSING_SHOWERS,17.56,2547,17.21,82.79,HEALTHY,21.51,81.1,0.0,1.69,3.12,4.1,0,Tomato (Vegetative),0.85,50.0,40.9,HEALTHY,1,40.0
2026-05-23 02:00:00,esp32-field-01,PASSING_SHOWERS,17.62,2541,17.57,82.43,HEALTHY,21.62,81.5,0.0,2.6,3.52,0.4,0,Tomato (Vegetative),0.85,50.0,40.9,HEALTHY,1,25.0
2026-05-23 03:00:00,esp32-field-01,PASSING_SHOWERS,17.68,2584,15.8,84.2,HEALTHY,22.53,82.4,0.0,5.82,3.22,2.6,0,Tomato (Vegetative),0.85,50.0,40.9,HEALTHY,1,30.0
2026-05-23 04:00:00,esp32-field-01,PASSING_SHOWERS,17.77,2545,17.71,82.29,HEALTHY,21.7,84.3,0.0,0.36,3.13,0.4,0,Tomato (Vegetative),0.85,50.0,40.9,HEALTHY,1,40.0
2026-05-23 05:00:00,esp32-field-01,PASSING_SHOWERS,17.82,2546,17.66,82.34,HEALTHY,23.51,78.9,0.0,0.13,3.11,1.7,0,Tomato (Vegetative),0.85,50.0,40.9,HEALTHY,1,25.0
2026-05-23 06:00:00,esp32-field-01,PASSING_SHOWERS,17.88,2534,17.63,82.37,HEALTHY,23.22,78.3,0.3,2.32,3.6,73.3,1,Tomato (Vegetative),0.85,50.0,41.5,HEALTHY,0,0.0
2026-05-23 07:00:00,esp32-field-01,PASSING_SHOWERS,17.94,2545,17.82,82.18,HEALTHY,26.77,74.7,0.0,1.83,3.95,1.5,0,Tomato (Vegetative),0.85,50.0,40.9,HEALTHY,1,30.0
2026-05-23 08:00:00,esp32-field-01,PASSING_SHOWERS,18.0,2520,19.36,80.64,HEALTHY,27.11,70.7,0.0,0.54,3.64,2.1,0,Tomato (Vegetative),0.85,50.0,40.8,HEALTHY,1,40.0
2026-05-23 09:00:00,esp32-field-01,PASSING_SHOWERS,18.05,2538,18.15,81.85,HEALTHY,27.17,66.6,0.0,0.03,4.53,0.3,0,Tomato (Vegetative),0.85,50.0,40.8,HEALTHY,1,40.0
2026-05-23 10:00:00,esp32-field-01,PASSING_SHOWERS,18.09,2530,17.64,82.36,HEALTHY,29.43,61.9,0.0,0.09,4.35,2.5,0,Tomato (Vegetative),0.85,50.0,40.8,HEALTHY,1,40.0
2026-05-23 11:00:00,esp32-field-01,PASSING_SHOWERS,18.1,2551,18.06,81.94,HEALTHY,29.92,60.3,0.0,0.24,4.52,1.3,0,Tomato (Vegetative),0.85,50.0,40.8,HEALTHY,1,30.0
2026-05-23 12:00:00,esp32-field-01,PASSING_SHOWERS,18.09,2552,18.21,81.79,HEALTHY,30.68,61.2,0.0,3.0,4.72,9.4,0,Tomato (Vegetative),0.85,50.0,40.8,HEALTHY,1,25.0
2026-05-23 13:00:00,esp32-field-01,PASSING_SHOWERS,18.11,2548,17.86,82.14,HEALTHY,31.49,58.2,0.0,1.28,4.35,4.2,0,Tomato (Vegetative),0.85,50.0,40.8,HEALTHY,1,30.0
2026-05-23 14:00:00,esp32-field-01,PASSING_SHOWERS,18.14,2521,18.3,81.7,HEALTHY,32.53,51.7,0.0,1.29,5.0,6.7,0,Tomato (Vegetative),0.85,50.0,40.8,HEALTHY,1,40.0
2026-05-23 15:00:00,esp32-field-01,PASSING_SHOWERS,18.16,2549,17.88,82.12,HEALTHY,29.99,53.9,0.0,0.36,4.39,0.8,0,Tomato (Vegetative),0.85,50.0,40.8,HEALTHY,1,30.0
2026-05-23 16:00:00,esp32-field-01,PASSING_SHOWERS,18.2,2532,18.53,81.47,HEALTHY,32.08,54.9,0.0,3.49,4.8,0.2,0,Tomato (Vegetative),0.85,50.0,40.8,HEALTHY,1,30.0
2026-05-23 17:00:00,esp32-field-01,PASSING_SHOWERS,18.27,2524,18.79,81.21,HEALTHY,29.08,66.4,0.0,0.42,4.64,0.3,0,Tomato (Vegetative),0.85,50.0,40.8,HEALTHY,1,40.0
2026-05-23 18:00:00,esp32-field-01,PASSING_SHOWERS,18.34,2551,17.94,82.06,HEALTHY,28.23,64.3,0.0,1.78,4.08,5.0,0,Tomato (Vegetative),0.85,50.0,40.7,HEALTHY,1,30.0
2026-05-23 19:00:00,esp32-field-01,PASSING_SHOWERS,18.39,2516,20.02,79.98,HEALTHY,27.94,64.3,0.0,0.68,4.14,0.7,0,Tomato (Vegetative),0.85,50.0,40.7,HEALTHY,1,25.0
2026-05-23 20:00:00,esp32-field-01,PASSING_SHOWERS,18.45,2533,17.62,82.38,HEALTHY,26.89,69.2,0.0,5.0,3.93,0.1,0,Tomato (Vegetative),0.85,50.0,40.7,HEALTHY,1,25.0
2026-05-23 21:00:00,esp32-field-01,PASSING_SHOWERS,18.53,2549,18.72,81.28,HEALTHY,25.78,77.1,0.0,0.05,3.88,8.3,0,Tomato (Vegetative),0.85,50.0,40.7,HEALTHY,1,40.0
2026-05-23 22:00:00,esp32-field-01,PASSING_SHOWERS,18.62,2547,18.92,81.08,HEALTHY,24.5,78.1,0.0,1.73,3.82,0.1,0,Tomato (Vegetative),0.85,50.0,40.7,HEALTHY,1,40.0
2026-05-23 23:00:00,esp32-field-01,PASSING_SHOWERS,18.67,2519,18.66,81.34,HEALTHY,23.13,80.8,0.0,1.14,3.53,0.0,0,Tomato (Vegetative),0.85,50.0,40.7,HEALTHY,1,25.0
2026-05-24 00:00:00,esp32-field-01,PASSING_SHOWERS,18.76,2532,18.78,81.22,HEALTHY,22.55,79.1,0.0,0.15,3.21,2.3,0,Tomato (Vegetative),0.85,50.0,40.7,HEALTHY,1,40.0
2026-05-24 01:00:00,esp32-field-01,PASSING_SHOWERS,18.81,2554,17.8,82.2,HEALTHY,21.11,84.5,0.0,1.08,3.03,0.2,0,Tomato (Vegetative),0.85,50.0,40.7,HEALTHY,1,25.0
2026-05-24 02:00:00,esp32-field-01,PASSING_SHOWERS,18.9,2516,18.72,81.28,HEALTHY,21.92,84.1,0.0,0.09,3.24,6.0,0,Tomato (Vegetative),0.85,50.0,40.7,HEALTHY,1,40.0
2026-05-24 03:00:00,esp32-field-01,PASSING_SHOWERS,18.96,2542,19.27,80.73,HEALTHY,21.07,81.0,0.0,5.83,2.9,2.3,0,Tomato (Vegetative),0.85,50.0,40.6,HEALTHY,1,30.0
2026-05-24 04:00:00,esp32-field-01,PASSING_SHOWERS,19.02,2553,18.25,81.75,HEALTHY,23.05,83.0,0.0,0.84,3.21,3.6,0,Tomato (Vegetative),0.85,50.0,40.6,HEALTHY,1,30.0
2026-05-24 05:00:00,esp32-field-01,PASSING_SHOWERS,19.09,2516,19.66,80.34,HEALTHY,23.68,78.9,0.0,3.21,3.59,0.9,0,Tomato (Vegetative),0.85,50.0,40.6,HEALTHY,1,30.0
2026-05-24 06:00:00,esp32-field-01,PASSING_SHOWERS,19.15,2494,20.53,79.47,HEALTHY,25.2,77.9,0.0,1.75,3.26,1.1,0,Tomato (Vegetative),0.85,50.0,40.6,HEALTHY,1,30.0
2026-05-24 07:00:00,esp32-field-01,PASSING_SHOWERS,19.19,2533,18.25,81.75,HEALTHY,26.0,77.6,0.0,2.51,4.05,1.1,0,Tomato (Vegetative),0.85,50.0,40.6,HEALTHY,1,25.0
2026-05-24 08:00:00,esp32-field-01,PASSING_SHOWERS,19.25,2525,19.06,80.94,HEALTHY,27.0,70.7,0.0,1.14,4.11,0.8,0,Tomato (Vegetative),0.85,50.0,40.6,HEALTHY,1,40.0
2026-05-24 09:00:00,esp32-field-01,PASSING_SHOWERS,19.29,2519,18.4,81.6,HEALTHY,28.33,63.0,0.0,2.38,4.07,4.9,0,Tomato (Vegetative),0.85,50.0,40.6,HEALTHY,1,40.0
2026-05-24 10:00:00,esp32-field-01,PASSING_SHOWERS,20.87,2513,20.07,79.93,HEALTHY,29.81,61.7,7.7,12.06,4.65,94.8,1,Tomato (Vegetative),0.85,50.0,56.0,HEALTHY,0,0.0
2026-05-24 11:00:00,esp32-field-01,PASSING_SHOWERS,20.84,2490,20.42,79.58,HEALTHY,29.93,59.8,0.0,0.5,4.34,3.9,0,Tomato (Vegetative),0.85,50.0,40.6,HEALTHY,1,25.0
2026-05-24 12:00:00,esp32-field-01,PASSING_SHOWERS,20.85,2507,20.5,79.5,HEALTHY,30.46,61.4,0.0,0.43,4.44,4.7,0,Tomato (Vegetative),0.85,50.0,40.6,HEALTHY,1,40.0
2026-05-24 13:00:00,esp32-field-01,PASSING_SHOWERS,20.83,2518,20.9,79.1,HEALTHY,30.78,57.8,0.0,0.5,4.55,1.2,0,Tomato (Vegetative),0.85,50.0,40.5,HEALTHY,1,30.0
2026-05-24 14:00:00,esp32-field-01,PASSING_SHOWERS,23.26,2438,24.04,75.96,HEALTHY,32.3,63.1,11.8,20.47,4.81,93.7,1,Tomato (Vegetative),0.85,50.0,64.1,HEALTHY,0,0.0
2026-05-24 15:00:00,esp32-field-01,PASSING_SHOWERS,23.24,2466,22.11,77.89,HEALTHY,31.99,60.2,0.0,1.59,4.83,0.5,0,Tomato (Vegetative),0.85,50.0,40.5,HEALTHY,1,30.0
2026-05-24 16:00:00,esp32-field-01,PASSING_SHOWERS,23.27,2470,22.78,77.22,HEALTHY,31.9,58.6,0.0,0.57,4.94,0.1,0,Tomato (Vegetative),0.85,50.0,40.5,HEALTHY,1,40.0
2026-05-24 17:00:00,esp32-field-01,PASSING_SHOWERS,23.31,2458,22.86,77.14,HEALTHY,29.74,63.6,0.0,1.15,4.2,3.8,0,Tomato (Vegetative),0.85,50.0,40.5,HEALTHY,1,30.0
2026-05-24 18:00:00,esp32-field-01,PASSING_SHOWERS,23.38,2482,22.5,77.5,HEALTHY,29.36,63.1,0.0,1.82,4.56,3.4,0,Tomato (Vegetative),0.85,50.0,40.5,HEALTHY,1,30.0
2026-05-24 19:00:00,esp32-field-01,PASSING_SHOWERS,25.92,2445,24.29,75.71,HEALTHY,29.22,66.0,12.0,18.13,4.31,97.5,1,Tomato (Vegetative),0.85,50.0,64.5,HEALTHY,0,0.0
2026-05-24 20:00:00,esp32-field-01,PASSING_SHOWERS,25.98,2395,26.63,73.37,HEALTHY,26.93,70.6,0.0,0.1,4.09,8.5,0,Tomato (Vegetative),0.85,50.0,40.5,HEALTHY,1,30.0
2026-05-24 21:00:00,esp32-field-01,PASSING_SHOWERS,27.01,2385,27.79,72.21,HEALTHY,27.04,76.0,4.9,9.09,4.57,76.0,1,Tomato (Vegetative),0.85,50.0,50.3,HEALTHY,0,0.0
2026-05-24 22:00:00,esp32-field-01,PASSING_SHOWERS,27.01,2397,26.71,73.29,HEALTHY,23.98,72.3,0.0,0.0,3.46,0.9,0,Tomato (Vegetative),0.85,50.0,40.5,HEALTHY,0,0.0
2026-05-24 23:00:00,esp32-field-01,PASSING_SHOWERS,27.0,2409,26.55,73.45,HEALTHY,24.11,81.9,0.0,0.81,3.62,0.2,0,Tomato (Vegetative),0.85,50.0,40.4,HEALTHY,0,0.0
2026-05-25 00:00:00,esp32-field-01,PASSING_SHOWERS,27.0,2383,27.54,72.46,HEALTHY,23.52,82.0,0.0,4.95,3.35,4.4,0,Tomato (Vegetative),0.85,50.0,40.4,HEALTHY,0,0.0
2026-05-25 01:00:00,esp32-field-01,PASSING_SHOWERS,26.99,2405,26.61,73.39,HEALTHY,21.82,83.4,0.0,5.89,3.24,0.1,0,Tomato (Vegetative),0.85,50.0,40.4,HEALTHY,0,0.0
2026-05-25 02:00:00,esp32-field-01,PASSING_SHOWERS,26.99,2416,25.11,74.89,HEALTHY,22.2,78.9,0.0,1.4,3.13,2.2,0,Tomato (Vegetative),0.85,50.0,40.4,HEALTHY,0,0.0
2026-05-25 03:00:00,esp32-field-01,PASSING_SHOWERS,26.98,2404,26.79,73.21,HEALTHY,21.59,81.8,0.0,0.18,2.99,1.1,0,Tomato (Vegetative),0.85,50.0,40.4,HEALTHY,0,0.0
2026-05-25 04:00:00,esp32-field-01,PASSING_SHOWERS,27.12,2384,27.12,72.88,HEALTHY,22.71,82.9,0.7,3.45,3.13,65.0,1,Tomato (Vegetative),0.85,50.0,41.8,HEALTHY,0,0.0
2026-05-25 05:00:00,esp32-field-01,PASSING_SHOWERS,27.12,2387,27.13,72.87,HEALTHY,22.4,75.5,0.0,5.04,3.51,0.7,0,Tomato (Vegetative),0.85,50.0,40.4,HEALTHY,0,0.0
2026-05-25 06:00:00,esp32-field-01,PASSING_SHOWERS,27.11,2374,27.65,72.35,HEALTHY,25.72,73.3,0.0,3.3,4.07,0.9,0,Tomato (Vegetative),0.85,50.0,40.4,HEALTHY,0,0.0
2026-05-25 07:00:00,esp32-field-01,PASSING_SHOWERS,27.08,2406,27.48,72.52,HEALTHY,25.98,73.4,0.0,0.63,3.91,2.8,0,Tomato (Vegetative),0.85,50.0,40.4,HEALTHY,0,0.0
2026-05-25 08:00:00,esp32-field-01,PASSING_SHOWERS,27.04,2376,27.89,72.11,HEALTHY,26.1,71.3,0.0,0.02,3.63,1.5,0,Tomato (Vegetative),0.85,50.0,40.4,HEALTHY,0,0.0
2026-05-25 09:00:00,esp32-field-01,PASSING_SHOWERS,26.97,2361,28.69,71.31,HEALTHY,28.64,68.9,0.0,5.29,4.03,1.7,0,Tomato (Vegetative),0.85,50.0,40.4,HEALTHY,0,0.0
2026-05-25 10:00:00,esp32-field-01,PASSING_SHOWERS,26.87,2389,28.15,71.85,HEALTHY,29.96,62.9,0.0,1.25,4.5,2.0,0,Tomato (Vegetative),0.85,50.0,40.3,HEALTHY,0,0.0
2026-05-25 11:00:00,esp32-field-01,PASSING_SHOWERS,26.87,2397,26.67,73.33,HEALTHY,29.51,62.1,0.5,1.51,4.35,70.5,1,Tomato (Vegetative),0.85,50.0,41.3,HEALTHY,0,0.0
2026-05-25 12:00:00,esp32-field-01,PASSING_SHOWERS,28.29,2368,28.64,71.36,HEALTHY,30.71,57.0,7.2,11.24,4.62,79.4,1,Tomato (Vegetative),0.85,50.0,54.7,HEALTHY,0,0.0
2026-05-25 13:00:00,esp32-field-01,PASSING_SHOWERS,28.18,2356,29.62,70.38,HEALTHY,32.93,59.3,0.0,2.0,4.57,6.5,0,Tomato (Vegetative),0.85,50.0,40.3,HEALTHY,0,0.0
2026-05-25 14:00:00,esp32-field-01,PASSING_SHOWERS,28.06,2360,28.72,71.28,HEALTHY,32.28,56.8,0.0,1.32,5.38,12.6,0,Tomato (Vegetative),0.85,50.0,40.3,HEALTHY,0,0.0
2026-05-25 15:00:00,esp32-field-01,PASSING_SHOWERS,27.98,2399,26.92,73.08,HEALTHY,31.54,58.3,0.0,4.45,4.47,0.9,0,Tomato (Vegetative),0.85,50.0,40.3,HEALTHY,0,0.0
2026-05-25 16:00:00,esp32-field-01,PASSING_SHOWERS,28.29,2368,28.21,71.79,HEALTHY,30.65,61.8,1.7,13.21,4.37,71.2,1,Tomato (Vegetative),0.85,50.0,43.7,HEALTHY,0,0.0
2026-05-25 17:00:00,esp32-field-01,PASSING_SHOWERS,28.25,2335,29.41,70.59,HEALTHY,31.52,62.9,0.0,2.4,4.98,1.4,0,Tomato (Vegetative),0.85,50.0,40.3,HEALTHY,0,0.0
2026-05-25 18:00:00,esp32-field-01,PASSING_SHOWERS,28.25,2347,29.37,70.63,HEALTHY,29.02,60.2,0.0,1.36,4.22,6.5,0,Tomato (Vegetative),0.85,50.0,40.3,HEALTHY,0,0.0
2026-05-25 19:00:00,esp32-field-01,PASSING_SHOWERS,28.25,2372,28.9,71.1,HEALTHY,29.19,62.7,0.0,6.59,4.1,0.3,0,Tomato (Vegetative),0.85,50.0,40.2,HEALTHY,0,0.0
2026-05-25 20:00:00,esp32-field-01,PASSING_SHOWERS,28.24,2376,28.05,71.95,HEALTHY,26.96,71.8,0.0,0.02,4.27,5.6,0,Tomato (Vegetative),0.85,50.0,40.2,HEALTHY,0,0.0
2026-05-25 21:00:00,esp32-field-01,PASSING_SHOWERS,29.76,2341,30.28,69.72,HEALTHY,25.22,72.4,7.2,14.33,3.57,86.5,1,Tomato (Vegetative),0.85,50.0,54.6,HEALTHY,0,0.0
2026-05-25 22:00:00,esp32-field-01,PASSING_SHOWERS,29.76,2326,30.66,69.34,HEALTHY,24.49,78.8,0.0,2.75,3.76,3.9,0,Tomato (Vegetative),0.85,50.0,40.2,HEALTHY,0,0.0
2026-05-25 23:00:00,esp32-field-01,PASSING_SHOWERS,29.75,2359,28.97,71.03,HEALTHY,23.63,81.1,0.0,1.0,3.26,4.3,0,Tomato (Vegetative),0.85,50.0,40.2,HEALTHY,0,0.0
2026-05-26 00:00:00,esp32-field-01,PASSING_SHOWERS,29.74,2345,29.2,70.8,HEALTHY,22.11,83.5,0.0,1.41,3.0,4.1,0,Tomato (Vegetative),0.85,50.0,40.2,HEALTHY,0,0.0
2026-05-26 01:00:00,esp32-field-01,PASSING_SHOWERS,29.74,2343,30.73,69.27,HEALTHY,21.8,82.4,0.0,1.35,3.0,1.8,0,Tomato (Vegetative),0.85,50.0,40.2,HEALTHY,0,0.0
2026-05-26 02:00:00,esp32-field-01,PASSING_SHOWERS,29.73,2362,29.44,70.56,HEALTHY,21.6,84.8,0.0,0.15,3.08,0.4,0,Tomato (Vegetative),0.85,50.0,40.2,HEALTHY,0,0.0
2026-05-26 03:00:00,esp32-field-01,PASSING_SHOWERS,29.73,2341,30.12,69.88,HEALTHY,21.17,82.3,0.0,2.82,3.39,1.3,0,Tomato (Vegetative),0.85,50.0,40.2,HEALTHY,0,0.0
2026-05-26 04:00:00,esp32-field-01,PASSING_SHOWERS,31.78,2312,33.07,66.93,HEALTHY,22.87,76.1,9.7,15.7,3.12,91.5,1,Tomato (Vegetative),0.85,50.0,59.6,HEALTHY,0,0.0
2026-05-26 05:00:00,esp32-field-01,PASSING_SHOWERS,31.78,2289,31.72,68.28,HEALTHY,23.7,76.3,0.0,0.65,3.75,8.6,0,Tomato (Vegetative),0.85,50.0,40.1,HEALTHY,0,0.0
2026-05-26 06:00:00,esp32-field-01,PASSING_SHOWERS,31.77,2309,31.62,68.38,HEALTHY,25.23,77.3,0.0,1.98,4.1,3.0,0,Tomato (Vegetative),0.85,50.0,40.1,HEALTHY,0,0.0
2026-05-26 07:00:00,esp32-field-01,PASSING_SHOWERS,31.75,2315,31.45,68.55,HEALTHY,25.32,76.0,0.0,4.88,3.75,1.3,0,Tomato (Vegetative),0.85,50.0,40.1,HEALTHY,0,0.0
2026-05-26 08:00:00,esp32-field-01,PASSING_SHOWERS,31.69,2318,31.2,68.8,HEALTHY,28.25,69.0,0.0,2.97,4.33,2.8,0,Tomato (Vegetative),0.85,50.0,40.1,HEALTHY,0,0.0
2026-05-26 09:00:00,esp32-field-01,PASSING_SHOWERS,31.62,2293,32.51,67.49,HEALTHY,27.75,64.0,0.0,0.07,3.93,3.1,0,Tomato (Vegetative),0.85,50.0,40.1,HEALTHY,0,0.0
2026-05-26 10:00:00,esp32-field-01,PASSING_SHOWERS,31.53,2333,30.6,69.4,HEALTHY,28.67,61.8,0.0,0.8,4.17,4.8,0,Tomato (Vegetative),0.85,50.0,40.1,HEALTHY,0,0.0
2026-05-26 11:00:00,esp32-field-01,PASSING_SHOWERS,31.42,2318,31.15,68.85,HEALTHY,30.29,63.1,0.0,1.72,4.7,4.2,0,Tomato (Vegetative),0.85,50.0,40.1,HEALTHY,0,0.0
2026-05-26 12:00:00,esp32-field-01,PASSING_SHOWERS,31.31,2342,30.02,69.98,HEALTHY,31.52,63.4,0.0,0.2,4.46,2.3,0,Tomato (Vegetative),0.85,50.0,40.1,HEALTHY,0,0.0
2026-05-26 13:00:00,esp32-field-01,PASSING_SHOWERS,31.18,2300,30.91,69.09,HEALTHY,32.39,58.8,0.0,1.63,5.07,5.9,0,Tomato (Vegetative),0.85,50.0,40.1,HEALTHY,0,0.0
2026-05-26 14:00:00,esp32-field-01,PASSING_SHOWERS,31.07,2313,31.42,68.58,HEALTHY,32.06,56.3,0.0,6.9,5.06,4.5,0,Tomato (Vegetative),0.85,50.0,40.1,HEALTHY,0,0.0
2026-05-26 15:00:00,esp32-field-01,PASSING_SHOWERS,30.99,2301,32.38,67.62,HEALTHY,30.91,55.3,0.0,1.17,4.86,4.4,0,Tomato (Vegetative),0.85,50.0,40.0,HEALTHY,0,0.0
2026-05-26 16:00:00,esp32-field-01,PASSING_SHOWERS,30.93,2341,30.54,69.46,HEALTHY,31.83,59.5,0.0,0.92,4.54,2.0,0,Tomato (Vegetative),0.85,50.0,40.0,HEALTHY,0,0.0
2026-05-26 17:00:00,esp32-field-01,PASSING_SHOWERS,30.9,2315,31.17,68.83,HEALTHY,30.09,59.2,0.0,0.07,4.26,2.3,0,Tomato (Vegetative),0.85,50.0,40.0,HEALTHY,0,0.0
2026-05-26 18:00:00,esp32-field-01,PASSING_SHOWERS,30.9,2290,32.41,67.59,HEALTHY,30.18,68.3,0.0,0.66,4.84,9.1,0,Tomato (Vegetative),0.85,50.0,40.0,HEALTHY,0,0.0
2026-05-26 19:00:00,esp32-field-01,PASSING_SHOWERS,30.9,2343,30.0,70.0,HEALTHY,28.52,68.6,0.0,1.64,4.34,3.0,0,Tomato (Vegetative),0.85,50.0,40.0,HEALTHY,0,0.0
2026-05-26 20:00:00,esp32-field-01,PASSING_SHOWERS,30.89,2316,30.64,69.36,HEALTHY,26.49,66.7,0.0,1.23,4.21,1.7,0,Tomato (Vegetative),0.85,50.0,40.0,HEALTHY,0,0.0
2026-05-26 21:00:00,esp32-field-01,PASSING_SHOWERS,30.88,2322,31.47,68.53,HEALTHY,26.33,75.8,0.0,1.03,3.96,4.6,0,Tomato (Vegetative),0.85,50.0,40.0,HEALTHY,0,0.0
2026-05-26 22:00:00,esp32-field-01,PASSING_SHOWERS,30.87,2327,31.2,68.8,HEALTHY,23.97,77.6,0.0,0.52,3.38,4.7,0,Tomato (Vegetative),0.85,50.0,40.0,HEALTHY,0,0.0
2026-05-26 23:00:00,esp32-field-01,PASSING_SHOWERS,30.87,2358,30.38,69.62,HEALTHY,23.91,83.0,0.0,2.0,3.62,1.1,0,Tomato (Vegetative),0.85,50.0,40.0,HEALTHY,0,0.0
2026-05-27 00:00:00,esp32-field-01,PASSING_SHOWERS,30.86,2319,31.33,68.67,HEALTHY,23.91,80.2,0.0,0.0,3.45,1.0,0,Tomato (Vegetative),0.85,50.0,40.0,HEALTHY,0,0.0
2026-05-27 01:00:00,esp32-field-01,PASSING_SHOWERS,30.86,2349,29.05,70.95,HEALTHY,22.29,84.8,0.0,2.8,3.23,5.8,0,Tomato (Vegetative),0.85,50.0,39.9,HEALTHY,0,0.0
2026-05-27 02:00:00,esp32-field-01,PASSING_SHOWERS,30.85,2336,30.1,69.9,HEALTHY,23.73,80.2,0.0,3.94,3.21,0.2,0,Tomato (Vegetative),0.85,50.0,39.9,HEALTHY,0,0.0
2026-05-27 03:00:00,esp32-field-01,PASSING_SHOWERS,30.84,2331,30.4,69.6,HEALTHY,22.07,84.4,0.0,0.5,3.44,1.7,0,Tomato (Vegetative),0.85,50.0,39.9,HEALTHY,0,0.0
2026-05-27 04:00:00,esp32-field-01,PASSING_SHOWERS,30.84,2334,30.73,69.27,HEALTHY,22.66,86.0,0.0,0.52,3.14,2.6,0,Tomato (Vegetative),0.85,50.0,39.9,HEALTHY,0,0.0
2026-05-27 05:00:00,esp32-field-01,PASSING_SHOWERS,30.83,2289,31.88,68.12,HEALTHY,24.59,79.7,0.0,0.14,3.65,8.0,0,Tomato (Vegetative),0.85,50.0,39.9,HEALTHY,0,0.0
2026-05-27 06:00:00,esp32-field-01,PASSING_SHOWERS,31.74,2319,31.43,68.57,HEALTHY,25.3,77.6,4.3,7.39,3.44,74.1,1,Tomato (Vegetative),0.85,50.0,48.5,HEALTHY,0,0.0
2026-05-27 07:00:00,esp32-field-01,PASSING_SHOWERS,31.72,2296,31.08,68.92,HEALTHY,25.65,70.5,0.0,1.07,3.73,4.7,0,Tomato (Vegetative),0.85,50.0,39.9,HEALTHY,0,0.0
2026-05-27 08:00:00,esp32-field-01,PASSING_SHOWERS,32.5,2326,31.37,68.63,HEALTHY,27.35,68.7,3.9,6.27,3.66,77.8,1,Tomato (Vegetative),0.85,50.0,47.7,HEALTHY,0,0.0
2026-05-27 09:00:00,esp32-field-01,PASSING_SHOWERS,32.43,2323,30.71,69.29,HEALTHY,30.29,67.3,0.0,0.21,4.01,2.2,0,Tomato (Vegetative),0.85,50.0,39.9,HEALTHY,0,0.0
2026-05-27 10:00:00,esp32-field-01,PASSING_SHOWERS,32.33,2295,32.44,67.56,HEALTHY,29.27,57.4,0.0,1.26,4.6,1.2,0,Tomato (Vegetative),0.85,50.0,39.9,HEALTHY,0,0.0
2026-05-27 11:00:00,esp32-field-01,PASSING_SHOWERS,32.21,2297,32.59,67.41,HEALTHY,30.7,61.6,0.0,4.33,4.7,1.3,0,Tomato (Vegetative),0.85,50.0,39.9,HEALTHY,0,0.0
2026-05-27 12:00:00,esp32-field-01,PASSING_SHOWERS,32.09,2282,33.05,66.95,HEALTHY,31.92,58.2,0.0,0.07,4.93,3.1,0,Tomato (Vegetative),0.85,50.0,39.8,HEALTHY,0,0.0
2026-05-27 13:00:00,esp32-field-01,PASSING_SHOWERS,31.97,2298,32.98,67.02,HEALTHY,33.59,60.7,0.0,1.61,4.97,2.9,0,Tomato (Vegetative),0.85,50.0,39.8,HEALTHY,0,0.0
2026-05-27 14:00:00,esp32-field-01,PASSING_SHOWERS,31.85,2307,31.97,68.03,HEALTHY,32.83,56.9,0.0,0.05,5.37,4.6,0,Tomato (Vegetative),0.85,50.0,39.8,HEALTHY,0,0.0
2026-05-27 15:00:00,esp32-field-01,PASSING_SHOWERS,31.77,2306,30.65,69.35,HEALTHY,31.89,56.3,0.0,1.05,4.52,4.5,0,Tomato (Vegetative),0.85,50.0,39.8,HEALTHY,0,0.0
2026-05-27 16:00:00,esp32-field-01,PASSING_SHOWERS,31.72,2277,32.71,67.29,HEALTHY,31.16,57.1,0.0,0.08,4.4,1.3,0,Tomato (Vegetative),0.85,50.0,39.8,HEALTHY,0,0.0
2026-05-27 17:00:00,esp32-field-01,PASSING_SHOWERS,31.69,2309,30.94,69.06,HEALTHY,29.32,59.6,0.0,0.41,4.42,3.4,0,Tomato (Vegetative),0.85,50.0,39.8,HEALTHY,0,0.0
2026-05-27 18:00:00,esp32-field-01,PASSING_SHOWERS,32.5,2302,31.86,68.14,HEALTHY,28.79,64.7,3.8,6.33,3.98,76.0,1,Tomato (Vegetative),0.85,50.0,47.4,HEALTHY,0,0.0
2026-05-27 19:00:00,esp32-field-01,PASSING_SHOWERS,32.49,2267,32.78,67.22,HEALTHY,28.72,70.8,0.0,2.24,4.48,2.8,0,Tomato (Vegetative),0.85,50.0,39.8,HEALTHY,0,0.0
2026-05-27 20:00:00,esp32-field-01,PASSING_SHOWERS,32.48,2268,33.06,66.94,HEALTHY,26.25,67.6,0.0,0.1,4.31,4.3,0,Tomato (Vegetative),0.85,50.0,39.8,HEALTHY,0,0.0
2026-05-27 21:00:00,esp32-field-01,PASSING_SHOWERS,32.48,2286,33.31,66.69,HEALTHY,25.21,77.7,0.0,1.53,3.4,1.1,0,Tomato (Vegetative),0.85,50.0,39.8,HEALTHY,0,0.0
2026-05-27 22:00:00,esp32-field-01,PASSING_SHOWERS,32.47,2299,32.81,67.19,HEALTHY,24.56,77.3,0.0,1.04,3.83,3.8,0,Tomato (Vegetative),0.85,50.0,39.7,HEALTHY,0,0.0
2026-05-27 23:00:00,esp32-field-01,PASSING_SHOWERS,32.46,2309,32.21,67.79,HEALTHY,23.21,78.4,0.0,2.73,3.48,1.7,0,Tomato (Vegetative),0.85,50.0,39.7,HEALTHY,0,0.0
2026-05-28 00:00:00,esp32-field-01,PASSING_SHOWERS,32.46,2283,32.39,67.61,HEALTHY,22.56,79.0,0.0,1.13,3.74,1.2,0,Tomato (Vegetative),0.85,50.0,39.7,HEALTHY,0,0.0
2026-05-28 01:00:00,esp32-field-01,PASSING_SHOWERS,32.45,2309,31.99,68.01,HEALTHY,22.98,81.1,0.0,1.08,3.58,0.8,0,Tomato (Vegetative),0.85,50.0,39.7,HEALTHY,0,0.0
2026-05-28 02:00:00,esp32-field-01,PASSING_SHOWERS,32.45,2304,32.7,67.3,HEALTHY,22.08,82.6,0.0,1.1,3.17,6.5,0,Tomato (Vegetative),0.85,50.0,39.7,HEALTHY,0,0.0
2026-05-28 03:00:00,esp32-field-01,PASSING_SHOWERS,32.44,2309,32.98,67.02,HEALTHY,22.03,87.4,0.0,1.24,3.17,0.9,0,Tomato (Vegetative),0.85,50.0,39.7,HEALTHY,0,0.0
2026-05-28 04:00:00,esp32-field-01,PASSING_SHOWERS,32.92,2315,31.67,68.33,HEALTHY,23.16,79.5,2.3,3.75,3.5,74.5,1,Tomato (Vegetative),0.85,50.0,44.3,HEALTHY,0,0.0
2026-05-28 05:00:00,esp32-field-01,PASSING_SHOWERS,32.92,2316,31.34,68.66,HEALTHY,23.29,79.7,0.0,0.39,3.22,1.7,0,Tomato (Vegetative),0.85,50.0,39.7,HEALTHY,0,0.0
2026-05-28 06:00:00,esp32-field-01,PASSING_SHOWERS,32.91,2288,32.47,67.53,HEALTHY,25.97,76.4,0.0,1.11,3.35,8.2,0,Tomato (Vegetative),0.85,50.0,39.7,HEALTHY,0,0.0
2026-05-28 07:00:00,esp32-field-01,PASSING_SHOWERS,32.89,2298,32.82,67.18,HEALTHY,25.72,72.1,0.0,0.57,3.87,4.7,0,Tomato (Vegetative),0.85,50.0,39.6,HEALTHY,0,0.0
2026-05-28 08:00:00,esp32-field-01,PASSING_SHOWERS,32.83,2272,34.45,65.55,HEALTHY,27.83,73.0,0.0,4.35,4.44,0.3,0,Tomato (Vegetative),0.85,50.0,39.6,HEALTHY,0,0.0
2026-05-28 09:00:00,esp32-field-01,PASSING_SHOWERS,32.75,2286,32.83,67.17,HEALTHY,28.34,68.1,0.0,4.01,4.36,0.7,0,Tomato (Vegetative),0.85,50.0,39.6,HEALTHY,0,0.0
2026-05-28 10:00:00,esp32-field-01,PASSING_SHOWERS,32.66,2278,33.18,66.82,HEALTHY,28.47,61.3,0.0,1.51,4.39,5.6,0,Tomato (Vegetative),0.85,50.0,39.6,HEALTHY,0,0.0
2026-05-28 11:00:00,esp32-field-01,PASSING_SHOWERS,32.54,2287,33.06,66.94,HEALTHY,30.55,60.0,0.0,1.58,4.7,2.3,0,Tomato (Vegetative),0.85,50.0,39.6,HEALTHY,0,0.0
2026-05-28 12:00:00,esp32-field-01,PASSING_SHOWERS,32.42,2283,32.35,67.65,HEALTHY,32.67,58.0,0.0,1.74,5.06,0.0,0,Tomato (Vegetative),0.85,50.0,39.6,HEALTHY,0,0.0
2026-05-28 13:00:00,esp32-field-01,PASSING_SHOWERS,32.31,2328,30.9,69.1,HEALTHY,31.82,56.8,0.0,0.01,4.27,8.8,0,Tomato (Vegetative),0.85,50.0,39.6,HEALTHY,0,0.0
2026-05-28 14:00:00,esp32-field-01,PASSING_SHOWERS,32.21,2281,33.33,66.67,HEALTHY,32.36,58.2,0.0,0.92,4.79,0.4,0,Tomato (Vegetative),0.85,50.0,39.6,HEALTHY,0,0.0
2026-05-28 15:00:00,esp32-field-01,PASSING_SHOWERS,32.12,2300,32.25,67.75,HEALTHY,31.66,56.6,0.0,0.51,4.94,3.8,0,Tomato (Vegetative),0.85,50.0,39.6,HEALTHY,0,0.0
2026-05-28 16:00:00,esp32-field-01,PASSING_SHOWERS,32.07,2322,31.13,68.87,HEALTHY,31.93,61.3,0.0,0.8,4.46,0.1,0,Tomato (Vegetative),0.85,50.0,39.6,HEALTHY,0,0.0
2026-05-28 17:00:00,esp32-field-01,PASSING_SHOWERS,32.04,2342,30.18,69.82,HEALTHY,29.08,60.0,0.0,2.83,3.92,0.6,0,Tomato (Vegetative),0.85,50.0,39.5,HEALTHY,0,0.0
2026-05-28 18:00:00,esp32-field-01,PASSING_SHOWERS,32.36,2308,31.69,68.31,HEALTHY,28.83,63.7,1.5,2.93,4.59,65.0,1,Tomato (Vegetative),0.85,50.0,42.5,HEALTHY,0,0.0
2026-05-28 19:00:00,esp32-field-01,PASSING_SHOWERS,33.58,2278,33.54,66.46,HEALTHY,28.77,68.6,5.8,9.16,4.43,76.0,1,Tomato (Vegetative),0.85,50.0,51.1,HEALTHY,0,0.0
2026-05-28 20:00:00,esp32-field-01,PASSING_SHOWERS,33.58,2258,33.59,66.41,HEALTHY,26.7,73.2,0.0,1.7,3.49,2.8,0,Tomato (Vegetative),0.85,50.0,39.5,HEALTHY,0,0.0
2026-05-28 21:00:00,esp32-field-01,PASSING_SHOWERS,33.57,2267,33.62,66.38,HEALTHY,25.42,71.5,0.0,1.91,3.76,0.0,0,Tomato (Vegetative),0.85,50.0,39.5,HEALTHY,0,0.0
2026-05-28 22:00:00,esp32-field-01,PASSING_SHOWERS,33.57,2258,34.09,65.91,HEALTHY,24.36,78.1,0.0,1.9,3.83,1.6,0,Tomato (Vegetative),0.85,50.0,39.5,HEALTHY,0,0.0
2026-05-28 23:00:00,esp32-field-01,PASSING_SHOWERS,33.56,2288,33.33,66.67,HEALTHY,23.32,76.3,0.0,0.16,3.45,2.9,0,Tomato (Vegetative),0.85,50.0,39.5,HEALTHY,0,0.0
2026-05-29 00:00:00,esp32-field-01,PASSING_SHOWERS,33.55,2268,34.04,65.96,HEALTHY,21.85,80.9,0.0,0.8,3.13,0.2,0,Tomato (Vegetative),0.85,50.0,39.5,HEALTHY,0,0.0
2026-05-29 01:00:00,esp32-field-01,PASSING_SHOWERS,35.82,2250,35.38,64.62,HEALTHY,22.63,81.3,12.0,20.61,3.45,83.8,1,Tomato (Vegetative),0.85,50.0,63.5,HEALTHY,0,0.0
2026-05-29 02:00:00,esp32-field-01,PASSING_SHOWERS,35.61,2221,36.96,63.04,HEALTHY,20.76,83.4,0.0,1.29,3.41,1.0,0,Tomato (Vegetative),0.85,50.0,39.5,HEALTHY,0,0.0
2026-05-29 03:00:00,esp32-field-01,PASSING_SHOWERS,35.46,2235,35.64,64.36,HEALTHY,23.24,83.1,0.0,0.68,3.29,1.2,0,Tomato (Vegetative),0.85,50.0,39.4,HEALTHY,0,0.0
2026-05-29 04:00:00,esp32-field-01,PASSING_SHOWERS,35.34,2227,36.11,63.89,HEALTHY,21.24,85.8,0.0,0.7,3.08,2.9,0,Tomato (Vegetative),0.85,50.0,39.4,HEALTHY,0,0.0
2026-05-29 05:00:00,esp32-field-01,PASSING_SHOWERS,35.25,2246,34.98,65.02,HEALTHY,21.59,74.8,0.0,0.14,3.04,0.8,0,Tomato (Vegetative),0.85,50.0,39.4,HEALTHY,0,0.0
2026-05-29 06:00:00,esp32-field-01,PASSING_SHOWERS,35.18,2257,34.96,65.04,HEALTHY,24.97,74.6,0.0,0.09,3.6,2.9,0,Tomato (Vegetative),0.85,50.0,39.4,HEALTHY,0,0.0
2026-05-29 07:00:00,esp32-field-01,PASSING_SHOWERS,35.12,2240,35.71,64.29,HEALTHY,25.27,73.5,0.0,0.22,3.93,0.9,0,Tomato (Vegetative),0.85,50.0,39.4,HEALTHY,0,0.0
2026-05-29 08:00:00,esp32-field-01,PASSING_SHOWERS,35.05,2206,37.13,62.87,HEALTHY,26.62,69.7,0.0,0.76,3.82,2.3,0,Tomato (Vegetative),0.85,50.0,39.4,HEALTHY,0,0.0
2026-05-29 09:00:00,esp32-field-01,PASSING_SHOWERS,34.98,2234,36.12,63.88,HEALTHY,28.37,65.7,0.0,0.8,4.29,6.6,0,Tomato (Vegetative),0.85,50.0,39.4,HEALTHY,0,0.0
2026-05-29 10:00:00,esp32-field-01,PASSING_SHOWERS,35.58,2240,35.04,64.96,HEALTHY,28.21,65.4,4.2,9.3,4.3,75.0,1,Tomato (Vegetative),0.85,50.0,47.8,HEALTHY,0,0.0
2026-05-29 11:00:00,esp32-field-01,PASSING_SHOWERS,35.35,2273,33.88,66.12,HEALTHY,30.98,60.0,0.0,0.29,4.87,0.1,0,Tomato (Vegetative),0.85,50.0,39.4,HEALTHY,0,0.0
2026-05-29 12:00:00,esp32-field-01,PASSING_SHOWERS,35.18,2262,34.98,65.02,HEALTHY,30.9,62.7,0.0,3.28,4.56,0.3,0,Tomato (Vegetative),0.85,50.0,39.4,HEALTHY,0,0.0
2026-05-29 13:00:00,esp32-field-01,PASSING_SHOWERS,35.04,2262,35.05,64.95,HEALTHY,32.32,57.9,0.0,2.28,4.93,1.3,0,Tomato (Vegetative),0.85,50.0,39.4,HEALTHY,0,0.0
2026-05-29 14:00:00,esp32-field-01,PASSING_SHOWERS,34.93,2295,33.86,66.14,HEALTHY,32.6,59.9,0.0,0.78,5.18,1.9,0,Tomato (Vegetative),0.85,50.0,39.3,HEALTHY,0,0.0
2026-05-29 15:00:00,esp32-field-01,PASSING_SHOWERS,34.85,2264,34.67,65.33,HEALTHY,30.67,57.0,0.0,2.14,4.31,4.8,0,Tomato (Vegetative),0.85,50.0,39.3,HEALTHY,0,0.0
2026-05-29 16:00:00,esp32-field-01,PASSING_SHOWERS,34.79,2248,34.43,65.57,HEALTHY,30.83,58.6,0.0,0.7,5.02,3.3,0,Tomato (Vegetative),0.85,50.0,39.3,HEALTHY,0,0.0
2026-05-29 17:00:00,esp32-field-01,PASSING_SHOWERS,34.77,2267,33.92,66.08,HEALTHY,29.21,60.6,0.0,1.76,3.83,0.2,0,Tomato (Vegetative),0.85,50.0,39.3,HEALTHY,0,0.0
2026-05-29 18:00:00,esp32-field-01,PASSING_SHOWERS,34.77,2242,34.79,65.21,HEALTHY,30.44,63.9,0.0,0.73,4.44,1.9,0,Tomato (Vegetative),0.85,50.0,39.3,HEALTHY,0,0.0
2026-05-29 19:00:00,esp32-field-01,PASSING_SHOWERS,34.76,2271,34.32,65.68,HEALTHY,27.33,68.5,0.0,0.2,4.2,4.4,0,Tomato (Vegetative),0.85,50.0,39.3,HEALTHY,0,0.0
2026-05-29 20:00:00,esp32-field-01,PASSING_SHOWERS,34.75,2288,32.7,67.3,HEALTHY,25.99,72.6,0.0,3.26,3.25,2.2,0,Tomato (Vegetative),0.85,50.0,39.3,HEALTHY,0,0.0
2026-05-29 21:00:00,esp32-field-01,PASSING_SHOWERS,34.77,2244,34.5,65.5,HEALTHY,25.34,73.0,0.1,4.17,3.51,75.1,1,Tomato (Vegetative),0.85,50.0,39.5,HEALTHY,0,0.0
2026-05-29 22:00:00,esp32-field-01,PASSING_SHOWERS,36.29,2256,36.37,63.63,HEALTHY,23.93,76.1,9.2,14.31,3.33,88.9,1,Tomato (Vegetative),0.85,50.0,57.7,HEALTHY,0,0.0
2026-05-29 23:00:00,esp32-field-01,PASSING_SHOWERS,35.96,2289,34.25,65.75,HEALTHY,22.93,78.9,0.0,0.08,3.48,3.2,0,Tomato (Vegetative),0.85,50.0,39.2,HEALTHY,0,0.0
2026-05-30 00:00:00,esp32-field-01,PASSING_SHOWERS,35.72,2230,36.88,63.12,HEALTHY,22.58,81.6,0.0,4.19,3.57,1.0,0,Tomato (Vegetative),0.85,50.0,39.2,HEALTHY,0,0.0
2026-05-30 01:00:00,esp32-field-01,PASSING_SHOWERS,35.53,2241,36.3,63.7,HEALTHY,22.95,82.5,0.0,1.21,3.97,0.5,0,Tomato (Vegetative),0.85,50.0,39.2,HEALTHY,0,0.0
2026-05-30 02:00:00,esp32-field-01,PASSING_SHOWERS,36.26,2207,36.9,63.1,HEALTHY,22.91,81.3,5.4,8.24,3.24,77.8,1,Tomato (Vegetative),0.85,50.0,50.0,HEALTHY,0,0.0
2026-05-30 03:00:00,esp32-field-01,PASSING_SHOWERS,35.94,2273,34.74,65.26,HEALTHY,21.48,80.0,0.0,2.31,2.87,1.2,0,Tomato (Vegetative),0.85,50.0,39.2,HEALTHY,0,0.0
2026-05-30 04:00:00,esp32-field-01,PASSING_SHOWERS,35.7,2262,34.73,65.27,HEALTHY,22.68,80.7,0.0,2.4,2.82,0.5,0,Tomato (Vegetative),0.85,50.0,39.2,HEALTHY,0,0.0
2026-05-30 05:00:00,esp32-field-01,PASSING_SHOWERS,35.52,2261,35.23,64.77,HEALTHY,24.34,79.3,0.0,0.9,3.76,0.0,0,Tomato (Vegetative),0.85,50.0,39.2,HEALTHY,0,0.0
2026-05-30 06:00:00,esp32-field-01,PASSING_SHOWERS,35.39,2246,35.59,64.41,HEALTHY,23.84,77.3,0.0,4.75,3.44,14.1,0,Tomato (Vegetative),0.85,50.0,39.2,HEALTHY,0,0.0
2026-05-30 07:00:00,esp32-field-01,PASSING_SHOWERS,37.1,2223,37.05,62.95,HEALTHY,26.69,73.8,11.5,18.0,3.74,84.5,1,Tomato (Vegetative),0.85,50.0,62.2,HEALTHY,0,0.0
2026-05-30 08:00:00,esp32-field-01,PASSING_SHOWERS,36.54,2212,36.79,63.21,HEALTHY,26.74,73.5,0.0,0.58,4.07,2.3,0,Tomato (Vegetative),0.85,50.0,39.2,HEALTHY,0,0.0
2026-05-30 09:00:00,esp32-field-01,PASSING_SHOWERS,36.1,2243,36.72,63.28,HEALTHY,29.63,70.6,0.0,1.83,4.45,0.1,0,Tomato (Vegetative),0.85,50.0,39.1,HEALTHY,0,0.0
2026-05-30 10:00:00,esp32-field-01,PASSING_SHOWERS,35.76,2228,36.1,63.9,HEALTHY,28.43,65.0,0.0,3.8,4.02,0.6,0,Tomato (Vegetative),0.85,50.0,39.1,HEALTHY,0,0.0
2026-05-30 11:00:00,esp32-field-01,PASSING_SHOWERS,35.49,2270,34.22,65.78,HEALTHY,30.39,58.3,0.0,5.2,4.23,3.2,0,Tomato (Vegetative),0.85,50.0,39.1,HEALTHY,0,0.0
2026-05-30 12:00:00,esp32-field-01,PASSING_SHOWERS,35.28,2232,36.82,63.18,HEALTHY,30.4,59.1,0.0,2.87,4.58,1.3,0,Tomato (Vegetative),0.85,50.0,39.1,HEALTHY,0,0.0
2026-05-30 13:00:00,esp32-field-01,PASSING_SHOWERS,35.13,2261,35.85,64.15,HEALTHY,31.38,57.4,0.0,0.65,4.5,2.8,0,Tomato (Vegetative),0.85,50.0,39.1,HEALTHY,0,0.0
2026-05-30 14:00:00,esp32-field-01,PASSING_SHOWERS,35.02,2288,33.57,66.43,HEALTHY,32.78,56.6,0.0,2.95,4.94,1.6,0,Tomato (Vegetative),0.85,50.0,39.1,HEALTHY,0,0.0
2026-05-30 15:00:00,esp32-field-01,PASSING_SHOWERS,34.94,2267,34.74,65.26,HEALTHY,31.96,64.7,0.0,2.05,4.56,0.6,0,Tomato (Vegetative),0.85,50.0,39.1,HEALTHY,0,0.0
2026-05-30 16:00:00,esp32-field-01,PASSING_SHOWERS,34.87,2228,35.31,64.69,HEALTHY,31.82,59.2,0.0,1.42,4.97,7.4,0,Tomato (Vegetative),0.85,50.0,39.1,HEALTHY,0,0.0
2026-05-30 17:00:00,esp32-field-01,PASSING_SHOWERS,34.84,2273,34.65,65.35,HEALTHY,30.21,63.0,0.0,1.66,4.56,0.1,0,Tomato (Vegetative),0.85,50.0,39.1,HEALTHY,0,0.0
2026-05-30 18:00:00,esp32-field-01,PASSING_SHOWERS,34.84,2232,35.79,64.21,HEALTHY,28.66,57.1,0.0,0.1,4.24,11.0,0,Tomato (Vegetative),0.85,50.0,39.1,HEALTHY,0,0.0
2026-05-30 19:00:00,esp32-field-01,PASSING_SHOWERS,34.84,2244,34.47,65.53,HEALTHY,28.6,69.4,0.0,0.08,3.98,13.4,0,Tomato (Vegetative),0.85,50.0,39.0,HEALTHY,0,0.0
2026-05-30 20:00:00,esp32-field-01,PASSING_SHOWERS,34.83,2240,35.79,64.21,HEALTHY,27.26,73.2,0.0,2.93,3.81,2.3,0,Tomato (Vegetative),0.85,50.0,39.0,HEALTHY,0,0.0
2026-05-30 21:00:00,esp32-field-01,PASSING_SHOWERS,34.83,2243,34.61,65.39,HEALTHY,25.58,70.0,0.0,3.29,2.91,2.5,0,Tomato (Vegetative),0.85,50.0,39.0,HEALTHY,0,0.0
2026-05-30 22:00:00,esp32-field-01,PASSING_SHOWERS,35.42,2251,35.0,65.0,HEALTHY,24.56,78.9,3.5,7.91,3.02,83.8,1,Tomato (Vegetative),0.85,50.0,46.0,HEALTHY,0,0.0
2026-05-30 23:00:00,esp32-field-01,PASSING_SHOWERS,35.31,2252,35.63,64.37,HEALTHY,24.84,77.8,0.0,5.57,3.92,7.4,0,Tomato (Vegetative),0.85,50.0,39.0,HEALTHY,0,0.0
2026-05-31 00:00:00,esp32-field-01,PASSING_SHOWERS,35.23,2245,35.58,64.42,HEALTHY,22.62,76.8,0.0,1.43,2.97,11.8,0,Tomato (Vegetative),0.85,50.0,39.0,HEALTHY,0,0.0
2026-05-31 01:00:00,esp32-field-01,PASSING_SHOWERS,35.17,2255,34.84,65.16,HEALTHY,20.27,82.5,0.0,1.25,2.82,1.3,0,Tomato (Vegetative),0.85,50.0,39.0,HEALTHY,0,0.0
2026-05-31 02:00:00,esp32-field-01,PASSING_SHOWERS,35.12,2271,33.79,66.21,HEALTHY,23.09,81.1,0.0,2.38,3.3,1.1,0,Tomato (Vegetative),0.85,50.0,39.0,HEALTHY,0,0.0
2026-05-31 03:00:00,esp32-field-01,PASSING_SHOWERS,35.79,2260,35.91,64.09,HEALTHY,21.92,82.9,4.4,8.58,3.2,75.5,1,Tomato (Vegetative),0.85,50.0,47.8,HEALTHY,0,0.0
2026-05-31 04:00:00,esp32-field-01,PASSING_SHOWERS,35.59,2252,35.54,64.46,HEALTHY,22.5,80.4,0.0,0.0,2.83,0.7,0,Tomato (Vegetative),0.85,50.0,39.0,HEALTHY,0,0.0
2026-05-31 05:00:00,esp32-field-01,PASSING_SHOWERS,36.58,2226,37.05,62.95,HEALTHY,23.92,79.5,7.2,10.9,3.83,82.8,1,Tomato (Vegetative),0.85,50.0,53.3,HEALTHY,0,0.0
2026-05-31 06:00:00,esp32-field-01,PASSING_SHOWERS,36.18,2253,36.17,63.83,HEALTHY,25.06,73.0,0.0,0.02,3.68,3.2,0,Tomato (Vegetative),0.85,50.0,38.9,HEALTHY,0,0.0
2026-05-31 07:00:00,esp32-field-01,PASSING_SHOWERS,35.87,2234,36.12,63.88,HEALTHY,26.55,74.5,0.0,0.65,3.92,1.6,0,Tomato (Vegetative),0.85,50.0,38.9,HEALTHY,0,0.0
2026-05-31 08:00:00,esp32-field-01,PASSING_SHOWERS,35.61,2268,34.76,65.24,HEALTHY,26.63,72.7,0.0,1.76,4.02,1.7,0,Tomato (Vegetative),0.85,50.0,38.9,HEALTHY,0,0.0
2026-05-31 09:00:00,esp32-field-01,PASSING_SHOWERS,35.4,2249,35.39,64.61,HEALTHY,28.79,64.0,0.0,0.32,4.45,0.3,0,Tomato (Vegetative),0.85,50.0,38.9,HEALTHY,0,0.0
2026-05-31 10:00:00,esp32-field-01,PASSING_SHOWERS,35.24,2262,35.85,64.15,HEALTHY,29.2,62.5,0.0,2.5,3.83,1.6,0,Tomato (Vegetative),0.85,50.0,38.9,HEALTHY,0,0.0
2026-05-31 11:00:00,esp32-field-01,PASSING_SHOWERS,35.09,2267,35.26,64.74,HEALTHY,29.31,63.6,0.0,1.43,4.67,1.0,0,Tomato (Vegetative),0.85,50.0,38.9,HEALTHY,0,0.0
2026-05-31 12:00:00,esp32-field-01,PASSING_SHOWERS,34.98,2233,36.0,64.0,HEALTHY,31.4,60.3,0.0,3.85,4.67,3.6,0,Tomato (Vegetative),0.85,50.0,38.9,HEALTHY,0,0.0
2026-05-31 13:00:00,esp32-field-01,PASSING_SHOWERS,34.86,2253,35.45,64.55,HEALTHY,32.15,64.7,0.0,2.13,4.92,0.8,0,Tomato (Vegetative),0.85,50.0,38.9,HEALTHY,0,0.0
2026-05-31 14:00:00,esp32-field-01,PASSING_SHOWERS,34.75,2248,34.84,65.16,HEALTHY,32.56,56.4,0.0,1.83,4.9,0.9,0,Tomato (Vegetative),0.85,50.0,38.9,HEALTHY,0,0.0
2026-05-31 15:00:00,esp32-field-01,PASSING_SHOWERS,34.66,2252,35.11,64.89,HEALTHY,32.86,59.5,0.0,1.62,5.06,0.1,0,Tomato (Vegetative),0.85,50.0,38.9,HEALTHY,0,0.0
2026-05-31 16:00:00,esp32-field-01,PASSING_SHOWERS,34.61,2242,35.49,64.51,HEALTHY,31.15,58.0,0.0,1.3,4.29,6.7,0,Tomato (Vegetative),0.85,50.0,38.8,HEALTHY,0,0.0
2026-05-31 17:00:00,esp32-field-01,PASSING_SHOWERS,34.58,2231,35.29,64.71,HEALTHY,30.08,58.0,0.0,0.09,4.51,2.6,0,Tomato (Vegetative),0.85,50.0,38.8,HEALTHY,0,0.0
2026-05-31 18:00:00,esp32-field-01,PASSING_SHOWERS,34.58,2265,33.61,66.39,HEALTHY,30.12,63.8,0.0,0.12,4.13,1.2,0,Tomato (Vegetative),0.85,50.0,38.8,HEALTHY,0,0.0
2026-05-31 19:00:00,esp32-field-01,PASSING_SHOWERS,36.05,2209,36.92,63.08,HEALTHY,28.41,65.5,8.6,16.53,4.45,91.0,1,Tomato (Vegetative),0.85,50.0,56.0,HEALTHY,0,0.0
2026-05-31 20:00:00,esp32-field-01,PASSING_SHOWERS,35.78,2234,35.42,64.58,HEALTHY,26.98,68.5,0.0,0.88,3.93,0.0,0,Tomato (Vegetative),0.85,50.0,38.8,HEALTHY,0,0.0
2026-05-31 21:00:00,esp32-field-01,PASSING_SHOWERS,35.58,2223,35.95,64.05,HEALTHY,24.78,70.1,0.0,0.13,4.34,0.1,0,Tomato (Vegetative),0.85,50.0,38.8,HEALTHY,0,0.0
2026-05-31 22:00:00,esp32-field-01,PASSING_SHOWERS,35.43,2269,35.75,64.25,HEALTHY,25.49,74.4,0.0,0.23,3.68,0.7,0,Tomato (Vegetative),0.85,50.0,38.8,HEALTHY,0,0.0
2026-05-31 23:00:00,esp32-field-01,PASSING_SHOWERS,35.32,2229,35.87,64.13,HEALTHY,22.58,72.6,0.0,0.32,3.17,9.5,0,Tomato (Vegetative),0.85,50.0,38.8,HEALTHY,0,0.0
2026-06-01 00:00:00,esp32-field-01,PASSING_SHOWERS,36.3,2228,37.37,62.63,HEALTHY,22.24,79.8,6.7,16.32,3.04,81.4,1,Tomato (Vegetative),0.85,50.0,52.2,HEALTHY,0,0.0
2026-06-01 01:00:00,esp32-field-01,PASSING_SHOWERS,35.97,2228,36.05,63.95,HEALTHY,22.76,84.0,0.0,0.97,3.1,1.1,0,Tomato (Vegetative),0.85,50.0,38.8,HEALTHY,0,0.0
2026-06-01 02:00:00,esp32-field-01,PASSING_SHOWERS,35.73,2229,36.54,63.46,HEALTHY,22.06,84.6,0.0,1.0,3.25,0.0,0,Tomato (Vegetative),0.85,50.0,38.7,HEALTHY,0,0.0
2026-06-01 03:00:00,esp32-field-01,PASSING_SHOWERS,37.45,2219,37.03,62.97,HEALTHY,23.25,81.5,12.0,20.54,3.78,97.6,1,Tomato (Vegetative),0.85,50.0,62.7,HEALTHY,0,0.0
2026-06-01 04:00:00,esp32-field-01,PASSING_SHOWERS,36.83,2201,38.42,61.58,HEALTHY,21.8,84.1,0.0,1.06,3.02,0.4,0,Tomato (Vegetative),0.85,50.0,38.7,HEALTHY,0,0.0
2026-06-01 05:00:00,esp32-field-01,PASSING_SHOWERS,36.37,2250,35.21,64.79,HEALTHY,24.05,80.0,0.0,0.87,3.65,9.8,0,Tomato (Vegetative),0.85,50.0,38.7,HEALTHY,0,0.0
2026-06-01 06:00:00,esp32-field-01,PASSING_SHOWERS,36.02,2246,35.43,64.57,HEALTHY,25.77,71.6,0.0,2.42,3.88,4.7,0,Tomato (Vegetative),0.85,50.0,38.7,HEALTHY,0,0.0
2026-06-01 07:00:00,esp32-field-01,PASSING_SHOWERS,35.75,2218,36.06,63.94,HEALTHY,26.36,72.4,0.0,1.26,3.78,3.5,0,Tomato (Vegetative),0.85,50.0,38.7,HEALTHY,0,0.0
2026-06-01 08:00:00,esp32-field-01,PASSING_SHOWERS,35.52,2225,34.95,65.05,HEALTHY,27.06,70.4,0.0,1.63,4.39,17.8,0,Tomato (Vegetative),0.85,50.0,38.7,HEALTHY,0,0.0
2026-06-01 09:00:00,esp32-field-01,PASSING_SHOWERS,35.34,2233,35.97,64.03,HEALTHY,28.42,64.6,0.0,3.58,4.05,2.4,0,Tomato (Vegetative),0.85,50.0,38.7,HEALTHY,0,0.0
2026-06-01 10:00:00,esp32-field-01,PASSING_SHOWERS,35.18,2257,35.01,64.99,HEALTHY,29.12,64.0,0.0,0.95,4.24,1.4,0,Tomato (Vegetative),0.85,50.0,38.7,HEALTHY,0,0.0
2026-06-01 11:00:00,esp32-field-01,PASSING_SHOWERS,35.06,2239,35.17,64.83,HEALTHY,28.73,62.0,0.0,0.54,4.45,0.8,0,Tomato (Vegetative),0.85,50.0,38.6,HEALTHY,0,0.0
2026-06-01 12:00:00,esp32-field-01,PASSING_SHOWERS,34.95,2271,34.27,65.73,HEALTHY,29.8,56.6,0.0,1.91,4.42,3.0,0,Tomato (Vegetative),0.85,50.0,38.6,HEALTHY,0,0.0
2026-06-01 13:00:00,esp32-field-01,PASSING_SHOWERS,34.83,2219,36.49,63.51,HEALTHY,32.23,58.8,0.0,5.5,4.95,2.4,0,Tomato (Vegetative),0.85,50.0,38.6,HEALTHY,0,0.0
2026-06-01 14:00:00,esp32-field-01,PASSING_SHOWERS,34.73,2261,34.52,65.48,HEALTHY,33.47,56.5,0.0,3.81,4.62,2.1,0,Tomato (Vegetative),0.85,50.0,38.6,HEALTHY,0,0.0
2026-06-01 15:00:00,esp32-field-01,PASSING_SHOWERS,34.64,2266,34.66,65.34,HEALTHY,31.45,54.7,0.0,1.31,4.77,1.8,0,Tomato (Vegetative),0.85,50.0,38.6,HEALTHY,0,0.0
2026-06-01 16:00:00,esp32-field-01,PASSING_SHOWERS,34.58,2260,34.3,65.7,HEALTHY,30.99,61.8,0.0,2.01,4.92,3.1,0,Tomato (Vegetative),0.85,50.0,38.6,HEALTHY,0,0.0
2026-06-01 17:00:00,esp32-field-01,PASSING_SHOWERS,34.55,2287,34.39,65.61,HEALTHY,30.87,63.4,0.0,0.12,4.89,7.3,0,Tomato (Vegetative),0.85,50.0,38.6,HEALTHY,0,0.0
2026-06-01 18:00:00,esp32-field-01,PASSING_SHOWERS,34.55,2278,33.37,66.63,HEALTHY,29.56,61.7,0.0,1.02,3.93,2.0,0,Tomato (Vegetative),0.85,50.0,38.6,HEALTHY,0,0.0
2026-06-01 19:00:00,esp32-field-01,PASSING_SHOWERS,34.54,2272,33.63,66.37,HEALTHY,28.77,62.2,0.0,0.67,4.21,16.2,0,Tomato (Vegetative),0.85,50.0,38.6,HEALTHY,0,0.0
2026-06-01 20:00:00,esp32-field-01,PASSING_SHOWERS,34.53,2261,34.94,65.06,HEALTHY,26.39,69.9,0.0,0.43,4.47,3.6,0,Tomato (Vegetative),0.85,50.0,38.6,HEALTHY,0,0.0
2026-06-01 21:00:00,esp32-field-01,PASSING_SHOWERS,34.53,2259,36.5,63.5,HEALTHY,26.29,73.7,0.0,0.2,4.02,6.4,0,Tomato (Vegetative),0.85,50.0,38.5,HEALTHY,0,0.0
2026-06-01 22:00:00,esp32-field-01,PASSING_SHOWERS,34.52,2277,34.17,65.83,HEALTHY,23.25,76.5,0.0,1.61,3.99,5.8,0,Tomato (Vegetative),0.85,50.0,38.5,HEALTHY,0,0.0
2026-06-01 23:00:00,esp32-field-01,PASSING_SHOWERS,34.51,2230,35.64,64.36,HEALTHY,22.9,82.6,0.0,0.27,3.82,3.0,0,Tomato (Vegetative),0.85,50.0,38.5,HEALTHY,0,0.0
2026-06-02 00:00:00,esp32-field-01,PASSING_SHOWERS,34.51,2240,34.4,65.6,HEALTHY,23.55,80.0,0.0,0.99,2.97,5.5,0,Tomato (Vegetative),0.85,50.0,38.5,HEALTHY,0,0.0
2026-06-02 01:00:00,esp32-field-01,PASSING_SHOWERS,34.5,2257,34.93,65.07,HEALTHY,21.47,77.6,0.0,0.65,2.74,0.5,0,Tomato (Vegetative),0.85,50.0,38.5,HEALTHY,0,0.0
2026-06-02 02:00:00,esp32-field-01,PASSING_SHOWERS,34.5,2242,36.09,63.91,HEALTHY,21.6,78.9,0.0,1.5,3.01,5.7,0,Tomato (Vegetative),0.85,50.0,38.5,HEALTHY,0,0.0
2026-06-02 03:00:00,esp32-field-01,PASSING_SHOWERS,34.49,2280,34.56,65.44,HEALTHY,21.99,81.0,0.0,5.34,3.0,5.8,0,Tomato (Vegetative),0.85,50.0,38.5,HEALTHY,0,0.0
2026-06-02 04:00:00,esp32-field-01,PASSING_SHOWERS,34.49,2265,33.29,66.71,HEALTHY,22.77,80.9,0.0,0.56,3.27,6.3,0,Tomato (Vegetative),0.85,50.0,38.5,HEALTHY,0,0.0
2026-06-02 05:00:00,esp32-field-01,PASSING_SHOWERS,35.81,2211,37.45,62.55,HEALTHY,22.82,77.8,7.5,12.57,3.31,93.2,1,Tomato (Vegetative),0.85,50.0,53.5,HEALTHY,0,0.0
2026-06-02 06:00:00,esp32-field-01,PASSING_SHOWERS,35.6,2244,36.5,63.5,HEALTHY,25.13,77.2,0.0,0.28,4.12,2.3,0,Tomato (Vegetative),0.85,50.0,38.5,HEALTHY,0,0.0
2026-06-02 07:00:00,esp32-field-01,PASSING_SHOWERS,36.31,2229,36.14,63.86,HEALTHY,24.96,76.9,5.5,8.87,3.57,69.2,1,Tomato (Vegetative),0.85,50.0,49.4,HEALTHY,0,0.0
2026-06-02 08:00:00,esp32-field-01,PASSING_SHOWERS,35.95,2237,35.46,64.54,HEALTHY,26.3,74.7,0.0,1.53,3.73,4.8,0,Tomato (Vegetative),0.85,50.0,38.4,HEALTHY,0,0.0
2026-06-02 09:00:00,esp32-field-01,PASSING_SHOWERS,35.66,2231,35.62,64.38,HEALTHY,28.4,64.7,0.0,2.28,3.8,4.0,0,Tomato (Vegetative),0.85,50.0,38.4,HEALTHY,0,0.0
2026-06-02 10:00:00,esp32-field-01,PASSING_SHOWERS,36.01,2237,35.22,64.78,HEALTHY,29.56,63.5,3.7,5.69,4.4,72.4,1,Tomato (Vegetative),0.85,50.0,45.8,HEALTHY,0,0.0
2026-06-02 11:00:00,esp32-field-01,PASSING_SHOWERS,35.67,2203,36.63,63.37,HEALTHY,31.37,63.9,0.0,0.52,4.72,2.1,0,Tomato (Vegetative),0.85,50.0,38.4,HEALTHY,0,0.0
2026-06-02 12:00:00,esp32-field-01,PASSING_SHOWERS,35.43,2257,34.59,65.41,HEALTHY,30.58,59.9,0.0,2.07,4.17,8.7,0,Tomato (Vegetative),0.85,50.0,38.4,HEALTHY,0,0.0
2026-06-02 13:00:00,esp32-field-01,PASSING_SHOWERS,35.49,2252,35.44,64.56,HEALTHY,31.02,61.2,1.6,2.41,4.61,74.4,1,Tomato (Vegetative),0.85,50.0,41.6,HEALTHY,0,0.0
2026-06-02 14:00:00,esp32-field-01,PASSING_SHOWERS,35.3,2275,34.75,65.25,HEALTHY,31.86,59.4,0.0,4.4,4.5,1.9,0,Tomato (Vegetative),0.85,50.0,38.4,HEALTHY,0,0.0
2026-06-02 15:00:00,esp32-field-01,PASSING_SHOWERS,35.15,2310,33.26,66.74,HEALTHY,31.81,60.0,0.0,0.16,5.02,1.1,0,Tomato (Vegetative),0.85,50.0,38.4,HEALTHY,0,0.0
2026-06-02 16:00:00,esp32-field-01,PASSING_SHOWERS,35.07,2245,36.39,63.61,HEALTHY,30.62,61.4,0.0,4.4,4.77,6.6,0,Tomato (Vegetative),0.85,50.0,38.4,HEALTHY,0,0.0
2026-06-02 17:00:00,esp32-field-01,PASSING_SHOWERS,35.03,2259,34.85,65.15,HEALTHY,30.48,57.4,0.0,1.47,4.65,1.6,0,Tomato (Vegetative),0.85,50.0,38.4,HEALTHY,0,0.0
2026-06-02 18:00:00,esp32-field-01,PASSING_SHOWERS,35.02,2287,34.41,65.59,HEALTHY,29.34,65.3,0.0,3.87,4.34,3.6,0,Tomato (Vegetative),0.85,50.0,38.3,HEALTHY,0,0.0
2026-06-02 19:00:00,esp32-field-01,PASSING_SHOWERS,36.68,2241,35.85,64.15,HEALTHY,26.84,65.8,10.5,19.01,4.42,91.7,1,Tomato (Vegetative),0.85,50.0,59.3,HEALTHY,0,0.0
2026-06-02 20:00:00,esp32-field-01,PASSING_SHOWERS,36.26,2243,35.59,64.41,HEALTHY,27.02,67.2,0.0,2.41,4.05,5.3,0,Tomato (Vegetative),0.85,50.0,38.3,HEALTHY,0,0.0
2026-06-02 21:00:00,esp32-field-01,PASSING_SHOWERS,35.94,2265,34.56,65.44,HEALTHY,25.22,74.1,0.0,0.88,3.43,0.1,0,Tomato (Vegetative),0.85,50.0,38.3,HEALTHY,0,0.0
2026-06-02 22:00:00,esp32-field-01,PASSING_SHOWERS,35.7,2210,36.2,63.8,HEALTHY,24.15,74.5,0.0,1.52,3.49,1.7,0,Tomato (Vegetative),0.85,50.0,38.3,HEALTHY,0,0.0
2026-06-02 23:00:00,esp32-field-01,PASSING_SHOWERS,35.52,2236,35.53,64.47,HEALTHY,23.0,77.1,0.0,1.18,3.57,6.2,0,Tomato (Vegetative),0.85,50.0,38.3,HEALTHY,0,0.0
2026-06-03 00:00:00,esp32-field-01,PASSING_SHOWERS,35.39,2251,35.3,64.7,HEALTHY,21.79,81.1,0.0,2.31,3.42,3.9,0,Tomato (Vegetative),0.85,50.0,38.3,HEALTHY,0,0.0
2026-06-03 01:00:00,esp32-field-01,PASSING_SHOWERS,35.29,2226,36.53,63.47,HEALTHY,21.59,81.3,0.0,0.56,3.1,0.5,0,Tomato (Vegetative),0.85,50.0,38.3,HEALTHY,0,0.0
2026-06-03 02:00:00,esp32-field-01,PASSING_SHOWERS,35.21,2232,35.76,64.24,HEALTHY,22.23,81.0,0.0,0.98,3.69,4.9,0,Tomato (Vegetative),0.85,50.0,38.3,HEALTHY,0,0.0
2026-06-03 03:00:00,esp32-field-01,PASSING_SHOWERS,35.85,2176,36.63,63.37,HEALTHY,22.32,80.3,4.4,8.04,3.48,89.8,1,Tomato (Vegetative),0.85,50.0,47.0,HEALTHY,0,0.0
2026-06-03 04:00:00,esp32-field-01,PASSING_SHOWERS,35.64,2284,33.97,66.03,HEALTHY,22.76,86.5,0.0,0.04,3.54,6.1,0,Tomato (Vegetative),0.85,50.0,38.2,HEALTHY,0,0.0
2026-06-03 05:00:00,esp32-field-01,PASSING_SHOWERS,35.47,2256,35.24,64.76,HEALTHY,24.42,76.6,0.0,0.08,3.6,0.9,0,Tomato (Vegetative),0.85,50.0,38.2,HEALTHY,0,0.0
2026-06-03 06:00:00,esp32-field-01,PASSING_SHOWERS,35.35,2229,35.86,64.14,HEALTHY,24.5,76.6,0.0,2.66,3.46,1.6,0,Tomato (Vegetative),0.85,50.0,38.2,HEALTHY,0,0.0
2026-06-03 07:00:00,esp32-field-01,PASSING_SHOWERS,35.24,2221,36.15,63.85,HEALTHY,27.53,72.1,0.0,0.85,3.87,10.0,0,Tomato (Vegetative),0.85,50.0,38.2,HEALTHY,0,0.0
2026-06-03 08:00:00,esp32-field-01,PASSING_SHOWERS,35.14,2216,36.72,63.28,HEALTHY,27.24,71.0,0.0,2.71,3.99,1.1,0,Tomato (Vegetative),0.85,50.0,38.2,HEALTHY,0,0.0
2026-06-03 09:00:00,esp32-field-01,PASSING_SHOWERS,35.06,2265,33.84,66.16,HEALTHY,26.98,67.1,0.0,0.07,3.91,1.5,0,Tomato (Vegetative),0.85,50.0,38.2,HEALTHY,0,0.0
2026-06-03 10:00:00,esp32-field-01,PASSING_SHOWERS,34.95,2234,35.76,64.24,HEALTHY,29.54,61.1,0.0,0.46,4.72,0.8,0,Tomato (Vegetative),0.85,50.0,38.2,HEALTHY,0,0.0
2026-06-03 11:00:00,esp32-field-01,PASSING_SHOWERS,34.85,2259,34.23,65.77,HEALTHY,29.58,61.9,0.0,1.92,4.14,2.2,0,Tomato (Vegetative),0.85,50.0,38.2,HEALTHY,0,0.0
2026-06-03 12:00:00,esp32-field-01,PASSING_SHOWERS,34.74,2288,34.09,65.91,HEALTHY,31.57,61.9,0.0,1.37,4.47,0.6,0,Tomato (Vegetative),0.85,50.0,38.2,HEALTHY,0,0.0
2026-06-03 13:00:00,esp32-field-01,PASSING_SHOWERS,34.62,2272,34.16,65.84,HEALTHY,32.52,61.9,0.0,0.32,4.87,4.2,0,Tomato (Vegetative),0.85,50.0,38.1,HEALTHY,0,0.0
2026-06-03 14:00:00,esp32-field-01,PASSING_SHOWERS,34.53,2287,34.3,65.7,HEALTHY,30.84,61.1,0.0,0.25,4.4,3.7,0,Tomato (Vegetative),0.85,50.0,38.1,HEALTHY,0,0.0
2026-06-03 15:00:00,esp32-field-01,PASSING_SHOWERS,34.45,2232,35.5,64.5,HEALTHY,30.45,56.7,0.0,1.23,4.51,0.9,0,Tomato (Vegetative),0.85,50.0,38.1,HEALTHY,0,0.0
2026-06-03 16:00:00,esp32-field-01,PASSING_SHOWERS,34.39,2239,35.75,64.25,HEALTHY,31.07,56.9,0.0,0.27,4.64,7.6,0,Tomato (Vegetative),0.85,50.0,38.1,HEALTHY,0,0.0
2026-06-03 17:00:00,esp32-field-01,PASSING_SHOWERS,34.36,2266,35.05,64.95,HEALTHY,30.12,60.9,0.0,1.57,4.09,4.7,0,Tomato (Vegetative),0.85,50.0,38.1,HEALTHY,0,0.0
2026-06-03 18:00:00,esp32-field-01,PASSING_SHOWERS,34.36,2250,33.8,66.2,HEALTHY,28.76,63.8,0.0,3.01,4.12,4.3,0,Tomato (Vegetative),0.85,50.0,38.1,HEALTHY,0,0.0
2026-06-03 19:00:00,esp32-field-01,PASSING_SHOWERS,34.36,2247,34.39,65.61,HEALTHY,29.1,64.7,0.0,0.27,4.53,0.7,0,Tomato (Vegetative),0.85,50.0,38.1,HEALTHY,0,0.0
2026-06-03 20:00:00,esp32-field-01,PASSING_SHOWERS,34.88,2295,33.66,66.34,HEALTHY,26.14,71.0,2.5,4.78,3.64,70.3,1,Tomato (Vegetative),0.85,50.0,43.1,HEALTHY,0,0.0
2026-06-03 21:00:00,esp32-field-01,PASSING_SHOWERS,34.87,2281,33.55,66.45,HEALTHY,26.95,72.4,0.0,1.87,4.04,8.8,0,Tomato (Vegetative),0.85,50.0,38.1,HEALTHY,0,0.0
2026-06-03 22:00:00,esp32-field-01,PASSING_SHOWERS,34.87,2265,35.26,64.74,HEALTHY,24.75,78.3,0.0,0.03,3.37,3.9,0,Tomato (Vegetative),0.85,50.0,38.1,HEALTHY,0,0.0
2026-06-03 23:00:00,esp32-field-01,PASSING_SHOWERS,34.86,2314,33.27,66.73,HEALTHY,23.93,78.0,0.0,2.97,3.3,5.1,0,Tomato (Vegetative),0.85,50.0,38.0,HEALTHY,0,0.0
2026-06-04 00:00:00,esp32-field-01,PASSING_SHOWERS,34.86,2262,34.03,65.97,HEALTHY,24.05,84.8,0.0,0.63,3.07,1.4,0,Tomato (Vegetative),0.85,50.0,38.0,HEALTHY,0,0.0
2026-06-04 01:00:00,esp32-field-01,PASSING_SHOWERS,34.85,2260,33.64,66.36,HEALTHY,21.27,82.4,0.0,0.92,3.18,0.8,0,Tomato (Vegetative),0.85,50.0,38.0,HEALTHY,0,0.0
2026-06-04 02:00:00,esp32-field-01,PASSING_SHOWERS,34.85,2251,34.08,65.92,HEALTHY,23.17,79.0,0.0,1.38,3.05,4.9,0,Tomato (Vegetative),0.85,50.0,38.0,HEALTHY,0,0.0
2026-06-04 03:00:00,esp32-field-01,PASSING_SHOWERS,34.84,2262,34.97,65.03,HEALTHY,22.11,81.4,0.0,0.44,3.71,2.4,0,Tomato (Vegetative),0.85,50.0,38.0,HEALTHY,0,0.0
2026-06-04 04:00:00,esp32-field-01,PASSING_SHOWERS,34.83,2235,36.11,63.89,HEALTHY,23.16,78.5,0.0,0.67,3.62,2.8,0,Tomato (Vegetative),0.85,50.0,38.0,HEALTHY,0,0.0
2026-06-04 05:00:00,esp32-field-01,PASSING_SHOWERS,34.83,2265,35.06,64.94,HEALTHY,23.97,76.6,0.0,0.03,3.46,2.8,0,Tomato (Vegetative),0.85,50.0,38.0,HEALTHY,0,0.0
2026-06-04 06:00:00,esp32-field-01,PASSING_SHOWERS,34.82,2261,34.66,65.34,HEALTHY,24.25,71.4,0.0,2.94,3.58,0.1,0,Tomato (Vegetative),0.85,50.0,38.0,HEALTHY,0,0.0
2026-06-04 07:00:00,esp32-field-01,PASSING_SHOWERS,34.8,2229,36.95,63.05,HEALTHY,24.46,72.7,0.0,0.58,3.63,1.0,0,Tomato (Vegetative),0.85,50.0,38.0,HEALTHY,0,0.0
2026-06-04 08:00:00,esp32-field-01,PASSING_SHOWERS,34.75,2239,35.99,64.01,HEALTHY,27.32,73.2,0.0,3.01,3.97,5.2,0,Tomato (Vegetative),0.85,50.0,38.0,HEALTHY,0,0.0
2026-06-04 09:00:00,esp32-field-01,PASSING_SHOWERS,34.67,2240,34.63,65.37,HEALTHY,27.51,72.2,0.0,0.19,4.15,0.9,0,Tomato (Vegetative),0.85,50.0,37.9,HEALTHY,0,0.0
2026-06-04 10:00:00,esp32-field-01,PASSING_SHOWERS,34.58,2260,34.21,65.79,HEALTHY,28.37,64.3,0.0,2.27,4.23,12.5,0,Tomato (Vegetative),0.85,50.0,37.9,HEALTHY,0,0.0
2026-06-04 11:00:00,esp32-field-01,PASSING_SHOWERS,34.48,2258,34.57,65.43,HEALTHY,30.95,66.5,0.0,0.06,4.2,1.8,0,Tomato (Vegetative),0.85,50.0,37.9,HEALTHY,0,0.0
2026-06-04 12:00:00,esp32-field-01,PASSING_SHOWERS,34.36,2267,34.1,65.9,HEALTHY,31.21,63.0,0.0,4.43,4.9,2.8,0,Tomato (Vegetative),0.85,50.0,37.9,HEALTHY,0,0.0
2026-06-04 13:00:00,esp32-field-01,PASSING_SHOWERS,34.25,2269,35.29,64.71,HEALTHY,30.76,54.0,0.0,0.02,4.64,4.2,0,Tomato (Vegetative),0.85,50.0,37.9,HEALTHY,0,0.0
2026-06-04 14:00:00,esp32-field-01,PASSING_SHOWERS,34.18,2252,34.52,65.48,HEALTHY,32.82,57.3,0.2,0.34,5.15,73.6,1,Tomato (Vegetative),0.85,50.0,38.3,HEALTHY,0,0.0
2026-06-04 15:00:00,esp32-field-01,PASSING_SHOWERS,34.09,2281,33.86,66.14,HEALTHY,31.31,59.4,0.0,2.56,4.85,7.6,0,Tomato (Vegetative),0.85,50.0,37.9,HEALTHY,0,0.0
2026-06-04 16:00:00,esp32-field-01,PASSING_SHOWERS,34.28,2248,35.23,64.77,HEALTHY,31.51,59.4,1.2,7.9,4.87,72.5,1,Tomato (Vegetative),0.85,50.0,40.3,HEALTHY,0,0.0
2026-06-04 17:00:00,esp32-field-01,PASSING_SHOWERS,34.26,2264,33.44,66.56,HEALTHY,29.86,66.9,0.0,0.14,4.49,0.0,0,Tomato (Vegetative),0.85,50.0,37.9,HEALTHY,0,0.0
2026-06-04 18:00:00,esp32-field-01,PASSING_SHOWERS,34.26,2235,34.52,65.48,HEALTHY,29.75,61.9,0.0,5.53,4.43,2.2,0,Tomato (Vegetative),0.85,50.0,37.9,HEALTHY,0,0.0
2026-06-04 19:00:00,esp32-field-01,PASSING_SHOWERS,34.25,2281,34.05,65.95,HEALTHY,28.65,64.1,0.0,0.41,4.43,1.3,0,Tomato (Vegetative),0.85,50.0,37.9,HEALTHY,0,0.0
2026-06-04 20:00:00,esp32-field-01,PASSING_SHOWERS,34.24,2244,35.15,64.85,HEALTHY,27.55,73.1,0.0,0.04,3.82,8.7,0,Tomato (Vegetative),0.85,50.0,37.8,HEALTHY,0,0.0
2026-06-04 21:00:00,esp32-field-01,PASSING_SHOWERS,34.23,2252,34.05,65.95,HEALTHY,26.25,77.8,0.0,2.79,3.93,5.0,0,Tomato (Vegetative),0.85,50.0,37.8,HEALTHY,0,0.0
2026-06-04 22:00:00,esp32-field-01,PASSING_SHOWERS,34.23,2271,33.05,66.95,HEALTHY,25.14,76.7,0.0,0.55,3.36,0.4,0,Tomato (Vegetative),0.85,50.0,37.8,HEALTHY,0,0.0
2026-06-04 23:00:00,esp32-field-01,PASSING_SHOWERS,34.22,2251,34.7,65.3,HEALTHY,24.76,78.8,0.0,0.92,3.81,3.9,0,Tomato (Vegetative),0.85,50.0,37.8,HEALTHY,0,0.0
2026-06-05 00:00:00,esp32-field-01,PASSING_SHOWERS,34.22,2262,34.69,65.31,HEALTHY,23.14,79.6,0.0,0.46,3.09,0.8,0,Tomato (Vegetative),0.85,50.0,37.8,HEALTHY,0,0.0
2026-06-05 01:00:00,esp32-field-01,PASSING_SHOWERS,34.21,2293,33.49,66.51,HEALTHY,22.08,80.5,0.0,0.68,2.93,0.8,0,Tomato (Vegetative),0.85,50.0,37.8,HEALTHY,0,0.0
2026-06-05 02:00:00,esp32-field-01,PASSING_SHOWERS,34.21,2306,33.12,66.88,HEALTHY,21.06,81.7,0.0,0.92,2.88,3.4,0,Tomato (Vegetative),0.85,50.0,37.8,HEALTHY,0,0.0
2026-06-05 03:00:00,esp32-field-01,PASSING_SHOWERS,34.2,2249,34.68,65.32,HEALTHY,23.3,80.3,0.0,0.99,3.49,0.6,0,Tomato (Vegetative),0.85,50.0,37.8,HEALTHY,0,0.0
2026-06-05 04:00:00,esp32-field-01,PASSING_SHOWERS,34.19,2263,34.11,65.89,HEALTHY,23.11,81.4,0.0,2.67,3.54,0.6,0,Tomato (Vegetative),0.85,50.0,37.8,HEALTHY,0,0.0
2026-06-05 05:00:00,esp32-field-01,PASSING_SHOWERS,34.19,2262,34.32,65.68,HEALTHY,23.0,79.8,0.0,0.61,3.15,4.7,0,Tomato (Vegetative),0.85,50.0,37.8,HEALTHY,0,0.0
2026-06-05 06:00:00,esp32-field-01,PASSING_SHOWERS,34.18,2239,35.18,64.82,HEALTHY,24.47,79.9,0.0,1.96,2.82,2.6,0,Tomato (Vegetative),0.85,50.0,37.7,HEALTHY,0,0.0
2026-06-05 07:00:00,esp32-field-01,PASSING_SHOWERS,34.16,2276,33.54,66.46,HEALTHY,26.33,74.9,0.0,3.69,4.15,0.5,0,Tomato (Vegetative),0.85,50.0,37.7,HEALTHY,0,0.0
2026-06-05 08:00:00,esp32-field-01,PASSING_SHOWERS,34.11,2266,34.4,65.6,HEALTHY,26.97,66.6,0.0,1.49,3.96,6.7,0,Tomato (Vegetative),0.85,50.0,37.7,HEALTHY,0,0.0
2026-06-05 09:00:00,esp32-field-01,PASSING_SHOWERS,34.04,2272,33.77,66.23,HEALTHY,27.34,64.9,0.0,3.34,3.92,10.2,0,Tomato (Vegetative),0.85,50.0,37.7,HEALTHY,0,0.0
2026-06-05 10:00:00,esp32-field-01,PASSING_SHOWERS,34.88,2273,34.51,65.49,HEALTHY,30.22,64.4,4.4,7.76,4.21,80.3,1,Tomato (Vegetative),0.85,50.0,46.5,HEALTHY,0,0.0
2026-06-05 11:00:00,esp32-field-01,PASSING_SHOWERS,34.77,2269,35.62,64.38,HEALTHY,30.85,61.0,0.0,1.36,4.55,1.3,0,Tomato (Vegetative),0.85,50.0,37.7,HEALTHY,0,0.0
2026-06-05 12:00:00,esp32-field-01,PASSING_SHOWERS,34.66,2263,34.39,65.61,HEALTHY,31.62,58.1,0.0,0.89,4.52,3.3,0,Tomato (Vegetative),0.85,50.0,37.7,HEALTHY,0,0.0
2026-06-05 13:00:00,esp32-field-01,PASSING_SHOWERS,34.54,2240,35.18,64.82,HEALTHY,31.44,60.0,0.0,0.25,4.77,3.1,0,Tomato (Vegetative),0.85,50.0,37.7,HEALTHY,0,0.0
2026-06-05 14:00:00,esp32-field-01,PASSING_SHOWERS,34.44,2272,34.2,65.8,HEALTHY,32.28,56.0,0.0,0.93,4.8,1.2,0,Tomato (Vegetative),0.85,50.0,37.7,HEALTHY,0,0.0
2026-06-05 15:00:00,esp32-field-01,PASSING_SHOWERS,34.36,2268,34.93,65.07,HEALTHY,30.52,57.4,0.0,0.14,4.18,2.1,0,Tomato (Vegetative),0.85,50.0,37.6,HEALTHY,0,0.0
2026-06-05 16:00:00,esp32-field-01,PASSING_SHOWERS,34.3,2261,35.39,64.61,HEALTHY,32.7,55.9,0.0,2.91,4.74,3.7,0,Tomato (Vegetative),0.85,50.0,37.6,HEALTHY,0,0.0
2026-06-05 17:00:00,esp32-field-01,PASSING_SHOWERS,34.28,2279,34.25,65.75,HEALTHY,30.11,60.2,0.0,4.74,4.23,2.0,0,Tomato (Vegetative),0.85,50.0,37.6,HEALTHY,0,0.0
2026-06-05 18:00:00,esp32-field-01,PASSING_SHOWERS,34.28,2265,34.18,65.82,HEALTHY,29.29,64.4,0.0,3.69,4.52,0.3,0,Tomato (Vegetative),0.85,50.0,37.6,HEALTHY,0,0.0
2026-06-05 19:00:00,esp32-field-01,PASSING_SHOWERS,34.27,2255,34.87,65.13,HEALTHY,28.2,69.4,0.0,4.53,3.88,0.9,0,Tomato (Vegetative),0.85,50.0,37.6,HEALTHY,0,0.0
2026-06-05 20:00:00,esp32-field-01,PASSING_SHOWERS,34.26,2271,34.18,65.82,HEALTHY,26.86,76.2,0.0,0.03,3.86,0.2,0,Tomato (Vegetative),0.85,50.0,37.6,HEALTHY,0,0.0
2026-06-05 21:00:00,esp32-field-01,PASSING_SHOWERS,34.26,2238,35.62,64.38,HEALTHY,24.94,75.1,0.0,0.34,3.62,1.0,0,Tomato (Vegetative),0.85,50.0,37.6,HEALTHY,0,0.0
2026-06-05 22:00:00,esp32-field-01,PASSING_SHOWERS,34.25,2257,34.54,65.46,HEALTHY,25.17,77.6,0.0,2.17,4.03,0.9,0,Tomato (Vegetative),0.85,50.0,37.6,HEALTHY,0,0.0
2026-06-05 23:00:00,esp32-field-01,PASSING_SHOWERS,34.24,2283,33.96,66.04,HEALTHY,23.2,75.7,0.0,0.17,3.32,6.1,0,Tomato (Vegetative),0.85,50.0,37.6,HEALTHY,0,0.0
2026-06-06 00:00:00,esp32-field-01,PASSING_SHOWERS,34.68,2247,35.7,64.3,HEALTHY,22.95,81.9,2.1,3.71,3.2,70.0,1,Tomato (Vegetative),0.85,50.0,41.8,HEALTHY,0,0.0
2026-06-06 01:00:00,esp32-field-01,PASSING_SHOWERS,34.68,2282,33.78,66.22,HEALTHY,23.21,80.6,0.0,5.36,3.95,8.5,0,Tomato (Vegetative),0.85,50.0,37.5,HEALTHY,0,0.0
2026-06-06 02:00:00,esp32-field-01,PASSING_SHOWERS,34.67,2239,36.33,63.67,HEALTHY,23.14,82.4,0.0,2.25,3.47,0.1,0,Tomato (Vegetative),0.85,50.0,37.5,HEALTHY,0,0.0
2026-06-06 03:00:00,esp32-field-01,PASSING_SHOWERS,34.67,2292,34.46,65.54,HEALTHY,21.37,82.6,0.0,1.48,3.36,4.7,0,Tomato (Vegetative),0.85,50.0,37.5,HEALTHY,0,0.0
2026-06-06 04:00:00,esp32-field-01,PASSING_SHOWERS,34.66,2268,35.28,64.72,HEALTHY,22.32,80.1,0.0,0.23,3.01,1.3,0,Tomato (Vegetative),0.85,50.0,37.5,HEALTHY,0,0.0
2026-06-06 05:00:00,esp32-field-01,PASSING_SHOWERS,34.65,2267,33.98,66.02,HEALTHY,23.42,78.6,0.0,0.31,3.71,3.3,0,Tomato (Vegetative),0.85,50.0,37.5,HEALTHY,0,0.0
2026-06-06 06:00:00,esp32-field-01,PASSING_SHOWERS,34.65,2263,35.28,64.72,HEALTHY,24.52,77.0,0.0,0.8,3.94,1.2,0,Tomato (Vegetative),0.85,50.0,37.5,HEALTHY,0,0.0
2026-06-06 07:00:00,esp32-field-01,PASSING_SHOWERS,35.27,2272,34.35,65.65,HEALTHY,25.91,77.3,3.5,7.44,3.79,77.6,1,Tomato (Vegetative),0.85,50.0,44.5,HEALTHY,0,0.0
2026-06-06 08:00:00,esp32-field-01,PASSING_SHOWERS,35.17,2285,34.15,65.85,HEALTHY,26.69,69.6,0.0,0.6,3.61,0.2,0,Tomato (Vegetative),0.85,50.0,37.5,HEALTHY,0,0.0
2026-06-06 09:00:00,esp32-field-01,PASSING_SHOWERS,35.07,2252,35.2,64.8,HEALTHY,29.0,65.4,0.0,0.02,4.06,0.0,0,Tomato (Vegetative),0.85,50.0,37.5,HEALTHY,0,0.0
2026-06-06 10:00:00,esp32-field-01,PASSING_SHOWERS,34.99,2253,35.63,64.37,HEALTHY,29.46,64.3,0.0,3.88,4.06,1.8,0,Tomato (Vegetative),0.85,50.0,37.5,HEALTHY,0,0.0
2026-06-06 11:00:00,esp32-field-01,PASSING_SHOWERS,34.88,2251,34.66,65.34,HEALTHY,30.16,54.2,0.0,0.34,4.33,0.6,0,Tomato (Vegetative),0.85,50.0,37.4,HEALTHY,0,0.0
2026-06-06 12:00:00,esp32-field-01,PASSING_SHOWERS,34.77,2260,33.38,66.62,HEALTHY,30.74,54.3,0.0,2.32,4.58,2.4,0,Tomato (Vegetative),0.85,50.0,37.4,HEALTHY,0,0.0
2026-06-06 13:00:00,esp32-field-01,PASSING_SHOWERS,34.65,2266,33.68,66.32,HEALTHY,32.13,61.5,0.0,2.65,4.77,0.9,0,Tomato (Vegetative),0.85,50.0,37.4,HEALTHY,0,0.0
2026-06-06 14:00:00,esp32-field-01,PASSING_SHOWERS,34.56,2271,34.52,65.48,HEALTHY,30.49,58.0,0.0,2.66,4.32,1.7,0,Tomato (Vegetative),0.85,50.0,37.4,HEALTHY,0,0.0
2026-06-06 15:00:00,esp32-field-01,PASSING_SHOWERS,36.52,2220,37.38,62.62,HEALTHY,33.09,58.0,12.0,18.45,4.62,97.4,1,Tomato (Vegetative),0.85,50.0,61.4,HEALTHY,0,0.0
2026-06-06 16:00:00,esp32-field-01,PASSING_SHOWERS,36.09,2256,34.18,65.82,HEALTHY,30.76,59.9,0.0,0.87,4.91,0.4,0,Tomato (Vegetative),0.85,50.0,37.4,HEALTHY,0,0.0
2026-06-06 17:00:00,esp32-field-01,PASSING_SHOWERS,35.8,2231,36.34,63.66,HEALTHY,29.75,57.5,0.0,3.2,4.69,10.5,0,Tomato (Vegetative),0.85,50.0,37.4,HEALTHY,0,0.0
2026-06-06 18:00:00,esp32-field-01,PASSING_SHOWERS,35.6,2250,34.06,65.94,HEALTHY,29.71,65.4,0.0,3.35,4.23,3.3,0,Tomato (Vegetative),0.85,50.0,37.4,HEALTHY,0,0.0
2026-06-06 19:00:00,esp32-field-01,PASSING_SHOWERS,35.44,2277,34.74,65.26,HEALTHY,27.37,71.1,0.0,0.37,3.98,1.9,0,Tomato (Vegetative),0.85,50.0,37.4,HEALTHY,0,0.0
2026-06-06 20:00:00,esp32-field-01,PASSING_SHOWERS,35.33,2219,35.85,64.15,HEALTHY,26.97,72.9,0.0,2.16,4.38,3.9,0,Tomato (Vegetative),0.85,50.0,37.4,HEALTHY,0,0.0
2026-06-06 21:00:00,esp32-field-01,PASSING_SHOWERS,35.24,2243,35.11,64.89,HEALTHY,26.53,71.2,0.0,0.28,3.85,3.3,0,Tomato (Vegetative),0.85,50.0,37.4,HEALTHY,0,0.0
2026-06-06 22:00:00,esp32-field-01,PASSING_SHOWERS,35.18,2264,34.31,65.69,HEALTHY,24.44,73.6,0.0,5.38,3.44,4.0,0,Tomato (Vegetative),0.85,50.0,37.3,HEALTHY,0,0.0
2026-06-06 23:00:00,esp32-field-01,PASSING_SHOWERS,35.13,2238,35.97,64.03,HEALTHY,23.66,80.1,0.0,0.26,3.53,0.2,0,Tomato (Vegetative),0.85,50.0,37.3,HEALTHY,0,0.0
2026-06-07 00:00:00,esp32-field-01,PASSING_SHOWERS,35.09,2249,34.21,65.79,HEALTHY,22.74,81.8,0.0,3.13,3.54,1.2,0,Tomato (Vegetative),0.85,50.0,37.3,HEALTHY,0,0.0
2026-06-07 01:00:00,esp32-field-01,PASSING_SHOWERS,35.06,2255,34.4,65.6,HEALTHY,21.56,84.2,0.0,2.77,3.16,1.0,0,Tomato (Vegetative),0.85,50.0,37.3,HEALTHY,0,0.0
2026-06-07 02:00:00,esp32-field-01,PASSING_SHOWERS,35.04,2237,35.41,64.59,HEALTHY,21.97,80.2,0.0,0.43,3.46,1.7,0,Tomato (Vegetative),0.85,50.0,37.3,HEALTHY,0,0.0
2026-06-07 03:00:00,esp32-field-01,PASSING_SHOWERS,35.03,2262,34.81,65.19,HEALTHY,21.42,82.0,0.0,1.31,3.11,10.2,0,Tomato (Vegetative),0.85,50.0,37.3,HEALTHY,0,0.0
2026-06-07 04:00:00,esp32-field-01,PASSING_SHOWERS,35.02,2237,35.64,64.36,HEALTHY,21.81,80.0,0.0,0.24,3.43,4.6,0,Tomato (Vegetative),0.85,50.0,37.3,HEALTHY,0,0.0
2026-06-07 05:00:00,esp32-field-01,PASSING_SHOWERS,35.01,2233,36.03,63.97,HEALTHY,22.11,79.2,0.0,1.11,3.64,2.7,0,Tomato (Vegetative),0.85,50.0,37.3,HEALTHY,0,0.0
2026-06-07 06:00:00,esp32-field-01,PASSING_SHOWERS,35.0,2261,35.25,64.75,HEALTHY,22.91,79.0,0.0,0.13,2.97,2.9,0,Tomato (Vegetative),0.85,50.0,37.3,HEALTHY,0,0.0
2026-06-07 07:00:00,esp32-field-01,PASSING_SHOWERS,34.98,2251,34.87,65.13,HEALTHY,26.42,71.5,0.0,1.56,3.89,0.4,0,Tomato (Vegetative),0.85,50.0,37.2,HEALTHY,0,0.0
2026-06-07 08:00:00,esp32-field-01,PASSING_SHOWERS,34.93,2236,34.79,65.21,HEALTHY,27.01,70.2,0.0,1.18,4.07,5.8,0,Tomato (Vegetative),0.85,50.0,37.2,HEALTHY,0,0.0
2026-06-07 09:00:00,esp32-field-01,PASSING_SHOWERS,34.85,2253,35.53,64.47,HEALTHY,27.79,68.3,0.0,0.46,4.32,0.8,0,Tomato (Vegetative),0.85,50.0,37.2,HEALTHY,0,0.0
2026-06-07 10:00:00,esp32-field-01,PASSING_SHOWERS,34.75,2290,33.12,66.88,HEALTHY,29.9,61.3,0.0,2.46,4.72,4.5,0,Tomato (Vegetative),0.85,50.0,37.2,HEALTHY,0,0.0
2026-06-07 11:00:00,esp32-field-01,PASSING_SHOWERS,34.64,2274,33.96,66.04,HEALTHY,29.3,61.8,0.0,0.11,4.4,0.5,0,Tomato (Vegetative),0.85,50.0,37.2,HEALTHY,0,0.0
2026-06-07 12:00:00,esp32-field-01,PASSING_SHOWERS,34.52,2271,35.26,64.74,HEALTHY,32.03,63.1,0.0,0.18,4.67,0.1,0,Tomato (Vegetative),0.85,50.0,37.2,HEALTHY,0,0.0
2026-06-07 13:00:00,esp32-field-01,PASSING_SHOWERS,34.41,2246,33.61,66.39,HEALTHY,30.72,53.5,0.0,1.33,4.71,2.3,0,Tomato (Vegetative),0.85,50.0,37.2,HEALTHY,0,0.0
2026-06-07 14:00:00,esp32-field-01,PASSING_SHOWERS,34.31,2258,34.0,66.0,HEALTHY,32.73,55.7,0.0,1.43,4.7,3.4,0,Tomato (Vegetative),0.85,50.0,37.2,HEALTHY,0,0.0
2026-06-07 15:00:00,esp32-field-01,PASSING_SHOWERS,34.23,2275,34.28,65.72,HEALTHY,32.65,60.0,0.0,1.63,4.11,11.6,0,Tomato (Vegetative),0.85,50.0,37.2,HEALTHY,0,0.0
2026-06-07 16:00:00,esp32-field-01,PASSING_SHOWERS,34.18,2245,35.83,64.17,HEALTHY,31.74,54.5,0.0,0.48,4.41,1.7,0,Tomato (Vegetative),0.85,50.0,37.2,HEALTHY,0,0.0
2026-06-07 17:00:00,esp32-field-01,PASSING_SHOWERS,36.28,2278,33.81,66.19,HEALTHY,31.34,63.7,12.0,18.86,4.11,92.8,1,Tomato (Vegetative),0.85,50.0,61.1,HEALTHY,0,0.0
2026-06-07 18:00:00,esp32-field-01,PASSING_SHOWERS,35.96,2258,35.36,64.64,HEALTHY,28.2,63.7,0.0,0.51,4.21,3.9,0,Tomato (Vegetative),0.85,50.0,37.1,HEALTHY,0,0.0
2026-06-07 19:00:00,esp32-field-01,PASSING_SHOWERS,35.71,2262,35.03,64.97,HEALTHY,27.54,69.5,0.0,4.29,4.26,2.0,0,Tomato (Vegetative),0.85,50.0,37.1,HEALTHY,0,0.0
2026-06-07 20:00:00,esp32-field-01,PASSING_SHOWERS,35.53,2263,35.63,64.37,HEALTHY,27.22,68.5,0.0,4.94,3.95,10.7,0,Tomato (Vegetative),0.85,50.0,37.1,HEALTHY,0,0.0
2026-06-07 21:00:00,esp32-field-01,PASSING_SHOWERS,35.39,2235,35.42,64.58,HEALTHY,25.66,73.3,0.0,0.48,4.44,0.7,0,Tomato (Vegetative),0.85,50.0,37.1,HEALTHY,0,0.0
2026-06-07 22:00:00,esp32-field-01,PASSING_SHOWERS,35.29,2264,35.04,64.96,HEALTHY,24.75,71.6,0.0,0.71,3.42,2.1,0,Tomato (Vegetative),0.85,50.0,37.1,HEALTHY,0,0.0
2026-06-07 23:00:00,esp32-field-01,PASSING_SHOWERS,35.21,2249,35.85,64.15,HEALTHY,22.44,78.9,0.0,0.42,2.95,0.3,0,Tomato (Vegetative),0.85,50.0,37.1,HEALTHY,0,0.0
2026-06-08 00:00:00,esp32-field-01,PASSING_SHOWERS,35.16,2253,35.58,64.42,HEALTHY,23.02,83.0,0.0,3.27,3.1,2.9,0,Tomato (Vegetative),0.85,50.0,37.1,HEALTHY,0,0.0
2026-06-08 01:00:00,esp32-field-01,PASSING_SHOWERS,35.11,2239,35.99,64.01,HEALTHY,21.7,85.1,0.0,1.26,2.82,6.9,0,Tomato (Vegetative),0.85,50.0,37.1,HEALTHY,0,0.0
2026-06-08 02:00:00,esp32-field-01,PASSING_SHOWERS,35.08,2263,34.35,65.65,HEALTHY,22.06,81.0,0.0,1.85,3.92,1.4,0,Tomato (Vegetative),0.85,50.0,37.1,HEALTHY,0,0.0
2026-06-08 03:00:00,esp32-field-01,PASSING_SHOWERS,35.05,2263,34.29,65.71,HEALTHY,23.58,83.0,0.0,0.78,3.56,0.5,0,Tomato (Vegetative),0.85,50.0,37.0,HEALTHY,0,0.0
2026-06-08 04:00:00,esp32-field-01,PASSING_SHOWERS,35.04,2268,33.46,66.54,HEALTHY,23.87,81.4,0.0,1.52,3.59,2.0,0,Tomato (Vegetative),0.85,50.0,37.0,HEALTHY,0,0.0
2026-06-08 05:00:00,esp32-field-01,PASSING_SHOWERS,35.02,2256,34.55,65.45,HEALTHY,22.79,82.7,0.0,0.92,3.04,0.8,0,Tomato (Vegetative),0.85,50.0,37.0,HEALTHY,0,0.0
2026-06-08 06:00:00,esp32-field-01,PASSING_SHOWERS,35.01,2241,35.37,64.63,HEALTHY,25.66,78.1,0.0,2.5,3.9,8.0,0,Tomato (Vegetative),0.85,50.0,37.0,HEALTHY,0,0.0
2026-06-08 07:00:00,esp32-field-01,PASSING_SHOWERS,34.99,2277,34.84,65.16,HEALTHY,27.22,73.6,0.0,3.48,4.04,9.8,0,Tomato (Vegetative),0.85,50.0,37.0,HEALTHY,0,0.0
2026-06-08 08:00:00,esp32-field-01,PASSING_SHOWERS,34.94,2246,35.45,64.55,HEALTHY,26.43,71.0,0.0,1.3,3.84,0.2,0,Tomato (Vegetative),0.85,50.0,37.0,HEALTHY,0,0.0
2026-06-08 09:00:00,esp32-field-01,PASSING_SHOWERS,34.87,2260,33.16,66.84,HEALTHY,27.8,61.7,0.0,2.3,3.98,0.1,0,Tomato (Vegetative),0.85,50.0,37.0,HEALTHY,0,0.0
2026-06-08 10:00:00,esp32-field-01,PASSING_SHOWERS,34.78,2285,34.07,65.93,HEALTHY,28.94,67.5,0.0,2.68,4.17,2.0,0,Tomato (Vegetative),0.85,50.0,37.0,HEALTHY,0,0.0
2026-06-08 11:00:00,esp32-field-01,PASSING_SHOWERS,34.68,2284,34.14,65.86,HEALTHY,29.55,64.1,0.0,0.22,4.18,0.6,0,Tomato (Vegetative),0.85,50.0,37.0,HEALTHY,0,0.0
2026-06-08 12:00:00,esp32-field-01,PASSING_SHOWERS,34.57,2277,34.58,65.42,HEALTHY,30.2,57.2,0.0,0.59,4.32,1.8,0,Tomato (Vegetative),0.85,50.0,37.0,HEALTHY,0,0.0
2026-06-08 13:00:00,esp32-field-01,PASSING_SHOWERS,34.47,2279,34.05,65.95,HEALTHY,31.82,54.7,0.0,0.18,4.08,0.8,0,Tomato (Vegetative),0.85,50.0,36.9,HEALTHY,0,0.0
2026-06-08 14:00:00,esp32-field-01,PASSING_SHOWERS,34.36,2310,33.21,66.79,HEALTHY,32.08,56.2,0.0,0.91,5.19,5.8,0,Tomato (Vegetative),0.85,50.0,36.9,HEALTHY,0,0.0
2026-06-08 15:00:00,esp32-field-01,PASSING_SHOWERS,34.51,2257,34.59,65.41,HEALTHY,30.76,62.4,1.1,3.93,4.6,68.3,1,Tomato (Vegetative),0.85,50.0,39.1,HEALTHY,0,0.0
2026-06-08 16:00:00,esp32-field-01,PASSING_SHOWERS,34.46,2237,36.21,63.79,HEALTHY,31.12,56.2,0.0,0.24,4.25,1.6,0,Tomato (Vegetative),0.85,50.0,36.9,HEALTHY,0,0.0
2026-06-08 17:00:00,esp32-field-01,PASSING_SHOWERS,34.66,2268,33.37,66.63,HEALTHY,30.28,62.3,1.1,4.14,4.65,75.9,1,Tomato (Vegetative),0.85,50.0,39.1,HEALTHY,0,0.0
2026-06-08 18:00:00,esp32-field-01,PASSING_SHOWERS,34.66,2236,34.89,65.11,HEALTHY,29.18,58.8,0.0,0.63,4.26,1.3,0,Tomato (Vegetative),0.85,50.0,36.9,HEALTHY,0,0.0
2026-06-08 19:00:00,esp32-field-01,PASSING_SHOWERS,34.65,2267,33.98,66.02,HEALTHY,27.27,65.9,0.0,0.98,3.59,3.9,0,Tomato (Vegetative),0.85,50.0,36.9,HEALTHY,0,0.0
2026-06-08 20:00:00,esp32-field-01,PASSING_SHOWERS,36.65,2235,36.84,63.16,HEALTHY,26.02,71.9,12.0,20.99,3.77,95.1,1,Tomato (Vegetative),0.85,50.0,60.9,HEALTHY,0,0.0
2026-06-08 21:00:00,esp32-field-01,PASSING_SHOWERS,36.57,2224,36.19,63.81,HEALTHY,25.35,75.2,2.1,4.23,3.47,78.2,1,Tomato (Vegetative),0.85,50.0,41.1,HEALTHY,0,0.0
2026-06-08 22:00:00,esp32-field-01,PASSING_SHOWERS,36.17,2227,35.96,64.04,HEALTHY,24.74,79.2,0.0,1.06,3.41,2.1,0,Tomato (Vegetative),0.85,50.0,36.9,HEALTHY,0,0.0
2026-06-08 23:00:00,esp32-field-01,PASSING_SHOWERS,35.87,2235,36.0,64.0,HEALTHY,22.87,83.3,0.0,0.73,3.09,1.0,0,Tomato (Vegetative),0.85,50.0,36.9,HEALTHY,0,0.0
2026-06-09 00:00:00,esp32-field-01,PASSING_SHOWERS,35.65,2248,35.9,64.1,HEALTHY,23.16,82.1,0.0,4.41,3.25,1.7,0,Tomato (Vegetative),0.85,50.0,36.8,HEALTHY,0,0.0
2026-06-09 01:00:00,esp32-field-01,PASSING_SHOWERS,35.48,2243,35.34,64.66,HEALTHY,23.04,82.7,0.0,0.43,3.21,0.5,0,Tomato (Vegetative),0.85,50.0,36.8,HEALTHY,0,0.0
2026-06-09 02:00:00,esp32-field-01,PASSING_SHOWERS,35.36,2257,35.15,64.85,HEALTHY,21.32,84.7,0.0,0.28,3.24,1.3,0,Tomato (Vegetative),0.85,50.0,36.8,HEALTHY,0,0.0
2026-06-09 03:00:00,esp32-field-01,PASSING_SHOWERS,35.26,2257,34.38,65.62,HEALTHY,22.26,84.4,0.0,0.49,3.89,14.0,0,Tomato (Vegetative),0.85,50.0,36.8,HEALTHY,0,0.0
2026-06-09 04:00:00,esp32-field-01,PASSING_SHOWERS,35.19,2231,35.22,64.78,HEALTHY,23.4,81.2,0.0,0.39,3.23,0.5,0,Tomato (Vegetative),0.85,50.0,36.8,HEALTHY,0,0.0
2026-06-09 05:00:00,esp32-field-01,PASSING_SHOWERS,35.14,2274,36.26,63.74,HEALTHY,23.51,76.8,0.0,2.58,3.57,0.3,0,Tomato (Vegetative),0.85,50.0,36.8,HEALTHY,0,0.0
2026-06-09 06:00:00,esp32-field-01,PASSING_SHOWERS,35.1,2280,34.42,65.58,HEALTHY,25.13,73.3,0.0,1.33,3.43,0.1,0,Tomato (Vegetative),0.85,50.0,36.8,HEALTHY,0,0.0
2026-06-09 07:00:00,esp32-field-01,PASSING_SHOWERS,35.06,2274,34.11,65.89,HEALTHY,25.68,69.5,0.0,2.59,3.81,1.2,0,Tomato (Vegetative),0.85,50.0,36.8,HEALTHY,0,0.0
2026-06-09 08:00:00,esp32-field-01,PASSING_SHOWERS,35.0,2219,36.93,63.07,HEALTHY,26.82,72.2,0.0,0.64,4.02,3.9,0,Tomato (Vegetative),0.85,50.0,36.8,HEALTHY,0,0.0
2026-06-09 09:00:00,esp32-field-01,PASSING_SHOWERS,34.94,2254,34.85,65.15,HEALTHY,27.44,70.3,0.0,1.3,3.92,0.3,0,Tomato (Vegetative),0.85,50.0,36.8,HEALTHY,0,0.0
2026-06-09 10:00:00,esp32-field-01,PASSING_SHOWERS,34.84,2248,34.62,65.38,HEALTHY,30.22,68.0,0.0,1.35,4.28,2.4,0,Tomato (Vegetative),0.85,50.0,36.7,HEALTHY,0,0.0
2026-06-09 11:00:00,esp32-field-01,PASSING_SHOWERS,34.74,2243,34.93,65.07,HEALTHY,30.56,58.2,0.0,3.8,4.25,1.4,0,Tomato (Vegetative),0.85,50.0,36.7,HEALTHY,0,0.0
2026-06-09 12:00:00,esp32-field-01,PASSING_SHOWERS,34.62,2255,34.62,65.38,HEALTHY,31.09,54.2,0.0,0.63,4.9,0.5,0,Tomato (Vegetative),0.85,50.0,36.7,HEALTHY,0,0.0
2026-06-09 13:00:00,esp32-field-01,PASSING_SHOWERS,34.5,2262,33.91,66.09,HEALTHY,31.74,60.5,0.0,0.26,4.85,0.9,0,Tomato (Vegetative),0.85,50.0,36.7,HEALTHY,0,0.0
2026-06-09 14:00:00,esp32-field-01,PASSING_SHOWERS,35.86,2242,35.59,64.41,HEALTHY,31.98,51.1,8.2,14.45,4.39,72.0,1,Tomato (Vegetative),0.85,50.0,53.1,HEALTHY,0,0.0
2026-06-09 15:00:00,esp32-field-01,PASSING_SHOWERS,35.58,2251,34.74,65.26,HEALTHY,31.43,54.6,0.0,7.24,4.62,1.1,0,Tomato (Vegetative),0.85,50.0,36.7,HEALTHY,0,0.0
2026-06-09 16:00:00,esp32-field-01,PASSING_SHOWERS,35.39,2225,36.29,63.71,HEALTHY,30.29,54.0,0.0,2.56,5.04,0.1,0,Tomato (Vegetative),0.85,50.0,36.7,HEALTHY,0,0.0
2026-06-09 17:00:00,esp32-field-01,PASSING_SHOWERS,35.27,2226,35.33,64.67,HEALTHY,29.9,62.3,0.0,0.16,4.79,3.2,0,Tomato (Vegetative),0.85,50.0,36.7,HEALTHY,0,0.0
2026-06-09 18:00:00,esp32-field-01,PASSING_SHOWERS,35.2,2216,36.2,63.8,HEALTHY,29.77,63.0,0.0,0.01,4.22,3.0,0,Tomato (Vegetative),0.85,50.0,36.7,HEALTHY,0,0.0
2026-06-09 19:00:00,esp32-field-01,PASSING_SHOWERS,35.15,2239,35.92,64.08,HEALTHY,27.7,69.8,0.0,3.29,4.09,0.6,0,Tomato (Vegetative),0.85,50.0,36.6,HEALTHY,0,0.0
2026-06-09 20:00:00,esp32-field-01,PASSING_SHOWERS,35.1,2252,34.4,65.6,HEALTHY,26.89,72.0,0.0,6.54,4.1,0.1,0,Tomato (Vegetative),0.85,50.0,36.6,HEALTHY,0,0.0
2026-06-09 21:00:00,esp32-field-01,PASSING_SHOWERS,35.07,2265,34.27,65.73,HEALTHY,26.53,69.9,0.0,1.62,3.8,4.6,0,Tomato (Vegetative),0.85,50.0,36.6,HEALTHY,0,0.0
2026-06-09 22:00:00,esp32-field-01,PASSING_SHOWERS,35.05,2230,35.58,64.42,HEALTHY,23.85,73.8,0.0,3.68,3.84,10.4,0,Tomato (Vegetative),0.85,50.0,36.6,HEALTHY,0,0.0
2026-06-09 23:00:00,esp32-field-01,PASSING_SHOWERS,35.03,2264,34.96,65.04,HEALTHY,23.3,72.8,0.0,1.69,3.31,5.3,0,Tomato (Vegetative),0.85,50.0,36.6,HEALTHY,0,0.0
2026-06-10 00:00:00,esp32-field-01,PASSING_SHOWERS,35.02,2253,35.33,64.67,HEALTHY,22.92,78.9,0.0,0.23,3.31,2.2,0,Tomato (Vegetative),0.85,50.0,36.6,HEALTHY,0,0.0
2026-06-10 01:00:00,esp32-field-01,PASSING_SHOWERS,35.01,2255,34.38,65.62,HEALTHY,23.72,85.4,0.0,3.96,3.4,1.0,0,Tomato (Vegetative),0.85,50.0,36.6,HEALTHY,0,0.0
2026-06-10 02:00:00,esp32-field-01,PASSING_SHOWERS,35.0,2262,35.4,64.6,HEALTHY,22.01,84.9,0.0,0.4,3.12,4.1,0,Tomato (Vegetative),0.85,50.0,36.6,HEALTHY,0,0.0
2026-06-10 03:00:00,esp32-field-01,PASSING_SHOWERS,35.0,2244,36.29,63.71,HEALTHY,21.47,83.7,0.0,0.89,2.94,0.2,0,Tomato (Vegetative),0.85,50.0,36.6,HEALTHY,0,0.0
2026-06-10 04:00:00,esp32-field-01,PASSING_SHOWERS,34.99,2274,34.38,65.62,HEALTHY,23.37,84.6,0.0,0.55,3.49,0.3,0,Tomato (Vegetative),0.85,50.0,36.6,HEALTHY,0,0.0
2026-06-10 05:00:00,esp32-field-01,PASSING_SHOWERS,34.99,2249,34.96,65.04,HEALTHY,23.71,74.2,0.0,3.92,3.6,2.4,0,Tomato (Vegetative),0.85,50.0,36.5,HEALTHY,0,0.0
2026-06-10 06:00:00,esp32-field-01,PASSING_SHOWERS,34.98,2236,35.61,64.39,HEALTHY,25.31,76.6,0.0,0.01,3.7,1.0,0,Tomato (Vegetative),0.85,50.0,36.5,HEALTHY,0,0.0
2026-06-10 07:00:00,esp32-field-01,PASSING_SHOWERS,34.96,2252,35.11,64.89,HEALTHY,25.57,72.6,0.0,2.18,3.15,2.1,0,Tomato (Vegetative),0.85,50.0,36.5,HEALTHY,0,0.0
2026-06-10 08:00:00,esp32-field-01,PASSING_SHOWERS,34.9,2236,35.22,64.78,HEALTHY,27.14,69.3,0.0,1.56,4.48,3.5,0,Tomato (Vegetative),0.85,50.0,36.5,HEALTHY,0,0.0
2026-06-10 09:00:00,esp32-field-01,PASSING_SHOWERS,34.82,2245,35.01,64.99,HEALTHY,30.22,65.1,0.0,1.14,4.41,0.7,0,Tomato (Vegetative),0.85,50.0,36.5,HEALTHY,0,0.0
2026-06-10 10:00:00,esp32-field-01,PASSING_SHOWERS,34.73,2290,32.43,67.57,HEALTHY,28.87,65.5,0.0,1.79,4.26,0.2,0,Tomato (Vegetative),0.85,50.0,36.5,HEALTHY,0,0.0
2026-06-10 11:00:00,esp32-field-01,PASSING_SHOWERS,34.62,2215,36.08,63.92,HEALTHY,30.38,64.9,0.0,2.64,4.63,4.3,0,Tomato (Vegetative),0.85,50.0,36.5,HEALTHY,0,0.0
2026-06-10 12:00:00,esp32-field-01,PASSING_SHOWERS,35.31,2274,34.24,65.76,HEALTHY,31.2,62.1,4.3,12.7,4.9,81.8,1,Tomato (Vegetative),0.85,50.0,45.1,HEALTHY,0,0.0
2026-06-10 13:00:00,esp32-field-01,PASSING_SHOWERS,35.14,2263,34.57,65.43,HEALTHY,31.2,54.3,0.0,7.95,4.93,9.4,0,Tomato (Vegetative),0.85,50.0,36.5,HEALTHY,0,0.0
2026-06-10 14:00:00,esp32-field-01,PASSING_SHOWERS,35.03,2264,34.8,65.2,HEALTHY,30.6,52.8,0.0,0.17,4.83,0.2,0,Tomato (Vegetative),0.85,50.0,36.5,HEALTHY,0,0.0
2026-06-10 15:00:00,esp32-field-01,PASSING_SHOWERS,34.95,2283,34.43,65.57,HEALTHY,31.36,58.4,0.0,0.93,4.69,0.1,0,Tomato (Vegetative),0.85,50.0,36.4,HEALTHY,0,0.0
2026-06-10 16:00:00,esp32-field-01,PASSING_SHOWERS,34.9,2196,36.72,63.28,HEALTHY,29.79,57.9,0.0,3.33,3.99,7.7,0,Tomato (Vegetative),0.85,50.0,36.4,HEALTHY,0,0.0
2026-06-10 17:00:00,esp32-field-01,PASSING_SHOWERS,34.87,2263,34.2,65.8,HEALTHY,29.91,59.9,0.0,0.3,4.06,0.9,0,Tomato (Vegetative),0.85,50.0,36.4,HEALTHY,0,0.0
2026-06-10 18:00:00,esp32-field-01,PASSING_SHOWERS,34.87,2274,34.65,65.35,HEALTHY,28.36,63.6,0.0,0.79,3.69,2.6,0,Tomato (Vegetative),0.85,50.0,36.4,HEALTHY,0,0.0
2026-06-10 19:00:00,esp32-field-01,PASSING_SHOWERS,34.86,2265,34.46,65.54,HEALTHY,27.61,67.4,0.0,0.15,4.2,3.5,0,Tomato (Vegetative),0.85,50.0,36.4,HEALTHY,0,0.0
2026-06-10 20:00:00,esp32-field-01,PASSING_SHOWERS,34.85,2289,33.41,66.59,HEALTHY,25.36,73.2,0.0,0.41,4.08,0.7,0,Tomato (Vegetative),0.85,50.0,36.4,HEALTHY,0,0.0
2026-06-10 21:00:00,esp32-field-01,PASSING_SHOWERS,34.85,2250,35.26,64.74,HEALTHY,26.37,73.3,0.0,0.85,4.23,3.6,0,Tomato (Vegetative),0.85,50.0,36.4,HEALTHY,0,0.0
2026-06-10 22:00:00,esp32-field-01,PASSING_SHOWERS,34.84,2250,34.2,65.8,HEALTHY,25.06,71.3,0.0,1.9,3.78,0.2,0,Tomato (Vegetative),0.85,50.0,36.4,HEALTHY,0,0.0
2026-06-10 23:00:00,esp32-field-01,PASSING_SHOWERS,34.83,2244,35.46,64.54,HEALTHY,22.84,79.2,0.0,0.41,3.22,2.1,0,Tomato (Vegetative),0.85,50.0,36.4,HEALTHY,0,0.0
2026-06-11 00:00:00,esp32-field-01,PASSING_SHOWERS,34.83,2235,34.89,65.11,HEALTHY,22.45,83.4,0.0,0.26,3.26,3.3,0,Tomato (Vegetative),0.85,50.0,36.4,HEALTHY,0,0.0
2026-06-11 01:00:00,esp32-field-01,PASSING_SHOWERS,34.82,2265,34.31,65.69,HEALTHY,22.18,80.6,0.0,0.22,3.27,4.1,0,Tomato (Vegetative),0.85,50.0,36.4,HEALTHY,0,0.0
2026-06-11 02:00:00,esp32-field-01,PASSING_SHOWERS,34.82,2234,35.5,64.5,HEALTHY,21.12,80.1,0.0,2.23,2.65,0.3,0,Tomato (Vegetative),0.85,50.0,36.3,HEALTHY,0,0.0
2026-06-11 03:00:00,esp32-field-01,PASSING_SHOWERS,34.81,2248,35.16,64.84,HEALTHY,21.78,82.4,0.0,1.16,3.15,4.8,0,Tomato (Vegetative),0.85,50.0,36.3,HEALTHY,0,0.0
2026-06-11 04:00:00,esp32-field-01,PASSING_SHOWERS,34.81,2264,35.67,64.33,HEALTHY,21.91,82.5,0.0,1.05,2.97,5.3,0,Tomato (Vegetative),0.85,50.0,36.3,HEALTHY,0,0.0
2026-06-11 05:00:00,esp32-field-01,PASSING_SHOWERS,34.8,2250,34.33,65.67,HEALTHY,23.04,75.6,0.0,0.35,3.44,4.3,0,Tomato (Vegetative),0.85,50.0,36.3,HEALTHY,0,0.0
2026-06-11 06:00:00,esp32-field-01,PASSING_SHOWERS,34.79,2262,34.04,65.96,HEALTHY,24.32,77.4,0.0,2.22,3.75,10.7,0,Tomato (Vegetative),0.85,50.0,36.3,HEALTHY,0,0.0
2026-06-11 07:00:00,esp32-field-01,PASSING_SHOWERS,34.77,2273,35.11,64.89,HEALTHY,26.79,70.9,0.0,1.65,4.1,5.4,0,Tomato (Vegetative),0.85,50.0,36.3,HEALTHY,0,0.0
2026-06-11 08:00:00,esp32-field-01,PASSING_SHOWERS,34.72,2270,34.34,65.66,HEALTHY,26.32,66.7,0.0,0.08,3.65,2.4,0,Tomato (Vegetative),0.85,50.0,36.3,HEALTHY,0,0.0
2026-06-11 09:00:00,esp32-field-01,PASSING_SHOWERS,34.65,2292,33.52,66.48,HEALTHY,28.53,63.4,0.0,2.87,4.01,5.6,0,Tomato (Vegetative),0.85,50.0,36.3,HEALTHY,0,0.0
2026-06-11 10:00:00,esp32-field-01,PASSING_SHOWERS,34.55,2263,34.68,65.32,HEALTHY,29.66,64.2,0.0,2.65,4.56,2.2,0,Tomato (Vegetative),0.85,50.0,36.3,HEALTHY,0,0.0
2026-06-11 11:00:00,esp32-field-01,PASSING_SHOWERS,34.44,2262,34.7,65.3,HEALTHY,30.28,56.2,0.0,0.06,4.55,0.2,0,Tomato (Vegetative),0.85,50.0,36.2,HEALTHY,0,0.0
2026-06-11 12:00:00,esp32-field-01,PASSING_SHOWERS,34.33,2231,35.98,64.02,HEALTHY,30.61,59.5,0.0,2.84,4.62,0.5,0,Tomato (Vegetative),0.85,50.0,36.2,HEALTHY,0,0.0
2026-06-11 13:00:00,esp32-field-01,PASSING_SHOWERS,34.21,2273,35.37,64.63,HEALTHY,30.79,54.6,0.0,1.03,4.84,5.9,0,Tomato (Vegetative),0.85,50.0,36.2,HEALTHY,0,0.0
2026-06-11 14:00:00,esp32-field-01,PASSING_SHOWERS,34.11,2263,34.07,65.93,HEALTHY,32.0,55.3,0.0,2.34,4.79,2.7,0,Tomato (Vegetative),0.85,50.0,36.2,HEALTHY,0,0.0
2026-06-11 15:00:00,esp32-field-01,PASSING_SHOWERS,34.02,2278,34.07,65.93,HEALTHY,31.48,59.8,0.0,0.4,4.67,1.0,0,Tomato (Vegetative),0.85,50.0,36.2,HEALTHY,0,0.0
2026-06-11 16:00:00,esp32-field-01,PASSING_SHOWERS,33.96,2294,33.45,66.55,HEALTHY,31.55,60.4,0.0,0.35,4.81,4.3,0,Tomato (Vegetative),0.85,50.0,36.2,HEALTHY,0,0.0
2026-06-11 17:00:00,esp32-field-01,PASSING_SHOWERS,36.11,2237,36.02,63.98,HEALTHY,29.51,59.0,12.0,18.52,4.55,88.0,1,Tomato (Vegetative),0.85,50.0,60.2,HEALTHY,0,0.0
2026-06-11 18:00:00,esp32-field-01,PASSING_SHOWERS,35.83,2228,35.26,64.74,HEALTHY,28.21,60.9,0.0,0.55,4.43,1.0,0,Tomato (Vegetative),0.85,50.0,36.2,HEALTHY,0,0.0
2026-06-11 19:00:00,esp32-field-01,PASSING_SHOWERS,35.62,2218,36.66,63.34,HEALTHY,28.64,65.8,0.0,0.97,4.14,0.1,0,Tomato (Vegetative),0.85,50.0,36.2,HEALTHY,0,0.0
2026-06-11 20:00:00,esp32-field-01,PASSING_SHOWERS,35.46,2260,34.86,65.14,HEALTHY,27.15,68.3,0.0,0.16,4.03,0.8,0,Tomato (Vegetative),0.85,50.0,36.2,HEALTHY,0,0.0
2026-06-11 21:00:00,esp32-field-01,PASSING_SHOWERS,35.34,2264,35.21,64.79,HEALTHY,25.52,74.8,0.0,0.75,3.56,18.3,0,Tomato (Vegetative),0.85,50.0,36.1,HEALTHY,0,0.0
2026-06-11 22:00:00,esp32-field-01,PASSING_SHOWERS,35.25,2274,33.94,66.06,HEALTHY,24.72,77.1,0.0,0.04,3.87,0.0,0,Tomato (Vegetative),0.85,50.0,36.1,HEALTHY,0,0.0
2026-06-11 23:00:00,esp32-field-01,PASSING_SHOWERS,35.18,2280,35.43,64.57,HEALTHY,23.05,79.7,0.0,0.36,3.22,0.5,0,Tomato (Vegetative),0.85,50.0,36.1,HEALTHY,0,0.0
2026-06-12 00:00:00,esp32-field-01,PASSING_SHOWERS,35.58,2242,35.35,64.65,HEALTHY,23.11,81.0,2.8,6.65,3.27,69.0,1,Tomato (Vegetative),0.85,50.0,41.7,HEALTHY,0,0.0
2026-06-12 01:00:00,esp32-field-01,PASSING_SHOWERS,35.43,2232,35.8,64.2,HEALTHY,22.35,81.1,0.0,0.46,3.44,2.1,0,Tomato (Vegetative),0.85,50.0,36.1,HEALTHY,0,0.0
2026-06-12 02:00:00,esp32-field-01,PASSING_SHOWERS,35.32,2232,35.95,64.05,HEALTHY,23.39,79.1,0.0,1.83,3.11,3.9,0,Tomato (Vegetative),0.85,50.0,36.1,HEALTHY,0,0.0
2026-06-12 03:00:00,esp32-field-01,PASSING_SHOWERS,35.23,2294,34.33,65.67,HEALTHY,22.93,81.7,0.0,0.06,3.81,2.7,0,Tomato (Vegetative),0.85,50.0,36.1,HEALTHY,0,0.0
2026-06-12 04:00:00,esp32-field-01,PASSING_SHOWERS,35.17,2262,35.2,64.8,HEALTHY,21.55,79.7,0.0,1.78,3.41,1.5,0,Tomato (Vegetative),0.85,50.0,36.1,HEALTHY,0,0.0
2026-06-12 05:00:00,esp32-field-01,PASSING_SHOWERS,35.12,2250,34.15,65.85,HEALTHY,23.31,77.1,0.0,3.16,3.48,3.7,0,Tomato (Vegetative),0.85,50.0,36.1,HEALTHY,0,0.0
2026-06-12 06:00:00,esp32-field-01,PASSING_SHOWERS,35.09,2295,34.22,65.78,HEALTHY,24.37,75.9,0.0,0.42,3.64,0.0,0,Tomato (Vegetative),0.85,50.0,36.1,HEALTHY,0,0.0
2026-06-12 07:00:00,esp32-field-01,PASSING_SHOWERS,35.05,2261,34.13,65.87,HEALTHY,24.88,75.0,0.0,1.66,3.93,0.0,0,Tomato (Vegetative),0.85,50.0,36.0,HEALTHY,0,0.0
2026-06-12 08:00:00,esp32-field-01,PASSING_SHOWERS,35.0,2279,34.3,65.7,HEALTHY,27.14,66.4,0.0,3.79,4.05,2.7,0,Tomato (Vegetative),0.85,50.0,36.0,HEALTHY,0,0.0
2026-06-12 09:00:00,esp32-field-01,PASSING_SHOWERS,34.92,2233,35.69,64.31,HEALTHY,28.4,67.1,0.0,0.49,4.46,3.3,0,Tomato (Vegetative),0.85,50.0,36.0,HEALTHY,0,0.0
2026-06-12 10:00:00,esp32-field-01,PASSING_SHOWERS,34.82,2257,35.31,64.69,HEALTHY,28.68,63.7,0.0,0.08,4.6,6.5,0,Tomato (Vegetative),0.85,50.0,36.0,HEALTHY,0,0.0
2026-06-12 11:00:00,esp32-field-01,PASSING_SHOWERS,34.71,2275,34.77,65.23,HEALTHY,30.75,60.5,0.0,0.63,4.41,1.3,0,Tomato (Vegetative),0.85,50.0,36.0,HEALTHY,0,0.0
2026-06-12 12:00:00,esp32-field-01,PASSING_SHOWERS,34.6,2270,34.21,65.79,HEALTHY,32.18,59.6,0.0,0.99,4.48,5.9,0,Tomato (Vegetative),0.85,50.0,36.0,HEALTHY,0,0.0
2026-06-12 13:00:00,esp32-field-01,PASSING_SHOWERS,34.47,2240,35.23,64.77,HEALTHY,32.61,54.3,0.0,1.41,5.18,5.0,0,Tomato (Vegetative),0.85,50.0,36.0,HEALTHY,0,0.0
2026-06-12 14:00:00,esp32-field-01,PASSING_SHOWERS,34.38,2276,33.07,66.93,HEALTHY,32.29,56.0,0.0,0.03,4.34,0.5,0,Tomato (Vegetative),0.85,50.0,36.0,HEALTHY,0,0.0
2026-06-12 15:00:00,esp32-field-01,PASSING_SHOWERS,34.3,2270,33.87,66.13,HEALTHY,31.96,58.9,0.0,0.99,4.49,3.2,0,Tomato (Vegetative),0.85,50.0,36.0,HEALTHY,0,0.0
2026-06-12 16:00:00,esp32-field-01,PASSING_SHOWERS,34.24,2264,34.59,65.41,HEALTHY,30.14,58.5,0.0,1.89,4.74,15.0,0,Tomato (Vegetative),0.85,50.0,36.0,HEALTHY,0,0.0
2026-06-12 17:00:00,esp32-field-01,PASSING_SHOWERS,34.21,2253,35.19,64.81,HEALTHY,31.58,61.0,0.0,0.37,4.58,2.3,0,Tomato (Vegetative),0.85,50.0,35.9,HEALTHY,0,0.0
2026-06-12 18:00:00,esp32-field-01,PASSING_SHOWERS,34.21,2264,33.51,66.49,HEALTHY,28.79,61.1,0.0,1.29,4.13,6.2,0,Tomato (Vegetative),0.85,50.0,35.9,HEALTHY,0,0.0
2026-06-12 19:00:00,esp32-field-01,PASSING_SHOWERS,34.2,2265,34.31,65.69,HEALTHY,27.67,64.6,0.0,0.3,3.48,2.2,0,Tomato (Vegetative),0.85,50.0,35.9,HEALTHY,0,0.0
2026-06-12 20:00:00,esp32-field-01,PASSING_SHOWERS,34.2,2231,35.92,64.08,HEALTHY,27.96,71.1,0.0,0.55,4.02,2.1,0,Tomato (Vegetative),0.85,50.0,35.9,HEALTHY,0,0.0
2026-06-12 21:00:00,esp32-field-01,PASSING_SHOWERS,34.19,2273,34.54,65.46,HEALTHY,24.51,74.3,0.0,0.55,3.38,3.6,0,Tomato (Vegetative),0.85,50.0,35.9,HEALTHY,0,0.0
2026-06-12 22:00:00,esp32-field-01,PASSING_SHOWERS,34.18,2275,34.64,65.36,HEALTHY,25.75,77.0,0.0,2.01,3.97,4.9,0,Tomato (Vegetative),0.85,50.0,35.9,HEALTHY,0,0.0
2026-06-12 23:00:00,esp32-field-01,PASSING_SHOWERS,34.18,2292,33.99,66.01,HEALTHY,24.38,75.6,0.0,1.04,3.66,3.0,0,Tomato (Vegetative),0.85,50.0,35.9,HEALTHY,0,0.0
2026-06-13 00:00:00,esp32-field-01,PASSING_SHOWERS,34.17,2272,33.28,66.72,HEALTHY,22.77,80.3,0.0,0.27,3.34,6.5,0,Tomato (Vegetative),0.85,50.0,35.9,HEALTHY,0,0.0
2026-06-13 01:00:00,esp32-field-01,PASSING_SHOWERS,34.17,2263,33.53,66.47,HEALTHY,21.81,80.9,0.0,0.22,3.38,1.5,0,Tomato (Vegetative),0.85,50.0,35.9,HEALTHY,0,0.0
2026-06-13 02:00:00,esp32-field-01,PASSING_SHOWERS,34.16,2270,33.51,66.49,HEALTHY,22.28,82.4,0.0,0.3,3.41,4.4,0,Tomato (Vegetative),0.85,50.0,35.9,HEALTHY,0,0.0
2026-06-13 03:00:00,esp32-field-01,PASSING_SHOWERS,34.15,2240,34.99,65.01,HEALTHY,21.72,83.1,0.0,1.38,3.37,2.0,0,Tomato (Vegetative),0.85,50.0,35.9,HEALTHY,0,0.0
2026-06-13 04:00:00,esp32-field-01,PASSING_SHOWERS,34.15,2270,34.45,65.55,HEALTHY,22.71,82.0,0.0,0.79,3.26,1.6,0,Tomato (Vegetative),0.85,50.0,35.8,HEALTHY,0,0.0
2026-06-13 05:00:00,esp32-field-01,PASSING_SHOWERS,34.14,2277,33.72,66.28,HEALTHY,23.53,77.0,0.0,5.48,3.07,0.4,0,Tomato (Vegetative),0.85,50.0,35.8,HEALTHY,0,0.0
2026-06-13 06:00:00,esp32-field-01,PASSING_SHOWERS,35.96,2226,36.41,63.59,HEALTHY,23.12,74.3,10.1,17.61,3.76,91.0,1,Tomato (Vegetative),0.85,50.0,56.0,HEALTHY,0,0.0
2026-06-13 07:00:00,esp32-field-01,PASSING_SHOWERS,36.07,2245,35.67,64.33,HEALTHY,25.29,73.3,2.3,3.5,3.89,65.0,1,Tomato (Vegetative),0.85,50.0,40.4,HEALTHY,0,0.0
2026-06-13 08:00:00,esp32-field-01,PASSING_SHOWERS,35.77,2230,35.13,64.87,HEALTHY,26.3,73.8,0.0,2.74,3.74,0.4,0,Tomato (Vegetative),0.85,50.0,35.8,HEALTHY,0,0.0
2026-06-13 09:00:00,esp32-field-01,PASSING_SHOWERS,35.51,2267,34.26,65.74,HEALTHY,27.41,69.7,0.0,4.0,4.69,4.5,0,Tomato (Vegetative),0.85,50.0,35.8,HEALTHY,0,0.0
2026-06-13 10:00:00,esp32-field-01,PASSING_SHOWERS,35.31,2255,35.9,64.1,HEALTHY,29.93,59.7,0.0,3.05,4.55,2.9,0,Tomato (Vegetative),0.85,50.0,35.8,HEALTHY,0,0.0
2026-06-13 11:00:00,esp32-field-01,PASSING_SHOWERS,35.15,2311,32.45,67.55,HEALTHY,31.18,59.9,0.0,3.28,4.73,3.1,0,Tomato (Vegetative),0.85,50.0,35.8,HEALTHY,0,0.0
2026-06-13 12:00:00,esp32-field-01,PASSING_SHOWERS,35.02,2273,33.8,66.2,HEALTHY,30.26,58.9,0.0,0.14,4.85,1.6,0,Tomato (Vegetative),0.85,50.0,35.8,HEALTHY,0,0.0
2026-06-13 13:00:00,esp32-field-01,PASSING_SHOWERS,34.91,2262,35.28,64.72,HEALTHY,30.69,57.1,0.0,1.31,4.68,4.2,0,Tomato (Vegetative),0.85,50.0,35.8,HEALTHY,0,0.0
2026-06-13 14:00:00,esp32-field-01,PASSING_SHOWERS,34.8,2276,33.73,66.27,HEALTHY,31.73,58.0,0.0,2.88,4.77,3.2,0,Tomato (Vegetative),0.85,50.0,35.7,HEALTHY,0,0.0
2026-06-13 15:00:00,esp32-field-01,PASSING_SHOWERS,34.72,2255,35.43,64.57,HEALTHY,31.67,59.5,0.0,1.26,4.51,3.5,0,Tomato (Vegetative),0.85,50.0,35.7,HEALTHY,0,0.0
2026-06-13 16:00:00,esp32-field-01,PASSING_SHOWERS,34.66,2256,33.85,66.15,HEALTHY,31.72,59.4,0.0,0.01,4.68,1.1,0,Tomato (Vegetative),0.85,50.0,35.7,HEALTHY,0,0.0
2026-06-13 17:00:00,esp32-field-01,PASSING_SHOWERS,34.64,2251,34.81,65.19,HEALTHY,30.05,64.4,0.0,2.92,4.31,1.7,0,Tomato (Vegetative),0.85,50.0,35.7,HEALTHY,0,0.0
2026-06-13 18:00:00,esp32-field-01,PASSING_SHOWERS,35.36,2252,35.3,64.7,HEALTHY,29.56,63.6,4.0,6.05,4.01,65.0,1,Tomato (Vegetative),0.85,50.0,43.7,HEALTHY,0,0.0
2026-06-13 19:00:00,esp32-field-01,PASSING_SHOWERS,35.27,2254,36.16,63.84,HEALTHY,28.49,71.2,0.0,0.5,4.38,8.1,0,Tomato (Vegetative),0.85,50.0,35.7,HEALTHY,0,0.0
2026-06-13 20:00:00,esp32-field-01,PASSING_SHOWERS,35.61,2223,35.46,64.54,HEALTHY,26.74,71.7,2.6,6.63,4.11,82.6,1,Tomato (Vegetative),0.85,50.0,40.9,HEALTHY,0,0.0
2026-06-13 21:00:00,esp32-field-01,PASSING_SHOWERS,35.45,2254,34.41,65.59,HEALTHY,26.33,73.9,0.0,3.78,3.91,1.1,0,Tomato (Vegetative),0.85,50.0,35.7,HEALTHY,0,0.0
2026-06-13 22:00:00,esp32-field-01,PASSING_SHOWERS,35.33,2236,35.83,64.17,HEALTHY,25.13,75.0,0.0,0.33,3.9,0.5,0,Tomato (Vegetative),0.85,50.0,35.7,HEALTHY,0,0.0
2026-06-13 23:00:00,esp32-field-01,PASSING_SHOWERS,35.25,2238,36.52,63.48,HEALTHY,23.62,77.3,0.0,0.1,3.45,1.7,0,Tomato (Vegetative),0.85,50.0,35.6,HEALTHY,0,0.0
2026-06-14 00:00:00,esp32-field-01,PASSING_SHOWERS,35.18,2257,35.11,64.89,HEALTHY,23.07,83.2,0.0,1.77,2.9,2.6,0,Tomato (Vegetative),0.85,50.0,35.6,HEALTHY,0,0.0
2026-06-14 01:00:00,esp32-field-01,PASSING_SHOWERS,35.13,2284,34.0,66.0,HEALTHY,22.71,86.2,0.0,0.34,3.75,2.6,0,Tomato (Vegetative),0.85,50.0,35.6,HEALTHY,0,0.0
2026-06-14 02:00:00,esp32-field-01,PASSING_SHOWERS,35.09,2271,34.63,65.37,HEALTHY,22.01,84.6,0.0,0.18,3.52,1.8,0,Tomato (Vegetative),0.85,50.0,35.6,HEALTHY,0,0.0
2026-06-14 03:00:00,esp32-field-01,PASSING_SHOWERS,35.07,2231,35.79,64.21,HEALTHY,22.45,86.0,0.0,0.3,2.91,0.4,0,Tomato (Vegetative),0.85,50.0,35.6,HEALTHY,0,0.0
2026-06-14 04:00:00,esp32-field-01,PASSING_SHOWERS,35.05,2259,35.43,64.57,HEALTHY,23.08,77.9,0.0,0.37,2.97,5.1,0,Tomato (Vegetative),0.85,50.0,35.6,HEALTHY,0,0.0
2026-06-14 05:00:00,esp32-field-01,PASSING_SHOWERS,35.03,2271,34.26,65.74,HEALTHY,23.69,78.2,0.0,0.57,3.59,3.2,0,Tomato (Vegetative),0.85,50.0,35.6,HEALTHY,0,0.0
2026-06-14 06:00:00,esp32-field-01,PASSING_SHOWERS,35.02,2262,34.67,65.33,HEALTHY,24.82,79.5,0.0,0.4,4.18,6.8,0,Tomato (Vegetative),0.85,50.0,35.6,HEALTHY,0,0.0
2026-06-14 07:00:00,esp32-field-01,PASSING_SHOWERS,34.99,2261,34.11,65.89,HEALTHY,26.59,73.0,0.0,1.2,3.64,0.2,0,Tomato (Vegetative),0.85,50.0,35.6,HEALTHY,0,0.0
2026-06-14 08:00:00,esp32-field-01,PASSING_SHOWERS,34.94,2295,33.21,66.79,HEALTHY,27.0,67.6,0.0,1.76,3.92,2.8,0,Tomato (Vegetative),0.85,50.0,35.6,HEALTHY,0,0.0
2026-06-14 09:00:00,esp32-field-01,PASSING_SHOWERS,34.86,2267,34.4,65.6,HEALTHY,27.96,63.0,0.0,0.32,4.53,10.1,0,Tomato (Vegetative),0.85,50.0,35.5,HEALTHY,0,0.0
2026-06-14 10:00:00,esp32-field-01,PASSING_SHOWERS,36.68,2244,36.66,63.34,HEALTHY,28.68,61.8,11.6,19.4,4.35,97.3,1,Tomato (Vegetative),0.85,50.0,58.7,HEALTHY,0,0.0
2026-06-14 11:00:00,esp32-field-01,PASSING_SHOWERS,36.18,2226,36.68,63.32,HEALTHY,30.19,59.3,0.0,0.29,4.28,0.4,0,Tomato (Vegetative),0.85,50.0,35.5,HEALTHY,0,0.0
2026-06-14 12:00:00,esp32-field-01,PASSING_SHOWERS,35.8,2252,34.93,65.07,HEALTHY,30.3,57.9,0.0,1.2,4.63,1.5,0,Tomato (Vegetative),0.85,50.0,35.5,HEALTHY,0,0.0
2026-06-14 13:00:00,esp32-field-01,PASSING_SHOWERS,35.71,2234,36.44,63.56,HEALTHY,31.92,60.2,1.3,4.48,5.01,66.8,1,Tomato (Vegetative),0.85,50.0,38.1,HEALTHY,0,0.0
2026-06-14 14:00:00,esp32-field-01,PASSING_SHOWERS,35.45,2223,36.58,63.42,HEALTHY,31.86,57.1,0.0,0.77,4.97,5.8,0,Tomato (Vegetative),0.85,50.0,35.5,HEALTHY,0,0.0
2026-06-14 15:00:00,esp32-field-01,PASSING_SHOWERS,35.27,2248,35.65,64.35,HEALTHY,32.43,59.7,0.0,0.02,4.99,2.4,0,Tomato (Vegetative),0.85,50.0,35.5,HEALTHY,0,0.0
2026-06-14 16:00:00,esp32-field-01,PASSING_SHOWERS,35.17,2226,35.85,64.15,HEALTHY,30.66,57.6,0.0,1.41,4.36,3.8,0,Tomato (Vegetative),0.85,50.0,35.5,HEALTHY,0,0.0
2026-06-14 17:00:00,esp32-field-01,PASSING_SHOWERS,36.02,2239,35.77,64.23,HEALTHY,30.73,65.3,5.8,10.3,4.84,79.0,1,Tomato (Vegetative),0.85,50.0,47.1,HEALTHY,0,0.0
2026-06-14 18:00:00,esp32-field-01,PASSING_SHOWERS,35.77,2213,36.31,63.69,HEALTHY,29.04,62.9,0.0,7.44,4.04,0.2,0,Tomato (Vegetative),0.85,50.0,35.5,HEALTHY,0,0.0
2026-06-14 19:00:00,esp32-field-01,PASSING_SHOWERS,37.48,2215,37.36,62.64,HEALTHY,27.47,64.9,12.0,19.16,3.6,94.5,1,Tomato (Vegetative),0.85,50.0,59.4,HEALTHY,0,0.0
2026-06-14 20:00:00,esp32-field-01,PASSING_SHOWERS,36.86,2228,37.05,62.95,HEALTHY,27.07,66.2,0.0,1.94,3.92,2.8,0,Tomato (Vegetative),0.85,50.0,35.4,HEALTHY,0,0.0
2026-06-14 21:00:00,esp32-field-01,PASSING_SHOWERS,36.39,2237,36.14,63.86,HEALTHY,25.51,77.1,0.0,0.08,3.66,1.9,0,Tomato (Vegetative),0.85,50.0,35.4,HEALTHY,0,0.0
2026-06-14 22:00:00,esp32-field-01,PASSING_SHOWERS,36.04,2249,35.72,64.28,HEALTHY,25.2,78.7,0.0,0.18,3.88,0.7,0,Tomato (Vegetative),0.85,50.0,35.4,HEALTHY,0,0.0
2026-06-14 23:00:00,esp32-field-01,PASSING_SHOWERS,35.77,2229,36.07,63.93,HEALTHY,22.77,79.9,0.0,1.56,3.66,4.7,0,Tomato (Vegetative),0.85,50.0,35.4,HEALTHY,0,0.0
2026-06-15 00:00:00,esp32-field-01,PASSING_SHOWERS,35.57,2215,35.97,64.03,HEALTHY,23.77,80.0,0.0,1.73,3.45,2.4,0,Tomato (Vegetative),0.85,50.0,35.4,HEALTHY,0,0.0
2026-06-15 01:00:00,esp32-field-01,PASSING_SHOWERS,35.43,2238,35.32,64.68,HEALTHY,21.91,82.5,0.0,0.08,3.64,9.1,0,Tomato (Vegetative),0.85,50.0,35.4,HEALTHY,0,0.0
2026-06-15 02:00:00,esp32-field-01,PASSING_SHOWERS,35.32,2258,34.5,65.5,HEALTHY,21.5,79.7,0.0,8.33,3.2,2.2,0,Tomato (Vegetative),0.85,50.0,35.4,HEALTHY,0,0.0
2026-06-15 03:00:00,esp32-field-01,PASSING_SHOWERS,35.23,2253,34.96,65.04,HEALTHY,22.61,77.6,0.0,2.58,3.83,0.7,0,Tomato (Vegetative),0.85,50.0,35.4,HEALTHY,0,0.0
2026-06-15 04:00:00,esp32-field-01,PASSING_SHOWERS,35.17,2235,35.59,64.41,HEALTHY,23.02,82.2,0.0,1.29,3.63,1.8,0,Tomato (Vegetative),0.85,50.0,35.4,HEALTHY,0,0.0
2026-06-15 05:00:00,esp32-field-01,PASSING_SHOWERS,35.12,2242,36.07,63.93,HEALTHY,23.58,81.3,0.0,1.63,3.97,4.3,0,Tomato (Vegetative),0.85,50.0,35.4,HEALTHY,0,0.0
2026-06-15 06:00:00,esp32-field-01,PASSING_SHOWERS,35.09,2252,35.58,64.42,HEALTHY,24.92,77.1,0.0,3.24,3.67,0.5,0,Tomato (Vegetative),0.85,50.0,35.3,HEALTHY,0,0.0
2026-06-15 07:00:00,esp32-field-01,PASSING_SHOWERS,35.04,2264,35.0,65.0,HEALTHY,25.88,75.6,0.0,1.1,4.05,0.4,0,Tomato (Vegetative),0.85,50.0,35.3,HEALTHY,0,0.0
2026-06-15 08:00:00,esp32-field-01,PASSING_SHOWERS,34.99,2268,35.21,64.79,HEALTHY,27.19,71.5,0.0,1.31,4.17,0.1,0,Tomato (Vegetative),0.85,50.0,35.3,HEALTHY,0,0.0
2026-06-15 09:00:00,esp32-field-01,PASSING_SHOWERS,34.91,2249,35.54,64.46,HEALTHY,29.35,69.8,0.0,1.43,4.58,2.7,0,Tomato (Vegetative),0.85,50.0,35.3,HEALTHY,0,0.0
2026-06-15 10:00:00,esp32-field-01,PASSING_SHOWERS,34.81,2232,35.92,64.08,HEALTHY,29.0,66.9,0.0,0.7,4.8,1.2,0,Tomato (Vegetative),0.85,50.0,35.3,HEALTHY,0,0.0
2026-06-15 11:00:00,esp32-field-01,PASSING_SHOWERS,34.69,2236,35.37,64.63,HEALTHY,29.84,61.1,0.0,0.28,4.72,3.1,0,Tomato (Vegetative),0.85,50.0,35.3,HEALTHY,0,0.0
2026-06-15 12:00:00,esp32-field-01,PASSING_SHOWERS,34.57,2260,34.22,65.78,HEALTHY,31.04,54.7,0.0,0.57,5.09,2.1,0,Tomato (Vegetative),0.85,50.0,35.3,HEALTHY,0,0.0
2026-06-15 13:00:00,esp32-field-01,PASSING_SHOWERS,34.44,2246,35.52,64.48,HEALTHY,32.44,59.3,0.0,1.39,5.02,3.7,0,Tomato (Vegetative),0.85,50.0,35.3,HEALTHY,0,0.0
2026-06-15 14:00:00,esp32-field-01,PASSING_SHOWERS,34.34,2278,34.26,65.74,HEALTHY,31.42,57.8,0.0,1.0,4.82,0.3,0,Tomato (Vegetative),0.85,50.0,35.3,HEALTHY,0,0.0
2026-06-15 15:00:00,esp32-field-01,PASSING_SHOWERS,34.26,2290,33.15,66.85,HEALTHY,31.61,54.5,0.0,0.14,4.54,1.2,0,Tomato (Vegetative),0.85,50.0,35.2,HEALTHY,0,0.0
2026-06-15 16:00:00,esp32-field-01,PASSING_SHOWERS,34.2,2258,34.38,65.62,HEALTHY,31.82,55.3,0.0,0.01,5.11,8.0,0,Tomato (Vegetative),0.85,50.0,35.2,HEALTHY,0,0.0
2026-06-15 17:00:00,esp32-field-01,PASSING_SHOWERS,34.17,2300,32.72,67.28,HEALTHY,30.72,62.8,0.0,3.22,4.26,0.5,0,Tomato (Vegetative),0.85,50.0,35.2,HEALTHY,0,0.0
2026-06-15 18:00:00,esp32-field-01,PASSING_SHOWERS,34.76,2280,33.22,66.78,HEALTHY,29.0,68.6,2.8,5.25,4.04,75.5,1,Tomato (Vegetative),0.85,50.0,40.8,HEALTHY,0,0.0
2026-06-15 19:00:00,esp32-field-01,PASSING_SHOWERS,34.76,2277,34.26,65.74,HEALTHY,28.5,69.1,0.0,3.29,4.16,2.5,0,Tomato (Vegetative),0.85,50.0,35.2,HEALTHY,0,0.0
2026-06-15 20:00:00,esp32-field-01,PASSING_SHOWERS,34.75,2221,36.19,63.81,HEALTHY,26.29,68.2,0.0,2.35,4.21,0.6,0,Tomato (Vegetative),0.85,50.0,35.2,HEALTHY,0,0.0
2026-06-15 21:00:00,esp32-field-01,PASSING_SHOWERS,34.74,2256,35.03,64.97,HEALTHY,23.9,71.4,0.0,0.2,3.16,6.4,0,Tomato (Vegetative),0.85,50.0,35.2,HEALTHY,0,0.0
2026-06-15 22:00:00,esp32-field-01,PASSING_SHOWERS,34.74,2291,33.62,66.38,HEALTHY,25.19,73.3,0.0,0.15,3.57,2.7,0,Tomato (Vegetative),0.85,50.0,35.2,HEALTHY,0,0.0
2026-06-15 23:00:00,esp32-field-01,PASSING_SHOWERS,34.73,2259,34.69,65.31,HEALTHY,22.43,81.8,0.0,3.69,3.51,13.0,0,Tomato (Vegetative),0.85,50.0,35.2,HEALTHY,0,0.0
2026-06-16 00:00:00,esp32-field-01,PASSING_SHOWERS,34.72,2236,34.64,65.36,HEALTHY,22.27,78.4,0.0,0.07,3.15,0.3,0,Tomato (Vegetative),0.85,50.0,35.2,HEALTHY,0,0.0
2026-06-16 01:00:00,esp32-field-01,PASSING_SHOWERS,34.72,2243,34.54,65.46,HEALTHY,22.01,82.6,0.0,0.1,3.07,5.3,0,Tomato (Vegetative),0.85,50.0,35.1,HEALTHY,0,0.0
2026-06-16 02:00:00,esp32-field-01,PASSING_SHOWERS,34.71,2264,35.45,64.55,HEALTHY,21.93,84.0,0.0,0.06,3.45,3.5,0,Tomato (Vegetative),0.85,50.0,35.1,HEALTHY,0,0.0
2026-06-16 03:00:00,esp32-field-01,PASSING_SHOWERS,35.02,2278,34.35,65.65,HEALTHY,21.96,78.6,1.5,7.36,3.05,71.9,1,Tomato (Vegetative),0.85,50.0,38.1,HEALTHY,0,0.0
2026-06-16 04:00:00,esp32-field-01,PASSING_SHOWERS,35.01,2269,34.29,65.71,HEALTHY,23.39,80.1,0.0,1.69,3.57,1.3,0,Tomato (Vegetative),0.85,50.0,35.1,HEALTHY,0,0.0
2026-06-16 05:00:00,esp32-field-01,PASSING_SHOWERS,35.0,2267,34.17,65.83,HEALTHY,23.81,72.3,0.0,0.95,3.58,2.4,0,Tomato (Vegetative),0.85,50.0,35.1,HEALTHY,0,0.0
2026-06-16 06:00:00,esp32-field-01,PASSING_SHOWERS,35.0,2241,35.52,64.48,HEALTHY,24.3,78.5,0.0,6.37,3.59,8.7,0,Tomato (Vegetative),0.85,50.0,35.1,HEALTHY,0,0.0
2026-06-16 07:00:00,esp32-field-01,PASSING_SHOWERS,34.97,2262,34.17,65.83,HEALTHY,25.08,66.9,0.0,0.32,3.49,6.6,0,Tomato (Vegetative),0.85,50.0,35.1,HEALTHY,0,0.0
2026-06-16 08:00:00,esp32-field-01,PASSING_SHOWERS,34.92,2264,34.96,65.04,HEALTHY,26.78,70.3,0.0,0.34,4.19,4.1,0,Tomato (Vegetative),0.85,50.0,35.1,HEALTHY,0,0.0
2026-06-16 09:00:00,esp32-field-01,PASSING_SHOWERS,34.84,2251,34.04,65.96,HEALTHY,29.39,62.8,0.0,1.54,4.69,4.4,0,Tomato (Vegetative),0.85,50.0,35.1,HEALTHY,0,0.0
2026-06-16 10:00:00,esp32-field-01,PASSING_SHOWERS,34.74,2231,36.15,63.85,HEALTHY,29.56,64.6,0.0,2.59,4.34,0.5,0,Tomato (Vegetative),0.85,50.0,35.1,HEALTHY,0,0.0
2026-06-16 11:00:00,esp32-field-01,PASSING_SHOWERS,34.63,2275,33.89,66.11,HEALTHY,30.28,59.4,0.0,0.56,4.71,10.7,0,Tomato (Vegetative),0.85,50.0,35.0,HEALTHY,0,0.0
2026-06-16 12:00:00,esp32-field-01,PASSING_SHOWERS,34.51,2259,35.42,64.58,HEALTHY,31.76,62.3,0.0,1.94,4.96,4.2,0,Tomato (Vegetative),0.85,50.0,35.0,HEALTHY,0,0.0
2026-06-16 13:00:00,esp32-field-01,PASSING_SHOWERS,34.4,2265,34.96,65.04,HEALTHY,31.55,58.6,0.0,0.64,4.54,1.6,0,Tomato (Vegetative),0.85,50.0,35.0,HEALTHY,0,0.0
2026-06-16 14:00:00,esp32-field-01,PASSING_SHOWERS,34.29,2257,34.88,65.12,HEALTHY,31.69,62.7,0.0,1.2,4.77,1.5,0,Tomato (Vegetative),0.85,50.0,35.0,HEALTHY,0,0.0
2026-06-16 15:00:00,esp32-field-01,PASSING_SHOWERS,34.2,2284,33.46,66.54,HEALTHY,31.78,57.7,0.0,1.24,5.18,1.4,0,Tomato (Vegetative),0.85,50.0,35.0,HEALTHY,0,0.0
2026-06-16 16:00:00,esp32-field-01,PASSING_SHOWERS,34.5,2284,32.94,67.06,HEALTHY,31.53,59.5,1.7,6.08,4.81,76.1,1,Tomato (Vegetative),0.85,50.0,38.4,HEALTHY,0,0.0
2026-06-16 17:00:00,esp32-field-01,PASSING_SHOWERS,34.47,2279,34.16,65.84,HEALTHY,30.96,61.1,0.0,0.6,4.46,11.3,0,Tomato (Vegetative),0.85,50.0,35.0,HEALTHY,0,0.0
2026-06-16 18:00:00,esp32-field-01,PASSING_SHOWERS,34.47,2249,35.5,64.5,HEALTHY,30.24,59.8,0.0,2.7,4.26,1.9,0,Tomato (Vegetative),0.85,50.0,35.0,HEALTHY,0,0.0
2026-06-16 19:00:00,esp32-field-01,PASSING_SHOWERS,34.47,2278,33.92,66.08,HEALTHY,27.74,68.5,0.0,1.37,4.13,3.0,0,Tomato (Vegetative),0.85,50.0,35.0,HEALTHY,0,0.0
2026-06-16 20:00:00,esp32-field-01,PASSING_SHOWERS,34.61,2259,34.48,65.52,HEALTHY,27.09,69.0,0.7,1.53,3.7,73.9,1,Tomato (Vegetative),0.85,50.0,36.4,HEALTHY,0,0.0
2026-06-16 21:00:00,esp32-field-01,PASSING_SHOWERS,34.6,2249,34.41,65.59,HEALTHY,26.31,71.0,0.0,0.62,3.63,3.4,0,Tomato (Vegetative),0.85,50.0,34.9,HEALTHY,0,0.0
2026-06-16 22:00:00,esp32-field-01,PASSING_SHOWERS,34.6,2259,34.19,65.81,HEALTHY,24.82,69.7,0.0,1.77,3.77,1.9,0,Tomato (Vegetative),0.85,50.0,34.9,HEALTHY,0,0.0
2026-06-16 23:00:00,esp32-field-01,PASSING_SHOWERS,34.59,2281,34.09,65.91,HEALTHY,23.19,77.4,0.0,0.2,3.29,1.1,0,Tomato (Vegetative),0.85,50.0,34.9,HEALTHY,0,0.0
2026-06-17 00:00:00,esp32-field-01,PASSING_SHOWERS,35.29,2243,36.68,63.32,HEALTHY,21.89,83.9,3.8,8.85,3.24,82.9,1,Tomato (Vegetative),0.85,50.0,42.5,HEALTHY,0,0.0
2026-06-17 01:00:00,esp32-field-01,PASSING_SHOWERS,35.22,2232,36.98,63.02,HEALTHY,21.37,80.8,0.0,0.96,3.28,4.3,0,Tomato (Vegetative),0.85,50.0,34.9,HEALTHY,0,0.0
2026-06-17 02:00:00,esp32-field-01,PASSING_SHOWERS,35.17,2258,34.65,65.35,HEALTHY,23.57,81.1,0.1,3.81,3.23,72.9,1,Tomato (Vegetative),0.85,50.0,35.1,HEALTHY,0,0.0
2026-06-17 03:00:00,esp32-field-01,PASSING_SHOWERS,35.12,2233,35.87,64.13,HEALTHY,23.81,74.7,0.0,1.55,3.98,1.7,0,Tomato (Vegetative),0.85,50.0,34.9,HEALTHY,0,0.0
2026-06-17 04:00:00,esp32-field-01,PASSING_SHOWERS,35.63,2249,36.0,64.0,HEALTHY,21.4,78.0,3.4,10.68,2.98,66.6,1,Tomato (Vegetative),0.85,50.0,41.7,HEALTHY,0,0.0
2026-06-17 05:00:00,esp32-field-01,PASSING_SHOWERS,35.47,2237,35.62,64.38,HEALTHY,23.56,78.7,0.0,2.46,3.74,0.8,0,Tomato (Vegetative),0.85,50.0,34.9,HEALTHY,0,0.0
2026-06-17 06:00:00,esp32-field-01,PASSING_SHOWERS,35.35,2215,36.41,63.59,HEALTHY,24.9,74.0,0.0,1.11,3.45,5.4,0,Tomato (Vegetative),0.85,50.0,34.9,HEALTHY,0,0.0
2026-06-17 07:00:00,esp32-field-01,PASSING_SHOWERS,35.24,2240,35.61,64.39,HEALTHY,26.95,73.2,0.0,1.45,4.01,3.8,0,Tomato (Vegetative),0.85,50.0,34.9,HEALTHY,0,0.0
2026-06-17 08:00:00,esp32-field-01,PASSING_SHOWERS,35.14,2257,34.72,65.28,HEALTHY,26.65,76.1,0.0,0.8,4.18,4.3,0,Tomato (Vegetative),0.85,50.0,34.8,HEALTHY,0,0.0
2026-06-17 09:00:00,esp32-field-01,PASSING_SHOWERS,35.06,2248,35.02,64.98,HEALTHY,28.63,70.1,0.0,0.85,3.38,1.7,0,Tomato (Vegetative),0.85,50.0,34.8,HEALTHY,0,0.0
2026-06-17 10:00:00,esp32-field-01,PASSING_SHOWERS,34.97,2261,35.74,64.26,HEALTHY,29.64,69.0,0.0,0.34,4.3,2.5,0,Tomato (Vegetative),0.85,50.0,34.8,HEALTHY,0,0.0
2026-06-17 11:00:00,esp32-field-01,PASSING_SHOWERS,34.86,2249,35.52,64.48,HEALTHY,29.9,61.7,0.0,2.17,4.63,2.0,0,Tomato (Vegetative),0.85,50.0,34.8,HEALTHY,0,0.0
2026-06-17 12:00:00,esp32-field-01,PASSING_SHOWERS,34.73,2259,35.06,64.94,HEALTHY,30.47,60.9,0.0,1.56,4.85,1.6,0,Tomato (Vegetative),0.85,50.0,34.8,HEALTHY,0,0.0
2026-06-17 13:00:00,esp32-field-01,PASSING_SHOWERS,34.62,2261,34.69,65.31,HEALTHY,31.34,53.4,0.0,0.09,4.67,2.1,0,Tomato (Vegetative),0.85,50.0,34.8,HEALTHY,0,0.0
2026-06-17 14:00:00,esp32-field-01,PASSING_SHOWERS,34.52,2231,35.74,64.26,HEALTHY,32.38,57.3,0.0,0.33,4.85,1.0,0,Tomato (Vegetative),0.85,50.0,34.8,HEALTHY,0,0.0
2026-06-17 15:00:00,esp32-field-01,PASSING_SHOWERS,34.44,2293,32.84,67.16,HEALTHY,31.11,58.9,0.0,0.54,4.49,1.5,0,Tomato (Vegetative),0.85,50.0,34.8,HEALTHY,0,0.0
2026-06-17 16:00:00,esp32-field-01,PASSING_SHOWERS,34.38,2273,35.17,64.83,HEALTHY,31.84,62.6,0.0,7.98,4.93,0.7,0,Tomato (Vegetative),0.85,50.0,34.8,HEALTHY,0,0.0
2026-06-17 17:00:00,esp32-field-01,PASSING_SHOWERS,34.35,2302,33.63,66.37,HEALTHY,30.4,60.2,0.0,1.87,4.15,0.6,0,Tomato (Vegetative),0.85,50.0,34.8,HEALTHY,0,0.0
2026-06-17 18:00:00,esp32-field-01,PASSING_SHOWERS,34.35,2285,33.94,66.06,HEALTHY,28.83,66.9,0.0,1.91,4.22,4.6,0,Tomato (Vegetative),0.85,50.0,34.7,HEALTHY,0,0.0
2026-06-17 19:00:00,esp32-field-01,PASSING_SHOWERS,34.81,2224,35.64,64.36,HEALTHY,28.29,71.2,2.2,4.28,4.09,65.0,1,Tomato (Vegetative),0.85,50.0,39.1,HEALTHY,0,0.0
2026-06-17 20:00:00,esp32-field-01,PASSING_SHOWERS,34.8,2238,35.62,64.38,HEALTHY,27.92,70.2,0.0,2.7,3.85,6.6,0,Tomato (Vegetative),0.85,50.0,34.7,HEALTHY,0,0.0
2026-06-17 21:00:00,esp32-field-01,PASSING_SHOWERS,34.8,2268,34.99,65.01,HEALTHY,25.96,70.5,0.0,0.57,3.7,0.0,0,Tomato (Vegetative),0.85,50.0,34.7,HEALTHY,0,0.0
2026-06-17 22:00:00,esp32-field-01,PASSING_SHOWERS,34.79,2270,34.07,65.93,HEALTHY,23.48,75.3,0.0,2.09,3.77,1.9,0,Tomato (Vegetative),0.85,50.0,34.7,HEALTHY,0,0.0
2026-06-17 23:00:00,esp32-field-01,PASSING_SHOWERS,34.78,2232,35.74,64.26,HEALTHY,23.49,75.4,0.0,5.81,3.07,1.5,0,Tomato (Vegetative),0.85,50.0,34.7,HEALTHY,0,0.0
2026-06-18 00:00:00,esp32-field-01,PASSING_SHOWERS,34.78,2287,33.82,66.18,HEALTHY,23.46,77.2,0.0,2.13,3.26,0.7,0,Tomato (Vegetative),0.85,50.0,34.7,HEALTHY,0,0.0
2026-06-18 01:00:00,esp32-field-01,PASSING_SHOWERS,34.77,2246,34.98,65.02,HEALTHY,21.08,79.4,0.0,0.21,2.8,3.2,0,Tomato (Vegetative),0.85,50.0,34.7,HEALTHY,0,0.0
2026-06-18 02:00:00,esp32-field-01,PASSING_SHOWERS,34.77,2277,33.81,66.19,HEALTHY,22.81,81.3,0.0,1.28,3.48,4.1,0,Tomato (Vegetative),0.85,50.0,34.7,HEALTHY,0,0.0
2026-06-18 03:00:00,esp32-field-01,PASSING_SHOWERS,34.76,2238,35.47,64.53,HEALTHY,21.92,82.2,0.0,3.14,3.16,0.9,0,Tomato (Vegetative),0.85,50.0,34.6,HEALTHY,0,0.0
2026-06-18 04:00:00,esp32-field-01,PASSING_SHOWERS,34.76,2257,34.32,65.68,HEALTHY,24.11,79.2,0.0,0.57,3.01,1.6,0,Tomato (Vegetative),0.85,50.0,34.6,HEALTHY,0,0.0
2026-06-18 05:00:00,esp32-field-01,PASSING_SHOWERS,34.75,2303,33.4,66.6,HEALTHY,23.79,79.1,0.0,1.13,3.27,2.6,0,Tomato (Vegetative),0.85,50.0,34.6,HEALTHY,0,0.0
2026-06-18 06:00:00,esp32-field-01,PASSING_SHOWERS,34.74,2254,34.58,65.42,HEALTHY,25.64,77.0,0.0,0.05,3.83,1.6,0,Tomato (Vegetative),0.85,50.0,34.6,HEALTHY,0,0.0
2026-06-18 07:00:00,esp32-field-01,PASSING_SHOWERS,34.72,2261,34.75,65.25,HEALTHY,24.88,74.4,0.0,0.73,3.45,4.5,0,Tomato (Vegetative),0.85,50.0,34.6,HEALTHY,0,0.0
2026-06-18 08:00:00,esp32-field-01,PASSING_SHOWERS,34.67,2281,32.96,67.04,HEALTHY,27.93,70.7,0.0,0.17,4.39,2.1,0,Tomato (Vegetative),0.85,50.0,34.6,HEALTHY,0,0.0
2026-06-18 09:00:00,esp32-field-01,PASSING_SHOWERS,34.59,2290,33.26,66.74,HEALTHY,27.13,64.2,0.0,1.59,4.14,0.0,0,Tomato (Vegetative),0.85,50.0,34.6,HEALTHY,0,0.0
2026-06-18 10:00:00,esp32-field-01,PASSING_SHOWERS,34.5,2257,34.66,65.34,HEALTHY,30.4,61.6,0.0,0.14,4.35,0.6,0,Tomato (Vegetative),0.85,50.0,34.6,HEALTHY,0,0.0
2026-06-18 11:00:00,esp32-field-01,PASSING_SHOWERS,34.39,2221,35.7,64.3,HEALTHY,30.05,60.2,0.0,2.08,4.46,4.2,0,Tomato (Vegetative),0.85,50.0,34.6,HEALTHY,0,0.0
2026-06-18 12:00:00,esp32-field-01,PASSING_SHOWERS,34.28,2286,34.0,66.0,HEALTHY,31.46,56.9,0.0,0.35,4.41,3.2,0,Tomato (Vegetative),0.85,50.0,34.6,HEALTHY,0,0.0
2026-06-18 13:00:00,esp32-field-01,PASSING_SHOWERS,34.18,2304,32.76,67.24,HEALTHY,30.81,61.1,0.0,0.32,4.12,0.2,0,Tomato (Vegetative),0.85,50.0,34.5,HEALTHY,0,0.0
2026-06-18 14:00:00,esp32-field-01,PASSING_SHOWERS,34.08,2294,33.32,66.68,HEALTHY,32.18,56.2,0.0,1.04,4.78,7.5,0,Tomato (Vegetative),0.85,50.0,34.5,HEALTHY,0,0.0
2026-06-18 15:00:00,esp32-field-01,PASSING_SHOWERS,33.98,2265,34.83,65.17,HEALTHY,32.66,58.6,0.0,4.54,5.37,0.1,0,Tomato (Vegetative),0.85,50.0,34.5,HEALTHY,0,0.0
2026-06-18 16:00:00,esp32-field-01,PASSING_SHOWERS,33.92,2314,32.93,67.07,HEALTHY,31.36,58.5,0.0,0.87,4.58,0.9,0,Tomato (Vegetative),0.85,50.0,34.5,HEALTHY,0,0.0
2026-06-18 17:00:00,esp32-field-01,PASSING_SHOWERS,33.9,2259,34.25,65.75,HEALTHY,30.49,62.1,0.0,3.61,4.4,3.3,0,Tomato (Vegetative),0.85,50.0,34.5,HEALTHY,0,0.0
2026-06-18 18:00:00,esp32-field-01,PASSING_SHOWERS,33.9,2284,32.71,67.29,HEALTHY,29.27,60.9,0.0,0.53,4.16,0.5,0,Tomato (Vegetative),0.85,50.0,34.5,HEALTHY,0,0.0
2026-06-18 19:00:00,esp32-field-01,PASSING_SHOWERS,33.89,2264,33.49,66.51,HEALTHY,29.22,65.4,0.0,1.83,4.58,1.2,0,Tomato (Vegetative),0.85,50.0,34.5,HEALTHY,0,0.0
2026-06-18 20:00:00,esp32-field-01,PASSING_SHOWERS,33.88,2257,34.71,65.29,HEALTHY,27.03,72.5,0.0,0.3,4.26,2.1,0,Tomato (Vegetative),0.85,50.0,34.5,HEALTHY,0,0.0
2026-06-18 21:00:00,esp32-field-01,PASSING_SHOWERS,33.87,2279,33.72,66.28,HEALTHY,25.0,72.5,0.0,1.26,4.08,6.4,0,Tomato (Vegetative),0.85,50.0,34.5,HEALTHY,0,0.0
2026-06-18 22:00:00,esp32-field-01,PASSING_SHOWERS,33.87,2261,34.14,65.86,HEALTHY,23.95,77.2,0.0,3.2,3.74,0.7,0,Tomato (Vegetative),0.85,50.0,34.5,HEALTHY,0,0.0
2026-06-18 23:00:00,esp32-field-01,PASSING_SHOWERS,36.06,2261,34.67,65.33,HEALTHY,22.39,73.8,12.0,18.24,3.25,99.2,1,Tomato (Vegetative),0.85,50.0,58.4,HEALTHY,0,0.0
2026-06-19 00:00:00,esp32-field-01,PASSING_SHOWERS,36.62,2214,36.91,63.09,HEALTHY,23.11,80.1,5.2,8.51,3.4,82.5,1,Tomato (Vegetative),0.85,50.0,44.8,HEALTHY,0,0.0
2026-06-19 01:00:00,esp32-field-01,PASSING_SHOWERS,36.21,2269,35.19,64.81,HEALTHY,20.93,81.5,0.0,0.1,2.83,5.7,0,Tomato (Vegetative),0.85,50.0,34.4,HEALTHY,0,0.0
2026-06-19 02:00:00,esp32-field-01,PASSING_SHOWERS,37.62,2210,37.48,62.52,HEALTHY,21.61,83.4,10.8,19.41,3.37,100.0,1,Tomato (Vegetative),0.85,50.0,56.0,HEALTHY,0,0.0
2026-06-19 03:00:00,esp32-field-01,PASSING_SHOWERS,36.96,2241,36.64,63.36,HEALTHY,22.84,84.2,0.0,0.02,3.19,0.2,0,Tomato (Vegetative),0.85,50.0,34.4,HEALTHY,0,0.0
2026-06-19 04:00:00,esp32-field-01,PASSING_SHOWERS,36.47,2225,36.4,63.6,HEALTHY,22.3,78.1,0.0,0.36,3.36,5.8,0,Tomato (Vegetative),0.85,50.0,34.4,HEALTHY,0,0.0
2026-06-19 05:00:00,esp32-field-01,PASSING_SHOWERS,36.75,2263,34.79,65.21,HEALTHY,24.2,74.8,4.1,7.64,4.03,76.3,1,Tomato (Vegetative),0.85,50.0,42.6,HEALTHY,0,0.0
2026-06-19 06:00:00,esp32-field-01,PASSING_SHOWERS,36.31,2232,36.41,63.59,HEALTHY,24.58,73.1,0.0,0.71,3.34,0.9,0,Tomato (Vegetative),0.85,50.0,34.4,HEALTHY,0,0.0
2026-06-19 07:00:00,esp32-field-01,PASSING_SHOWERS,35.96,2225,36.37,63.63,HEALTHY,24.57,77.8,0.0,1.97,3.93,0.1,0,Tomato (Vegetative),0.85,50.0,34.4,HEALTHY,0,0.0
2026-06-19 08:00:00,esp32-field-01,PASSING_SHOWERS,35.68,2231,35.54,64.46,HEALTHY,27.2,70.7,0.0,0.05,4.39,0.6,0,Tomato (Vegetative),0.85,50.0,34.4,HEALTHY,0,0.0
2026-06-19 09:00:00,esp32-field-01,PASSING_SHOWERS,35.46,2216,35.68,64.32,HEALTHY,28.6,68.6,0.0,0.16,3.81,0.4,0,Tomato (Vegetative),0.85,50.0,34.4,HEALTHY,0,0.0
2026-06-19 10:00:00,esp32-field-01,PASSING_SHOWERS,35.27,2249,35.19,64.81,HEALTHY,29.0,64.4,0.0,2.02,4.63,0.3,0,Tomato (Vegetative),0.85,50.0,34.3,HEALTHY,0,0.0
2026-06-19 11:00:00,esp32-field-01,PASSING_SHOWERS,35.11,2223,35.53,64.47,HEALTHY,32.04,62.3,0.0,0.53,4.83,4.3,0,Tomato (Vegetative),0.85,50.0,34.3,HEALTHY,0,0.0
2026-06-19 12:00:00,esp32-field-01,PASSING_SHOWERS,36.04,2264,36.53,63.47,HEALTHY,32.84,63.5,6.6,9.95,5.02,96.2,1,Tomato (Vegetative),0.85,50.0,47.5,HEALTHY,0,0.0
2026-06-19 13:00:00,esp32-field-01,PASSING_SHOWERS,35.69,2243,35.76,64.24,HEALTHY,32.74,55.6,0.0,0.97,5.02,1.1,0,Tomato (Vegetative),0.85,50.0,34.3,HEALTHY,0,0.0
2026-06-19 14:00:00,esp32-field-01,PASSING_SHOWERS,35.45,2238,36.0,64.0,HEALTHY,30.98,61.8,0.0,2.39,4.53,2.2,0,Tomato (Vegetative),0.85,50.0,34.3,HEALTHY,0,0.0
2026-06-19 15:00:00,esp32-field-01,PASSING_SHOWERS,35.27,2302,33.13,66.87,HEALTHY,31.8,58.2,0.0,2.41,5.02,0.2,0,Tomato (Vegetative),0.85,50.0,34.3,HEALTHY,0,0.0
2026-06-19 16:00:00,esp32-field-01,PASSING_SHOWERS,35.99,2233,35.63,64.37,HEALTHY,30.91,60.1,5.2,8.27,4.51,79.3,1,Tomato (Vegetative),0.85,50.0,44.7,HEALTHY,0,0.0
2026-06-19 17:00:00,esp32-field-01,PASSING_SHOWERS,35.72,2255,35.57,64.43,HEALTHY,28.92,61.3,0.0,3.04,3.59,0.1,0,Tomato (Vegetative),0.85,50.0,34.3,HEALTHY,0,0.0
2026-06-19 18:00:00,esp32-field-01,PASSING_SHOWERS,35.54,2263,35.28,64.72,HEALTHY,28.84,65.9,0.0,0.94,3.89,1.8,0,Tomato (Vegetative),0.85,50.0,34.3,HEALTHY,0,0.0
2026-06-19 19:00:00,esp32-field-01,PASSING_SHOWERS,37.31,2236,36.79,63.21,HEALTHY,29.08,64.5,12.0,20.72,3.59,100.0,1,Tomato (Vegetative),0.85,50.0,58.2,HEALTHY,0,0.0
2026-06-19 20:00:00,esp32-field-01,PASSING_SHOWERS,36.73,2207,36.91,63.09,HEALTHY,27.81,70.6,0.0,0.39,4.09,3.9,0,Tomato (Vegetative),0.85,50.0,34.2,HEALTHY,0,0.0
2026-06-19 21:00:00,esp32-field-01,PASSING_SHOWERS,36.29,2220,36.91,63.09,HEALTHY,25.45,70.3,0.0,1.47,4.1,6.0,0,Tomato (Vegetative),0.85,50.0,34.2,HEALTHY,0,0.0
2026-06-19 22:00:00,esp32-field-01,PASSING_SHOWERS,35.96,2222,36.03,63.97,HEALTHY,25.22,75.5,0.0,0.48,3.61,1.9,0,Tomato (Vegetative),0.85,50.0,34.2,HEALTHY,0,0.0
2026-06-19 23:00:00,esp32-field-01,PASSING_SHOWERS,36.21,2219,35.28,64.72,HEALTHY,22.18,80.8,3.1,8.65,3.46,76.0,1,Tomato (Vegetative),0.85,50.0,40.4,HEALTHY,0,0.0
2026-06-20 00:00:00,esp32-field-01,PASSING_SHOWERS,35.91,2229,36.4,63.6,HEALTHY,22.42,80.2,0.0,0.59,3.19,2.4,0,Tomato (Vegetative),0.85,50.0,34.2,HEALTHY,0,0.0
2026-06-20 01:00:00,esp32-field-01,PASSING_SHOWERS,35.67,2232,35.95,64.05,HEALTHY,21.16,80.4,0.0,2.9,3.55,2.2,0,Tomato (Vegetative),0.85,50.0,34.2,HEALTHY,0,0.0
2026-06-20 02:00:00,esp32-field-01,PASSING_SHOWERS,35.5,2211,37.12,62.88,HEALTHY,22.3,79.2,0.0,1.79,3.15,0.7,0,Tomato (Vegetative),0.85,50.0,34.2,HEALTHY,0,0.0
2026-06-20 03:00:00,esp32-field-01,PASSING_SHOWERS,35.37,2245,35.64,64.36,HEALTHY,21.82,83.0,0.0,0.1,2.75,4.9,0,Tomato (Vegetative),0.85,50.0,34.2,HEALTHY,0,0.0
2026-06-20 04:00:00,esp32-field-01,PASSING_SHOWERS,35.27,2237,36.12,63.88,HEALTHY,22.63,77.6,0.0,0.0,3.33,7.7,0,Tomato (Vegetative),0.85,50.0,34.2,HEALTHY,0,0.0
2026-06-20 05:00:00,esp32-field-01,PASSING_SHOWERS,35.2,2295,33.26,66.74,HEALTHY,22.05,76.2,0.0,2.37,3.7,4.6,0,Tomato (Vegetative),0.85,50.0,34.1,HEALTHY,0,0.0
2026-06-20 06:00:00,esp32-field-01,PASSING_SHOWERS,35.15,2252,35.44,64.56,HEALTHY,24.58,77.0,0.0,0.54,4.0,0.4,0,Tomato (Vegetative),0.85,50.0,34.1,HEALTHY,0,0.0
2026-06-20 07:00:00,esp32-field-01,PASSING_SHOWERS,35.09,2240,35.32,64.68,HEALTHY,26.31,69.3,0.0,0.16,3.81,0.1,0,Tomato (Vegetative),0.85,50.0,34.1,HEALTHY,0,0.0
2026-06-20 08:00:00,esp32-field-01,PASSING_SHOWERS,36.1,2204,37.53,62.47,HEALTHY,27.34,68.8,6.7,13.07,3.67,78.8,1,Tomato (Vegetative),0.85,50.0,47.5,HEALTHY,0,0.0
2026-06-20 09:00:00,esp32-field-01,PASSING_SHOWERS,35.77,2262,34.55,65.45,HEALTHY,27.74,67.6,0.0,4.35,4.03,0.0,0,Tomato (Vegetative),0.85,50.0,34.1,HEALTHY,0,0.0
2026-06-20 10:00:00,esp32-field-01,PASSING_SHOWERS,35.51,2228,36.03,63.97,HEALTHY,28.43,67.3,0.0,4.75,4.44,1.6,0,Tomato (Vegetative),0.85,50.0,34.1,HEALTHY,0,0.0
2026-06-20 11:00:00,esp32-field-01,PASSING_SHOWERS,35.31,2243,35.83,64.17,HEALTHY,29.66,58.3,0.0,0.03,4.03,65.0,1,Tomato (Vegetative),0.85,50.0,34.1,HEALTHY,0,0.0
2026-06-20 12:00:00,esp32-field-01,PASSING_SHOWERS,35.14,2252,35.31,64.69,HEALTHY,32.08,58.2,0.0,0.3,4.9,6.8,0,Tomato (Vegetative),0.85,50.0,34.1,HEALTHY,0,0.0
2026-06-20 13:00:00,esp32-field-01,PASSING_SHOWERS,35.03,2252,35.24,64.76,HEALTHY,31.53,57.7,0.0,2.15,4.32,0.5,0,Tomato (Vegetative),0.85,50.0,34.1,HEALTHY,0,0.0
2026-06-20 14:00:00,esp32-field-01,PASSING_SHOWERS,34.93,2229,36.01,63.99,HEALTHY,31.41,57.4,0.0,2.18,4.54,0.9,0,Tomato (Vegetative),0.85,50.0,34.1,HEALTHY,0,0.0
2026-06-20 15:00:00,esp32-field-01,PASSING_SHOWERS,34.84,2260,34.48,65.52,HEALTHY,31.93,60.6,0.0,0.15,4.85,10.8,0,Tomato (Vegetative),0.85,50.0,34.0,HEALTHY,0,0.0
2026-06-20 16:00:00,esp32-field-01,PASSING_SHOWERS,34.78,2261,34.56,65.44,HEALTHY,33.15,59.2,0.0,0.53,5.01,1.3,0,Tomato (Vegetative),0.85,50.0,34.0,HEALTHY,0,0.0
2026-06-20 17:00:00,esp32-field-01,PASSING_SHOWERS,34.75,2262,34.56,65.44,HEALTHY,30.42,58.0,0.0,0.4,4.9,1.9,0,Tomato (Vegetative),0.85,50.0,34.0,HEALTHY,0,0.0
2026-06-20 18:00:00,esp32-field-01,PASSING_SHOWERS,34.75,2269,34.94,65.06,HEALTHY,29.76,62.5,0.0,1.69,4.17,0.4,0,Tomato (Vegetative),0.85,50.0,34.0,HEALTHY,0,0.0
2026-06-20 19:00:00,esp32-field-01,PASSING_SHOWERS,34.74,2252,34.69,65.31,HEALTHY,28.83,70.2,0.0,0.98,4.03,5.1,0,Tomato (Vegetative),0.85,50.0,34.0,HEALTHY,0,0.0
2026-06-20 20:00:00,esp32-field-01,PASSING_SHOWERS,34.73,2260,34.43,65.57,HEALTHY,27.56,73.1,0.0,1.37,3.83,5.1,0,Tomato (Vegetative),0.85,50.0,34.0,HEALTHY,0,0.0
2026-06-20 21:00:00,esp32-field-01,PASSING_SHOWERS,35.15,2258,35.21,64.79,HEALTHY,25.34,71.2,2.2,7.94,3.59,87.0,1,Tomato (Vegetative),0.85,50.0,38.4,HEALTHY,0,0.0
2026-06-20 22:00:00,esp32-field-01,PASSING_SHOWERS,35.1,2231,35.76,64.24,HEALTHY,25.01,74.2,0.0,2.0,4.0,2.2,0,Tomato (Vegetative),0.85,50.0,34.0,HEALTHY,0,0.0
2026-06-20 23:00:00,esp32-field-01,PASSING_SHOWERS,35.07,2280,34.02,65.98,HEALTHY,23.46,78.3,0.0,1.49,3.44,0.2,0,Tomato (Vegetative),0.85,50.0,34.0,HEALTHY,0,0.0
2026-06-21 00:00:00,esp32-field-01,PASSING_SHOWERS,35.05,2238,35.56,64.44,HEALTHY,22.14,84.0,0.0,2.98,3.47,3.3,0,Tomato (Vegetative),0.85,50.0,34.0,HEALTHY,0,0.0
2026-06-21 01:00:00,esp32-field-01,PASSING_SHOWERS,35.85,2242,35.24,64.76,HEALTHY,22.0,79.1,5.1,11.79,3.0,84.3,1,Tomato (Vegetative),0.85,50.0,44.1,HEALTHY,0,0.0
2026-06-21 02:00:00,esp32-field-01,PASSING_SHOWERS,35.63,2267,35.26,64.74,HEALTHY,22.67,80.8,0.0,4.77,3.35,1.3,0,Tomato (Vegetative),0.85,50.0,33.9,HEALTHY,0,0.0
2026-06-21 03:00:00,esp32-field-01,PASSING_SHOWERS,35.47,2240,35.88,64.12,HEALTHY,22.69,79.2,0.0,0.59,3.24,1.8,0,Tomato (Vegetative),0.85,50.0,33.9,HEALTHY,0,0.0
2026-06-21 04:00:00,esp32-field-01,PASSING_SHOWERS,35.35,2222,36.57,63.43,HEALTHY,24.35,78.0,0.0,1.96,3.85,9.5,0,Tomato (Vegetative),0.85,50.0,33.9,HEALTHY,0,0.0
2026-06-21 05:00:00,esp32-field-01,PASSING_SHOWERS,35.25,2242,35.04,64.96,HEALTHY,24.3,76.3,0.0,1.28,3.92,8.3,0,Tomato (Vegetative),0.85,50.0,33.9,HEALTHY,0,0.0
2026-06-21 06:00:00,esp32-field-01,PASSING_SHOWERS,35.19,2251,34.89,65.11,HEALTHY,23.22,75.1,0.0,1.3,2.95,0.0,0,Tomato (Vegetative),0.85,50.0,33.9,HEALTHY,0,0.0
2026-06-21 07:00:00,esp32-field-01,PASSING_SHOWERS,35.12,2279,33.81,66.19,HEALTHY,25.07,73.4,0.0,0.63,3.63,1.8,0,Tomato (Vegetative),0.85,50.0,33.9,HEALTHY,0,0.0
2026-06-21 08:00:00,esp32-field-01,PASSING_SHOWERS,35.05,2216,35.71,64.29,HEALTHY,27.29,76.3,0.0,1.22,4.28,1.5,0,Tomato (Vegetative),0.85,50.0,33.9,HEALTHY,0,0.0
2026-06-21 09:00:00,esp32-field-01,PASSING_SHOWERS,34.98,2264,35.04,64.96,HEALTHY,27.78,65.2,0.0,1.21,4.07,0.0,0,Tomato (Vegetative),0.85,50.0,33.9,HEALTHY,0,0.0
2026-06-21 10:00:00,esp32-field-01,PASSING_SHOWERS,34.89,2299,33.23,66.77,HEALTHY,29.45,62.9,0.0,1.35,4.14,3.9,0,Tomato (Vegetative),0.85,50.0,33.9,HEALTHY,0,0.0
2026-06-21 11:00:00,esp32-field-01,PASSING_SHOWERS,34.78,2258,34.75,65.25,HEALTHY,30.21,62.0,0.0,0.43,4.38,1.4,0,Tomato (Vegetative),0.85,50.0,33.9,HEALTHY,0,0.0
2026-06-21 12:00:00,esp32-field-01,PASSING_SHOWERS,34.67,2269,34.41,65.59,HEALTHY,31.52,56.6,0.0,0.94,4.65,1.2,0,Tomato (Vegetative),0.85,50.0,33.8,HEALTHY,0,0.0
2026-06-21 13:00:00,esp32-field-01,PASSING_SHOWERS,34.56,2247,34.52,65.48,HEALTHY,31.79,57.6,0.0,7.4,4.51,1.1,0,Tomato (Vegetative),0.85,50.0,33.8,HEALTHY,0,0.0
2026-06-21 14:00:00,esp32-field-01,PASSING_SHOWERS,34.45,2285,33.58,66.42,HEALTHY,32.47,59.6,0.0,0.66,4.92,1.5,0,Tomato (Vegetative),0.85,50.0,33.8,HEALTHY,0,0.0
2026-06-21 15:00:00,esp32-field-01,PASSING_SHOWERS,36.43,2216,36.53,63.47,HEALTHY,32.27,53.9,12.0,21.95,5.01,99.1,1,Tomato (Vegetative),0.85,50.0,57.8,HEALTHY,0,0.0
2026-06-21 16:00:00,esp32-field-01,PASSING_SHOWERS,36.03,2244,35.26,64.74,HEALTHY,31.59,60.9,0.0,1.38,4.77,1.9,0,Tomato (Vegetative),0.85,50.0,33.8,HEALTHY,0,0.0
2026-06-21 17:00:00,esp32-field-01,PASSING_SHOWERS,35.75,2255,34.94,65.06,HEALTHY,29.92,57.6,0.0,2.49,4.12,2.7,0,Tomato (Vegetative),0.85,50.0,33.8,HEALTHY,0,0.0
2026-06-21 18:00:00,esp32-field-01,PASSING_SHOWERS,35.57,2232,35.51,64.49,HEALTHY,29.46,61.8,0.0,1.65,4.4,2.5,0,Tomato (Vegetative),0.85,50.0,33.8,HEALTHY,0,0.0
2026-06-21 19:00:00,esp32-field-01,PASSING_SHOWERS,35.53,2222,37.39,62.61,HEALTHY,28.37,72.5,0.7,1.44,4.17,66.1,1,Tomato (Vegetative),0.85,50.0,35.2,HEALTHY,0,0.0
2026-06-21 20:00:00,esp32-field-01,PASSING_SHOWERS,35.39,2250,35.72,64.28,HEALTHY,26.08,72.3,0.0,0.09,3.2,5.2,0,Tomato (Vegetative),0.85,50.0,33.8,HEALTHY,0,0.0
2026-06-21 21:00:00,esp32-field-01,PASSING_SHOWERS,35.29,2242,35.9,64.1,HEALTHY,25.86,74.4,0.0,0.1,3.82,2.3,0,Tomato (Vegetative),0.85,50.0,33.8,HEALTHY,0,0.0
2026-06-21 22:00:00,esp32-field-01,PASSING_SHOWERS,35.21,2254,35.58,64.42,HEALTHY,24.96,77.5,0.0,5.7,3.53,1.9,0,Tomato (Vegetative),0.85,50.0,33.7,HEALTHY,0,0.0
2026-06-21 23:00:00,esp32-field-01,PASSING_SHOWERS,35.15,2274,33.87,66.13,HEALTHY,23.74,84.0,0.0,1.91,3.44,2.1,0,Tomato (Vegetative),0.85,50.0,33.7,HEALTHY,0,0.0
2026-06-22 00:00:00,esp32-field-01,PASSING_SHOWERS,35.11,2283,33.44,66.56,HEALTHY,22.39,82.8,0.0,1.77,3.51,0.2,0,Tomato (Vegetative),0.85,50.0,33.7,HEALTHY,0,0.0
2026-06-22 01:00:00,esp32-field-01,PASSING_SHOWERS,35.08,2257,32.92,67.08,HEALTHY,21.92,80.4,0.0,3.79,2.88,1.4,0,Tomato (Vegetative),0.85,50.0,33.7,HEALTHY,0,0.0
2026-06-22 02:00:00,esp32-field-01,PASSING_SHOWERS,35.06,2255,34.13,65.87,HEALTHY,21.9,86.5,0.0,2.16,3.63,6.6,0,Tomato (Vegetative),0.85,50.0,33.7,HEALTHY,0,0.0
2026-06-22 03:00:00,esp32-field-01,PASSING_SHOWERS,35.04,2253,34.6,65.4,HEALTHY,23.21,81.4,0.0,0.33,3.11,0.6,0,Tomato (Vegetative),0.85,50.0,33.7,HEALTHY,0,0.0
2026-06-22 04:00:00,esp32-field-01,PASSING_SHOWERS,35.02,2227,35.84,64.16,HEALTHY,23.76,82.7,0.0,1.16,3.46,13.0,0,Tomato (Vegetative),0.85,50.0,33.7,HEALTHY,0,0.0
2026-06-22 05:00:00,esp32-field-01,PASSING_SHOWERS,35.3,2230,36.19,63.81,HEALTHY,23.61,82.0,1.8,3.15,3.44,70.1,1,Tomato (Vegetative),0.85,50.0,37.3,HEALTHY,0,0.0
2026-06-22 06:00:00,esp32-field-01,PASSING_SHOWERS,35.22,2269,34.11,65.89,HEALTHY,23.74,74.1,0.0,0.82,3.28,8.6,0,Tomato (Vegetative),0.85,50.0,33.7,HEALTHY,0,0.0
2026-06-22 07:00:00,esp32-field-01,PASSING_SHOWERS,35.15,2220,36.43,63.57,HEALTHY,25.0,71.5,0.0,2.35,3.47,3.8,0,Tomato (Vegetative),0.85,50.0,33.6,HEALTHY,0,0.0
2026-06-22 08:00:00,esp32-field-01,PASSING_SHOWERS,35.08,2260,35.13,64.87,HEALTHY,26.76,67.2,0.0,2.95,3.83,4.1,0,Tomato (Vegetative),0.85,50.0,33.6,HEALTHY,0,0.0
2026-06-22 09:00:00,esp32-field-01,PASSING_SHOWERS,35.0,2228,35.95,64.05,HEALTHY,28.64,62.1,0.0,0.75,4.3,5.3,0,Tomato (Vegetative),0.85,50.0,33.6,HEALTHY,0,0.0
2026-06-22 10:00:00,esp32-field-01,PASSING_SHOWERS,34.89,2266,34.36,65.64,HEALTHY,29.38,66.5,0.0,4.3,4.83,0.9,0,Tomato (Vegetative),0.85,50.0,33.6,HEALTHY,0,0.0
2026-06-22 11:00:00,esp32-field-01,PASSING_SHOWERS,34.77,2277,34.15,65.85,HEALTHY,30.76,59.3,0.0,0.17,5.27,0.8,0,Tomato (Vegetative),0.85,50.0,33.6,HEALTHY,0,0.0
2026-06-22 12:00:00,esp32-field-01,PASSING_SHOWERS,34.65,2284,35.23,64.77,HEALTHY,32.68,57.0,0.0,3.02,4.69,0.7,0,Tomato (Vegetative),0.85,50.0,33.6,HEALTHY,0,0.0
2026-06-22 13:00:00,esp32-field-01,PASSING_SHOWERS,34.53,2257,33.66,66.34,HEALTHY,33.43,57.2,0.0,2.02,4.76,2.0,0,Tomato (Vegetative),0.85,50.0,33.6,HEALTHY,0,0.0
2026-06-22 14:00:00,esp32-field-01,PASSING_SHOWERS,34.43,2234,35.26,64.74,HEALTHY,31.01,59.6,0.0,0.76,4.92,0.9,0,Tomato (Vegetative),0.85,50.0,33.6,HEALTHY,0,0.0
2026-06-22 15:00:00,esp32-field-01,PASSING_SHOWERS,34.34,2263,34.21,65.79,HEALTHY,32.49,57.2,0.0,0.16,4.96,1.9,0,Tomato (Vegetative),0.85,50.0,33.6,HEALTHY,0,0.0
2026-06-22 16:00:00,esp32-field-01,PASSING_SHOWERS,34.28,2237,35.04,64.96,HEALTHY,31.67,60.9,0.0,1.31,4.75,0.9,0,Tomato (Vegetative),0.85,50.0,33.6,HEALTHY,0,0.0
2026-06-22 17:00:00,esp32-field-01,PASSING_SHOWERS,34.25,2244,34.65,65.35,HEALTHY,31.64,63.7,0.0,2.0,4.8,1.1,0,Tomato (Vegetative),0.85,50.0,33.5,HEALTHY,0,0.0
2026-06-22 18:00:00,esp32-field-01,PASSING_SHOWERS,34.25,2292,33.98,66.02,HEALTHY,29.31,61.0,0.0,0.64,4.17,2.1,0,Tomato (Vegetative),0.85,50.0,33.5,HEALTHY,0,0.0
2026-06-22 19:00:00,esp32-field-01,PASSING_SHOWERS,34.24,2229,35.48,64.52,HEALTHY,28.32,63.7,0.0,0.22,4.88,2.4,0,Tomato (Vegetative),0.85,50.0,33.5,HEALTHY,0,0.0
2026-06-22 20:00:00,esp32-field-01,PASSING_SHOWERS,34.23,2313,33.39,66.61,HEALTHY,26.68,74.8,0.0,2.13,3.8,7.8,0,Tomato (Vegetative),0.85,50.0,33.5,HEALTHY,0,0.0
2026-06-22 21:00:00,esp32-field-01,PASSING_SHOWERS,35.17,2272,34.34,65.66,HEALTHY,26.25,75.4,4.7,7.38,3.78,87.5,1,Tomato (Vegetative),0.85,50.0,42.9,HEALTHY,0,0.0
2026-06-22 22:00:00,esp32-field-01,PASSING_SHOWERS,35.12,2224,36.89,63.11,HEALTHY,23.47,76.8,0.0,1.13,3.26,4.3,0,Tomato (Vegetative),0.85,50.0,33.5,HEALTHY,0,0.0
2026-06-22 23:00:00,esp32-field-01,PASSING_SHOWERS,35.09,2252,35.29,64.71,HEALTHY,23.37,83.9,0.0,1.21,3.39,9.0,0,Tomato (Vegetative),0.85,50.0,33.5,HEALTHY,0,0.0
2026-06-23 00:00:00,esp32-field-01,PASSING_SHOWERS,35.06,2244,35.71,64.29,HEALTHY,22.99,79.3,0.0,1.45,3.34,4.9,0,Tomato (Vegetative),0.85,50.0,33.5,HEALTHY,0,0.0
2026-06-23 01:00:00,esp32-field-01,PASSING_SHOWERS,35.04,2267,34.16,65.84,HEALTHY,21.81,82.4,0.0,5.48,3.18,4.0,0,Tomato (Vegetative),0.85,50.0,33.5,HEALTHY,0,0.0
2026-06-23 02:00:00,esp32-field-01,PASSING_SHOWERS,35.03,2251,35.56,64.44,HEALTHY,21.67,81.3,0.0,3.79,2.83,2.0,0,Tomato (Vegetative),0.85,50.0,33.5,HEALTHY,0,0.0
2026-06-23 03:00:00,esp32-field-01,PASSING_SHOWERS,35.02,2262,35.54,64.46,HEALTHY,23.24,80.1,0.0,0.02,3.25,1.8,0,Tomato (Vegetative),0.85,50.0,33.4,HEALTHY,0,0.0
2026-06-23 04:00:00,esp32-field-01,PASSING_SHOWERS,35.01,2270,34.47,65.53,HEALTHY,23.45,80.6,0.0,2.61,3.1,11.0,0,Tomato (Vegetative),0.85,50.0,33.4,HEALTHY,0,0.0
2026-06-23 05:00:00,esp32-field-01,PASSING_SHOWERS,35.0,2273,34.68,65.32,HEALTHY,23.36,72.9,0.0,0.01,3.48,2.5,0,Tomato (Vegetative),0.85,50.0,33.4,HEALTHY,0,0.0
2026-06-23 06:00:00,esp32-field-01,PASSING_SHOWERS,34.99,2246,35.54,64.46,HEALTHY,23.99,77.9,0.0,0.45,3.8,0.0,0,Tomato (Vegetative),0.85,50.0,33.4,HEALTHY,0,0.0
2026-06-23 07:00:00,esp32-field-01,PASSING_SHOWERS,34.98,2236,34.71,65.29,HEALTHY,24.95,72.9,0.0,0.58,2.97,1.6,0,Tomato (Vegetative),0.85,50.0,33.4,HEALTHY,0,0.0
2026-06-23 08:00:00,esp32-field-01,PASSING_SHOWERS,34.93,2265,34.22,65.78,HEALTHY,26.46,72.8,0.0,1.0,3.92,2.2,0,Tomato (Vegetative),0.85,50.0,33.4,HEALTHY,0,0.0
2026-06-23 09:00:00,esp32-field-01,PASSING_SHOWERS,34.85,2241,35.63,64.37,HEALTHY,28.65,65.4,0.0,1.26,4.39,0.1,0,Tomato (Vegetative),0.85,50.0,33.4,HEALTHY,0,0.0
2026-06-23 10:00:00,esp32-field-01,PASSING_SHOWERS,34.76,2239,35.47,64.53,HEALTHY,29.44,63.6,0.0,2.11,4.11,0.5,0,Tomato (Vegetative),0.85,50.0,33.4,HEALTHY,0,0.0
2026-06-23 11:00:00,esp32-field-01,PASSING_SHOWERS,34.65,2258,35.42,64.58,HEALTHY,30.38,60.8,0.0,3.09,4.61,2.4,0,Tomato (Vegetative),0.85,50.0,33.4,HEALTHY,0,0.0
2026-06-23 12:00:00,esp32-field-01,PASSING_SHOWERS,34.53,2296,32.14,67.86,HEALTHY,30.43,60.6,0.0,6.66,4.69,0.4,0,Tomato (Vegetative),0.85,50.0,33.4,HEALTHY,0,0.0
2026-06-23 13:00:00,esp32-field-01,PASSING_SHOWERS,34.42,2276,34.28,65.72,HEALTHY,31.74,60.7,0.0,0.56,4.49,5.6,0,Tomato (Vegetative),0.85,50.0,33.4,HEALTHY,0,0.0
2026-06-23 14:00:00,esp32-field-01,PASSING_SHOWERS,34.31,2268,34.17,65.83,HEALTHY,32.55,53.9,0.0,1.66,4.99,0.5,0,Tomato (Vegetative),0.85,50.0,33.3,HEALTHY,0,0.0
2026-06-23 15:00:00,esp32-field-01,PASSING_SHOWERS,34.24,2238,35.68,64.32,HEALTHY,30.98,59.7,0.0,0.55,4.3,2.0,0,Tomato (Vegetative),0.85,50.0,33.3,HEALTHY,0,0.0
2026-06-23 16:00:00,esp32-field-01,PASSING_SHOWERS,34.18,2297,32.72,67.28,HEALTHY,30.69,57.4,0.0,0.38,4.67,0.6,0,Tomato (Vegetative),0.85,50.0,33.3,HEALTHY,0,0.0
2026-06-23 17:00:00,esp32-field-01,PASSING_SHOWERS,34.15,2290,33.27,66.73,HEALTHY,31.08,61.5,0.0,1.66,4.49,3.1,0,Tomato (Vegetative),0.85,50.0,33.3,HEALTHY,0,0.0
2026-06-23 18:00:00,esp32-field-01,PASSING_SHOWERS,34.15,2257,35.33,64.67,HEALTHY,30.91,62.7,0.0,2.17,4.51,5.3,0,Tomato (Vegetative),0.85,50.0,33.3,HEALTHY,0,0.0
2026-06-23 19:00:00,esp32-field-01,PASSING_SHOWERS,34.27,2272,33.7,66.3,HEALTHY,28.31,63.3,0.6,2.28,4.09,79.0,1,Tomato (Vegetative),0.85,50.0,34.5,HEALTHY,0,0.0
2026-06-23 20:00:00,esp32-field-01,PASSING_SHOWERS,34.26,2265,34.05,65.95,HEALTHY,27.28,73.9,0.0,0.84,4.13,0.6,0,Tomato (Vegetative),0.85,50.0,33.3,HEALTHY,0,0.0
2026-06-23 21:00:00,esp32-field-01,PASSING_SHOWERS,34.26,2285,34.43,65.57,HEALTHY,24.87,76.7,0.0,0.66,3.37,1.3,0,Tomato (Vegetative),0.85,50.0,33.3,HEALTHY,0,0.0
2026-06-23 22:00:00,esp32-field-01,PASSING_SHOWERS,34.25,2294,31.65,68.35,HEALTHY,23.63,77.1,0.0,0.96,3.61,0.9,0,Tomato (Vegetative),0.85,50.0,33.3,HEALTHY,0,0.0
2026-06-23 23:00:00,esp32-field-01,PASSING_SHOWERS,34.25,2266,35.45,64.55,HEALTHY,23.28,79.6,0.0,1.89,3.56,1.4,0,Tomato (Vegetative),0.85,50.0,33.2,HEALTHY,0,0.0
2026-06-24 00:00:00,esp32-field-01,PASSING_SHOWERS,34.24,2281,33.73,66.27,HEALTHY,23.23,81.4,0.0,0.14,3.38,3.5,0,Tomato (Vegetative),0.85,50.0,33.2,HEALTHY,0,0.0
2026-06-24 01:00:00,esp32-field-01,PASSING_SHOWERS,34.23,2266,35.36,64.64,HEALTHY,21.86,80.0,0.0,0.1,3.25,0.6,0,Tomato (Vegetative),0.85,50.0,33.2,HEALTHY,0,0.0
2026-06-24 02:00:00,esp32-field-01,PASSING_SHOWERS,34.23,2245,35.0,65.0,HEALTHY,21.63,81.6,0.0,0.49,2.72,4.1,0,Tomato (Vegetative),0.85,50.0,33.2,HEALTHY,0,0.0
2026-06-24 03:00:00,esp32-field-01,PASSING_SHOWERS,34.22,2252,34.98,65.02,HEALTHY,22.26,79.7,0.0,0.98,3.42,2.8,0,Tomato (Vegetative),0.85,50.0,33.2,HEALTHY,0,0.0
2026-06-24 04:00:00,esp32-field-01,PASSING_SHOWERS,34.22,2260,33.79,66.21,HEALTHY,23.95,78.8,0.0,1.58,3.05,2.4,0,Tomato (Vegetative),0.85,50.0,33.2,HEALTHY,0,0.0
2026-06-24 05:00:00,esp32-field-01,PASSING_SHOWERS,34.21,2281,34.13,65.87,HEALTHY,24.01,75.5,0.0,0.37,3.39,2.8,0,Tomato (Vegetative),0.85,50.0,33.2,HEALTHY,0,0.0
2026-06-24 06:00:00,esp32-field-01,PASSING_SHOWERS,34.2,2283,33.87,66.13,HEALTHY,24.64,72.6,0.0,0.16,3.88,7.4,0,Tomato (Vegetative),0.85,50.0,33.2,HEALTHY,0,0.0
2026-06-24 07:00:00,esp32-field-01,PASSING_SHOWERS,34.18,2273,33.98,66.02,HEALTHY,25.94,72.9,0.0,1.55,3.57,3.0,0,Tomato (Vegetative),0.85,50.0,33.2,HEALTHY,0,0.0
2026-06-24 08:00:00,esp32-field-01,PASSING_SHOWERS,34.13,2248,34.96,65.04,HEALTHY,26.84,68.7,0.0,0.76,4.1,0.6,0,Tomato (Vegetative),0.85,50.0,33.2,HEALTHY,0,0.0
2026-06-24 09:00:00,esp32-field-01,PASSING_SHOWERS,34.06,2296,33.26,66.74,HEALTHY,28.72,61.9,0.0,2.96,3.95,1.8,0,Tomato (Vegetative),0.85,50.0,33.1,HEALTHY,0,0.0
2026-06-24 10:00:00,esp32-field-01,PASSING_SHOWERS,33.97,2297,33.05,66.95,HEALTHY,29.23,65.5,0.0,0.84,4.0,1.7,0,Tomato (Vegetative),0.85,50.0,33.1,HEALTHY,0,0.0
2026-06-24 11:00:00,esp32-field-01,PASSING_SHOWERS,33.85,2261,33.9,66.1,HEALTHY,30.42,62.8,0.0,0.32,4.9,3.6,0,Tomato (Vegetative),0.85,50.0,33.1,HEALTHY,0,0.0
2026-06-24 12:00:00,esp32-field-01,PASSING_SHOWERS,33.73,2275,34.26,65.74,HEALTHY,31.57,56.3,0.0,0.16,4.78,4.7,0,Tomato (Vegetative),0.85,50.0,33.1,HEALTHY,0,0.0
2026-06-24 13:00:00,esp32-field-01,PASSING_SHOWERS,33.61,2305,31.95,68.05,HEALTHY,31.03,59.8,0.0,3.73,5.1,1.6,0,Tomato (Vegetative),0.85,50.0,33.1,HEALTHY,0,0.0
2026-06-24 14:00:00,esp32-field-01,PASSING_SHOWERS,33.5,2290,32.9,67.1,HEALTHY,31.78,59.7,0.0,3.39,4.9,2.4,0,Tomato (Vegetative),0.85,50.0,33.1,HEALTHY,0,0.0
2026-06-24 15:00:00,esp32-field-01,PASSING_SHOWERS,33.42,2259,33.76,66.24,HEALTHY,32.19,58.6,0.0,1.78,4.77,2.9,0,Tomato (Vegetative),0.85,50.0,33.1,HEALTHY,0,0.0
2026-06-24 16:00:00,esp32-field-01,PASSING_SHOWERS,35.22,2268,34.27,65.73,HEALTHY,31.64,61.0,9.1,14.38,4.57,90.7,1,Tomato (Vegetative),0.85,50.0,51.3,HEALTHY,0,0.0
2026-06-24 17:00:00,esp32-field-01,PASSING_SHOWERS,35.15,2239,35.13,64.87,HEALTHY,30.72,65.5,0.0,0.77,4.24,8.1,0,Tomato (Vegetative),0.85,50.0,33.1,HEALTHY,0,0.0
2026-06-24 18:00:00,esp32-field-01,PASSING_SHOWERS,35.6,2247,35.85,64.15,HEALTHY,28.83,65.6,3.1,5.37,4.36,79.6,1,Tomato (Vegetative),0.85,50.0,39.3,HEALTHY,0,0.0
2026-06-24 19:00:00,esp32-field-01,PASSING_SHOWERS,35.45,2254,34.3,65.7,HEALTHY,28.11,59.8,0.0,1.92,3.82,1.5,0,Tomato (Vegetative),0.85,50.0,33.0,HEALTHY,0,0.0
2026-06-24 20:00:00,esp32-field-01,PASSING_SHOWERS,35.33,2244,35.57,64.43,HEALTHY,27.56,73.0,0.0,0.37,4.24,4.3,0,Tomato (Vegetative),0.85,50.0,33.0,HEALTHY,0,0.0
2026-06-24 21:00:00,esp32-field-01,PASSING_SHOWERS,35.24,2238,35.39,64.61,HEALTHY,26.3,71.9,0.0,0.05,4.18,0.9,0,Tomato (Vegetative),0.85,50.0,33.0,HEALTHY,0,0.0
2026-06-24 22:00:00,esp32-field-01,PASSING_SHOWERS,35.18,2236,36.07,63.93,HEALTHY,25.98,74.1,0.0,1.54,3.72,1.3,0,Tomato (Vegetative),0.85,50.0,33.0,HEALTHY,0,0.0
2026-06-24 23:00:00,esp32-field-01,PASSING_SHOWERS,35.13,2270,34.59,65.41,HEALTHY,22.9,75.4,0.0,0.3,3.87,0.9,0,Tomato (Vegetative),0.85,50.0,33.0,HEALTHY,0,0.0
2026-06-25 00:00:00,esp32-field-01,AUTUMN_MIXED,35.09,2226,35.41,64.59,HEALTHY,19.69,71.8,0.0,0.6,2.69,5.2,0,Tomato (Vegetative),0.85,50.0,33.0,HEALTHY,0,0.0
2026-06-25 01:00:00,esp32-field-01,AUTUMN_MIXED,35.07,2274,33.51,66.49,HEALTHY,20.03,76.9,0.0,0.68,2.9,1.6,0,Tomato (Vegetative),0.85,50.0,33.0,HEALTHY,0,0.0
2026-06-25 02:00:00,esp32-field-01,AUTUMN_MIXED,35.04,2255,34.82,65.18,HEALTHY,19.81,71.0,0.0,1.7,3.39,0.7,0,Tomato (Vegetative),0.85,50.0,33.0,HEALTHY,0,0.0
2026-06-25 03:00:00,esp32-field-01,AUTUMN_MIXED,35.03,2230,35.27,64.73,HEALTHY,19.54,72.1,0.0,3.78,2.82,1.9,0,Tomato (Vegetative),0.85,50.0,33.0,HEALTHY,0,0.0
2026-06-25 04:00:00,esp32-field-01,AUTUMN_MIXED,35.02,2248,35.69,64.31,HEALTHY,20.81,67.3,0.0,0.13,2.66,0.2,0,Tomato (Vegetative),0.85,50.0,33.0,HEALTHY,0,0.0
2026-06-25 05:00:00,esp32-field-01,AUTUMN_MIXED,35.01,2273,34.21,65.79,HEALTHY,21.99,67.8,0.0,4.71,3.4,2.3,0,Tomato (Vegetative),0.85,50.0,32.9,HEALTHY,0,0.0
2026-06-25 06:00:00,esp32-field-01,AUTUMN_MIXED,35.0,2239,35.28,64.72,HEALTHY,20.63,67.0,0.0,1.82,2.78,6.4,0,Tomato (Vegetative),0.85,50.0,32.9,HEALTHY,0,0.0
2026-06-25 07:00:00,esp32-field-01,AUTUMN_MIXED,34.98,2228,35.54,64.46,HEALTHY,23.15,68.7,0.0,0.68,3.47,0.4,0,Tomato (Vegetative),0.85,50.0,32.9,HEALTHY,0,0.0
2026-06-25 08:00:00,esp32-field-01,AUTUMN_MIXED,34.93,2238,35.93,64.07,HEALTHY,25.76,61.8,0.0,0.82,4.05,0.9,0,Tomato (Vegetative),0.85,50.0,32.9,HEALTHY,0,0.0
2026-06-25 09:00:00,esp32-field-01,AUTUMN_MIXED,35.17,2258,34.6,65.4,HEALTHY,25.83,54.9,1.7,4.21,3.97,76.3,1,Tomato (Vegetative),0.85,50.0,36.3,HEALTHY,0,0.0
2026-06-25 10:00:00,esp32-field-01,AUTUMN_MIXED,35.06,2246,35.49,64.51,HEALTHY,27.67,55.7,0.0,3.72,4.06,0.1,0,Tomato (Vegetative),0.85,50.0,32.9,HEALTHY,0,0.0
2026-06-25 11:00:00,esp32-field-01,AUTUMN_MIXED,34.95,2290,34.18,65.82,HEALTHY,29.22,49.5,0.0,0.31,4.57,10.7,0,Tomato (Vegetative),0.85,50.0,32.9,HEALTHY,0,0.0
2026-06-25 12:00:00,esp32-field-01,AUTUMN_MIXED,34.85,2247,35.06,64.94,HEALTHY,28.96,46.0,0.0,2.55,4.0,0.9,0,Tomato (Vegetative),0.85,50.0,32.9,HEALTHY,0,0.0
2026-06-25 13:00:00,esp32-field-01,AUTUMN_MIXED,34.74,2248,35.74,64.26,HEALTHY,30.28,42.7,0.0,2.26,4.55,0.1,0,Tomato (Vegetative),0.85,50.0,32.9,HEALTHY,0,0.0
2026-06-25 14:00:00,esp32-field-01,AUTUMN_MIXED,34.65,2247,34.82,65.18,HEALTHY,30.36,50.9,0.0,0.92,4.16,7.1,0,Tomato (Vegetative),0.85,50.0,32.9,HEALTHY,0,0.0
2026-06-25 15:00:00,esp32-field-01,AUTUMN_MIXED,34.57,2242,34.55,65.45,HEALTHY,28.91,44.8,0.0,0.39,4.63,10.6,0,Tomato (Vegetative),0.85,50.0,32.9,HEALTHY,0,0.0
2026-06-25 16:00:00,esp32-field-01,AUTUMN_MIXED,34.51,2236,35.35,64.65,HEALTHY,29.75,44.0,0.0,2.07,4.21,0.8,0,Tomato (Vegetative),0.85,50.0,32.8,HEALTHY,0,0.0
2026-06-25 17:00:00,esp32-field-01,AUTUMN_MIXED,34.48,2277,33.77,66.23,HEALTHY,28.55,51.4,0.0,0.11,4.46,0.5,0,Tomato (Vegetative),0.85,50.0,32.8,HEALTHY,0,0.0
2026-06-25 18:00:00,esp32-field-01,AUTUMN_MIXED,34.48,2245,36.4,63.6,HEALTHY,27.69,54.1,0.0,1.82,4.18,0.2,0,Tomato (Vegetative),0.85,50.0,32.8,HEALTHY,0,0.0
2026-06-25 19:00:00,esp32-field-01,AUTUMN_MIXED,34.48,2270,34.23,65.77,HEALTHY,26.72,54.1,0.0,2.91,3.63,3.3,0,Tomato (Vegetative),0.85,50.0,32.8,HEALTHY,0,0.0
2026-06-25 20:00:00,esp32-field-01,AUTUMN_MIXED,34.47,2257,34.9,65.1,HEALTHY,25.71,54.5,0.0,1.61,4.02,2.4,0,Tomato (Vegetative),0.85,50.0,32.8,HEALTHY,0,0.0
2026-06-25 21:00:00,esp32-field-01,AUTUMN_MIXED,34.46,2274,33.79,66.21,HEALTHY,24.61,60.7,0.0,0.5,3.47,6.0,0,Tomato (Vegetative),0.85,50.0,32.8,HEALTHY,0,0.0
2026-06-25 22:00:00,esp32-field-01,AUTUMN_MIXED,34.46,2243,35.31,64.69,HEALTHY,22.14,65.0,0.0,1.23,3.18,1.2,0,Tomato (Vegetative),0.85,50.0,32.8,HEALTHY,0,0.0
2026-06-25 23:00:00,esp32-field-01,AUTUMN_MIXED,34.45,2277,34.26,65.74,HEALTHY,20.72,69.4,0.0,1.1,3.06,3.1,0,Tomato (Vegetative),0.85,50.0,32.8,HEALTHY,0,0.0
2026-06-26 00:00:00,esp32-field-01,AUTUMN_MIXED,34.45,2272,34.19,65.81,HEALTHY,19.71,73.7,0.0,5.65,2.72,3.4,0,Tomato (Vegetative),0.85,50.0,32.8,HEALTHY,0,0.0
2026-06-26 01:00:00,esp32-field-01,AUTUMN_MIXED,34.44,2277,33.36,66.64,HEALTHY,19.78,73.2,0.0,0.6,2.73,5.8,0,Tomato (Vegetative),0.85,50.0,32.8,HEALTHY,0,0.0
2026-06-26 02:00:00,esp32-field-01,AUTUMN_MIXED,34.44,2261,34.3,65.7,HEALTHY,20.19,77.4,0.0,2.23,3.11,3.0,0,Tomato (Vegetative),0.85,50.0,32.7,HEALTHY,0,0.0
2026-06-26 03:00:00,esp32-field-01,AUTUMN_MIXED,34.43,2271,34.06,65.94,HEALTHY,18.91,70.5,0.0,0.25,2.99,0.3,0,Tomato (Vegetative),0.85,50.0,32.7,HEALTHY,0,0.0
2026-06-26 04:00:00,esp32-field-01,AUTUMN_MIXED,34.43,2281,33.42,66.58,HEALTHY,19.14,72.4,0.0,3.44,2.76,10.7,0,Tomato (Vegetative),0.85,50.0,32.7,HEALTHY,0,0.0
2026-06-26 05:00:00,esp32-field-01,AUTUMN_MIXED,34.42,2244,35.95,64.05,HEALTHY,21.63,67.9,0.0,0.47,3.53,2.1,0,Tomato (Vegetative),0.85,50.0,32.7,HEALTHY,0,0.0
2026-06-26 06:00:00,esp32-field-01,AUTUMN_MIXED,34.42,2287,33.24,66.76,HEALTHY,22.33,68.4,0.0,0.26,3.44,16.8,0,Tomato (Vegetative),0.85,50.0,32.7,HEALTHY,0,0.0
2026-06-26 07:00:00,esp32-field-01,AUTUMN_MIXED,34.39,2276,33.55,66.45,HEALTHY,23.23,62.1,0.0,0.37,3.37,5.0,0,Tomato (Vegetative),0.85,50.0,32.7,HEALTHY,0,0.0
2026-06-26 08:00:00,esp32-field-01,AUTUMN_MIXED,34.34,2265,33.55,66.45,HEALTHY,24.97,59.3,0.0,1.4,4.08,0.3,0,Tomato (Vegetative),0.85,50.0,32.7,HEALTHY,0,0.0
2026-06-26 09:00:00,esp32-field-01,AUTUMN_MIXED,34.27,2271,34.24,65.76,HEALTHY,25.9,58.7,0.0,0.01,4.13,0.2,0,Tomato (Vegetative),0.85,50.0,32.7,HEALTHY,0,0.0
2026-06-26 10:00:00,esp32-field-01,AUTUMN_MIXED,34.17,2268,34.03,65.97,HEALTHY,28.76,54.0,0.0,0.25,4.43,1.0,0,Tomato (Vegetative),0.85,50.0,32.7,HEALTHY,0,0.0
2026-06-26 11:00:00,esp32-field-01,AUTUMN_MIXED,34.07,2257,34.08,65.92,HEALTHY,28.94,50.5,0.0,0.84,4.43,6.1,0,Tomato (Vegetative),0.85,50.0,32.6,HEALTHY,0,0.0
2026-06-26 12:00:00,esp32-field-01,AUTUMN_MIXED,33.96,2273,33.99,66.01,HEALTHY,29.67,45.7,0.0,0.22,4.38,0.5,0,Tomato (Vegetative),0.85,50.0,32.6,HEALTHY,0,0.0
2026-06-26 13:00:00,esp32-field-01,AUTUMN_MIXED,33.85,2275,33.48,66.52,HEALTHY,30.64,49.2,0.0,1.79,4.43,5.5,0,Tomato (Vegetative),0.85,50.0,32.6,HEALTHY,0,0.0
2026-06-26 14:00:00,esp32-field-01,AUTUMN_MIXED,33.74,2270,33.72,66.28,HEALTHY,30.47,46.5,0.0,1.4,5.07,1.1,0,Tomato (Vegetative),0.85,50.0,32.6,HEALTHY,0,0.0
2026-06-26 15:00:00,esp32-field-01,AUTUMN_MIXED,33.65,2293,33.14,66.86,HEALTHY,32.04,47.3,0.0,0.04,5.02,14.5,0,Tomato (Vegetative),0.85,50.0,32.6,HEALTHY,0,0.0
2026-06-26 16:00:00,esp32-field-01,AUTUMN_MIXED,33.6,2314,31.9,68.1,HEALTHY,29.09,49.1,0.0,3.62,4.44,1.6,0,Tomato (Vegetative),0.85,50.0,32.6,HEALTHY,0,0.0
2026-06-26 17:00:00,esp32-field-01,AUTUMN_MIXED,33.57,2307,32.31,67.69,HEALTHY,27.83,52.6,0.0,0.3,4.03,8.6,0,Tomato (Vegetative),0.85,50.0,32.6,HEALTHY,0,0.0
2026-06-26 18:00:00,esp32-field-01,AUTUMN_MIXED,33.57,2295,33.09,66.91,HEALTHY,26.97,51.3,0.0,0.87,4.45,2.4,0,Tomato (Vegetative),0.85,50.0,32.6,HEALTHY,0,0.0
2026-06-26 19:00:00,esp32-field-01,AUTUMN_MIXED,33.56,2276,34.78,65.22,HEALTHY,27.07,56.7,0.0,0.88,4.36,9.4,0,Tomato (Vegetative),0.85,50.0,32.6,HEALTHY,0,0.0
2026-06-26 20:00:00,esp32-field-01,AUTUMN_MIXED,33.56,2303,32.33,67.67,HEALTHY,24.99,62.4,0.0,1.47,3.62,5.2,0,Tomato (Vegetative),0.85,50.0,32.6,HEALTHY,0,0.0
2026-06-26 21:00:00,esp32-field-01,AUTUMN_MIXED,33.55,2291,33.06,66.94,HEALTHY,23.52,67.1,0.0,0.35,3.22,3.1,0,Tomato (Vegetative),0.85,50.0,32.5,HEALTHY,0,0.0
2026-06-26 22:00:00,esp32-field-01,AUTUMN_MIXED,33.54,2306,34.3,65.7,HEALTHY,22.41,68.2,0.0,0.7,3.51,0.8,0,Tomato (Vegetative),0.85,50.0,32.5,HEALTHY,0,0.0
2026-06-26 23:00:00,esp32-field-01,AUTUMN_MIXED,33.54,2298,32.5,67.5,HEALTHY,21.49,69.2,0.0,0.31,3.48,0.9,0,Tomato (Vegetative),0.85,50.0,32.5,HEALTHY,0,0.0
2026-06-27 00:00:00,esp32-field-01,AUTUMN_MIXED,33.53,2312,32.75,67.25,HEALTHY,20.63,69.9,0.0,2.68,3.27,0.5,0,Tomato (Vegetative),0.85,50.0,32.5,HEALTHY,0,0.0
2026-06-27 01:00:00,esp32-field-01,AUTUMN_MIXED,33.53,2254,33.74,66.26,HEALTHY,19.63,70.7,0.0,1.39,2.71,14.3,0,Tomato (Vegetative),0.85,50.0,32.5,HEALTHY,0,0.0
2026-06-27 02:00:00,esp32-field-01,AUTUMN_MIXED,33.52,2270,33.78,66.22,HEALTHY,19.24,74.5,0.0,2.37,2.55,6.3,0,Tomato (Vegetative),0.85,50.0,32.5,HEALTHY,0,0.0
2026-06-27 03:00:00,esp32-field-01,AUTUMN_MIXED,33.52,2292,33.6,66.4,HEALTHY,21.44,70.6,0.0,3.57,2.93,1.3,0,Tomato (Vegetative),0.85,50.0,32.5,HEALTHY,0,0.0
2026-06-27 04:00:00,esp32-field-01,AUTUMN_MIXED,33.51,2275,34.3,65.7,HEALTHY,20.6,73.1,0.0,1.12,3.18,0.6,0,Tomato (Vegetative),0.85,50.0,32.5,HEALTHY,0,0.0
2026-06-27 05:00:00,esp32-field-01,AUTUMN_MIXED,33.51,2264,34.37,65.63,HEALTHY,20.59,71.9,0.0,3.1,3.0,6.0,0,Tomato (Vegetative),0.85,50.0,32.5,HEALTHY,0,0.0
2026-06-27 06:00:00,esp32-field-01,AUTUMN_MIXED,33.5,2280,32.96,67.04,HEALTHY,22.9,68.4,0.0,1.97,3.4,2.1,0,Tomato (Vegetative),0.85,50.0,32.5,HEALTHY,0,0.0
2026-06-27 07:00:00,esp32-field-01,AUTUMN_MIXED,33.48,2285,33.59,66.41,HEALTHY,24.32,64.8,0.0,0.14,3.42,0.4,0,Tomato (Vegetative),0.85,50.0,32.4,HEALTHY,0,0.0
2026-06-27 08:00:00,esp32-field-01,AUTUMN_MIXED,33.43,2289,32.8,67.2,HEALTHY,25.07,61.9,0.0,1.48,4.04,4.2,0,Tomato (Vegetative),0.85,50.0,32.4,HEALTHY,0,0.0
2026-06-27 09:00:00,esp32-field-01,AUTUMN_MIXED,33.35,2309,32.49,67.51,HEALTHY,26.53,58.3,0.0,0.26,4.16,8.0,0,Tomato (Vegetative),0.85,50.0,32.4,HEALTHY,0,0.0
2026-06-27 10:00:00,esp32-field-01,AUTUMN_MIXED,33.34,2308,32.12,67.88,HEALTHY,28.56,55.7,0.4,1.49,4.39,76.7,1,Tomato (Vegetative),0.85,50.0,33.2,HEALTHY,0,0.0
2026-06-27 11:00:00,esp32-field-01,AUTUMN_MIXED,33.24,2314,32.34,67.66,HEALTHY,27.96,48.1,0.0,0.46,4.26,2.7,0,Tomato (Vegetative),0.85,50.0,32.4,HEALTHY,0,0.0
2026-06-27 12:00:00,esp32-field-01,AUTUMN_MIXED,33.13,2293,33.4,66.6,HEALTHY,30.33,47.2,0.0,1.41,4.31,1.6,0,Tomato (Vegetative),0.85,50.0,32.4,HEALTHY,0,0.0
2026-06-27 13:00:00,esp32-field-01,AUTUMN_MIXED,33.01,2282,33.74,66.26,HEALTHY,30.24,48.9,0.0,0.02,4.92,1.6,0,Tomato (Vegetative),0.85,50.0,32.4,HEALTHY,0,0.0
2026-06-27 14:00:00,esp32-field-01,AUTUMN_MIXED,32.91,2276,33.31,66.69,HEALTHY,29.65,45.7,0.0,0.23,4.83,1.1,0,Tomato (Vegetative),0.85,50.0,32.4,HEALTHY,0,0.0
2026-06-27 15:00:00,esp32-field-01,AUTUMN_MIXED,32.82,2267,33.49,66.51,HEALTHY,31.05,42.9,0.0,0.86,4.83,0.5,0,Tomato (Vegetative),0.85,50.0,32.4,HEALTHY,0,0.0
2026-06-27 16:00:00,esp32-field-01,AUTUMN_MIXED,33.49,2284,32.75,67.25,HEALTHY,29.62,51.7,3.4,5.61,4.7,78.0,1,Tomato (Vegetative),0.85,50.0,39.2,HEALTHY,0,0.0
2026-06-27 17:00:00,esp32-field-01,AUTUMN_MIXED,33.46,2256,34.18,65.82,HEALTHY,28.46,49.8,0.0,2.73,4.28,5.1,0,Tomato (Vegetative),0.85,50.0,32.4,HEALTHY,0,0.0
2026-06-27 18:00:00,esp32-field-01,AUTUMN_MIXED,33.46,2262,33.89,66.11,HEALTHY,27.1,53.9,0.0,0.09,3.45,10.7,0,Tomato (Vegetative),0.85,50.0,32.3,HEALTHY,0,0.0
2026-06-27 19:00:00,esp32-field-01,AUTUMN_MIXED,33.45,2320,31.37,68.63,HEALTHY,26.42,52.0,0.0,0.22,3.74,0.8,0,Tomato (Vegetative),0.85,50.0,32.3,HEALTHY,0,0.0
2026-06-27 20:00:00,esp32-field-01,AUTUMN_MIXED,33.45,2263,33.81,66.19,HEALTHY,25.62,60.0,0.0,0.68,3.9,10.4,0,Tomato (Vegetative),0.85,50.0,32.3,HEALTHY,0,0.0
2026-06-27 21:00:00,esp32-field-01,AUTUMN_MIXED,33.44,2313,31.46,68.54,HEALTHY,24.29,63.1,0.0,0.57,3.92,3.2,0,Tomato (Vegetative),0.85,50.0,32.3,HEALTHY,0,0.0
2026-06-27 22:00:00,esp32-field-01,AUTUMN_MIXED,33.43,2289,33.5,66.5,HEALTHY,22.01,65.2,0.0,3.78,3.11,3.1,0,Tomato (Vegetative),0.85,50.0,32.3,HEALTHY,0,0.0
2026-06-27 23:00:00,esp32-field-01,AUTUMN_MIXED,33.43,2258,34.96,65.04,HEALTHY,21.57,70.6,0.0,0.21,2.97,4.7,0,Tomato (Vegetative),0.85,50.0,32.3,HEALTHY,0,0.0
2026-06-28 00:00:00,esp32-field-01,AUTUMN_MIXED,33.42,2285,33.71,66.29,HEALTHY,21.47,75.3,0.0,4.41,3.4,0.9,0,Tomato (Vegetative),0.85,50.0,32.3,HEALTHY,0,0.0
2026-06-28 01:00:00,esp32-field-01,AUTUMN_MIXED,33.42,2278,33.94,66.06,HEALTHY,20.78,74.5,0.0,0.49,3.18,3.7,0,Tomato (Vegetative),0.85,50.0,32.3,HEALTHY,0,0.0
2026-06-28 02:00:00,esp32-field-01,AUTUMN_MIXED,33.41,2281,32.87,67.13,HEALTHY,19.05,75.5,0.0,3.24,2.58,2.6,0,Tomato (Vegetative),0.85,50.0,32.3,HEALTHY,0,0.0
2026-06-28 03:00:00,esp32-field-01,AUTUMN_MIXED,33.41,2267,34.07,65.93,HEALTHY,19.79,76.5,0.0,0.06,2.86,2.2,0,Tomato (Vegetative),0.85,50.0,32.2,HEALTHY,0,0.0
2026-06-28 04:00:00,esp32-field-01,AUTUMN_MIXED,33.4,2276,34.16,65.84,HEALTHY,20.2,69.7,0.0,0.06,3.01,5.3,0,Tomato (Vegetative),0.85,50.0,32.2,HEALTHY,0,0.0
2026-06-28 05:00:00,esp32-field-01,AUTUMN_MIXED,33.4,2310,31.82,68.18,HEALTHY,21.48,66.9,0.0,1.45,3.2,0.4,0,Tomato (Vegetative),0.85,50.0,32.2,HEALTHY,0,0.0
2026-06-28 06:00:00,esp32-field-01,AUTUMN_MIXED,33.39,2242,34.24,65.76,HEALTHY,21.77,65.2,0.0,0.07,3.03,1.3,0,Tomato (Vegetative),0.85,50.0,32.2,HEALTHY,0,0.0
2026-06-28 07:00:00,esp32-field-01,AUTUMN_MIXED,33.37,2284,33.27,66.73,HEALTHY,23.89,64.7,0.0,1.09,3.59,2.2,0,Tomato (Vegetative),0.85,50.0,32.2,HEALTHY,0,0.0
2026-06-28 08:00:00,esp32-field-01,AUTUMN_MIXED,33.32,2285,33.64,66.36,HEALTHY,24.31,58.3,0.0,4.2,3.66,0.0,0,Tomato (Vegetative),0.85,50.0,32.2,HEALTHY,0,0.0
2026-06-28 09:00:00,esp32-field-01,AUTUMN_MIXED,33.26,2279,34.4,65.6,HEALTHY,26.53,55.2,0.0,1.16,3.59,7.3,0,Tomato (Vegetative),0.85,50.0,32.2,HEALTHY,0,0.0
2026-06-28 10:00:00,esp32-field-01,AUTUMN_MIXED,33.17,2273,34.6,65.4,HEALTHY,28.34,48.8,0.0,1.48,4.23,3.9,0,Tomato (Vegetative),0.85,50.0,32.2,HEALTHY,0,0.0
2026-06-28 11:00:00,esp32-field-01,AUTUMN_MIXED,33.07,2294,32.44,67.56,HEALTHY,28.58,51.0,0.0,2.16,4.01,0.2,0,Tomato (Vegetative),0.85,50.0,32.2,HEALTHY,0,0.0
2026-06-28 12:00:00,esp32-field-01,AUTUMN_MIXED,32.96,2306,32.45,67.55,HEALTHY,29.39,48.5,0.0,1.87,4.36,2.9,0,Tomato (Vegetative),0.85,50.0,32.2,HEALTHY,0,0.0
2026-06-28 13:00:00,esp32-field-01,AUTUMN_MIXED,32.85,2326,31.82,68.18,HEALTHY,29.56,44.7,0.0,0.84,4.58,6.3,0,Tomato (Vegetative),0.85,50.0,32.1,HEALTHY,0,0.0
2026-06-28 14:00:00,esp32-field-01,AUTUMN_MIXED,32.76,2306,31.95,68.05,HEALTHY,29.8,44.1,0.0,1.84,4.27,1.8,0,Tomato (Vegetative),0.85,50.0,32.1,HEALTHY,0,0.0
2026-06-28 15:00:00,esp32-field-01,AUTUMN_MIXED,32.67,2306,33.98,66.02,HEALTHY,30.18,47.4,0.0,0.19,4.81,10.5,0,Tomato (Vegetative),0.85,50.0,32.1,HEALTHY,0,0.0
2026-06-28 16:00:00,esp32-field-01,AUTUMN_MIXED,32.62,2293,33.17,66.83,HEALTHY,30.08,51.5,0.0,1.55,4.46,6.2,0,Tomato (Vegetative),0.85,50.0,32.1,HEALTHY,0,0.0
2026-06-28 17:00:00,esp32-field-01,AUTUMN_MIXED,32.58,2254,33.88,66.12,HEALTHY,29.47,52.9,0.0,0.56,5.01,5.3,0,Tomato (Vegetative),0.85,50.0,32.1,HEALTHY,0,0.0
2026-06-28 18:00:00,esp32-field-01,AUTUMN_MIXED,32.58,2286,33.07,66.93,HEALTHY,27.91,55.9,0.0,0.64,4.74,0.7,0,Tomato (Vegetative),0.85,50.0,32.1,HEALTHY,0,0.0
2026-06-28 19:00:00,esp32-field-01,AUTUMN_MIXED,32.58,2307,32.67,67.33,HEALTHY,26.95,56.8,0.0,1.88,3.68,1.4,0,Tomato (Vegetative),0.85,50.0,32.1,HEALTHY,0,0.0
2026-06-28 20:00:00,esp32-field-01,AUTUMN_MIXED,32.57,2333,31.61,68.39,HEALTHY,24.35,57.8,0.0,1.15,3.6,1.3,0,Tomato (Vegetative),0.85,50.0,32.1,HEALTHY,0,0.0
2026-06-28 21:00:00,esp32-field-01,AUTUMN_MIXED,32.56,2326,32.26,67.74,HEALTHY,22.44,61.4,0.0,1.45,3.29,0.1,0,Tomato (Vegetative),0.85,50.0,32.1,HEALTHY,0,0.0
2026-06-28 22:00:00,esp32-field-01,AUTUMN_MIXED,32.56,2299,32.75,67.25,HEALTHY,21.76,66.2,0.0,0.77,3.42,8.7,0,Tomato (Vegetative),0.85,50.0,32.1,HEALTHY,0,0.0
2026-06-28 23:00:00,esp32-field-01,AUTUMN_MIXED,32.55,2294,32.7,67.3,HEALTHY,19.37,69.1,0.0,0.16,2.71,3.0,0,Tomato (Vegetative),0.85,50.0,32.0,HEALTHY,0,0.0
2026-06-29 00:00:00,esp32-field-01,AUTUMN_MIXED,32.55,2264,34.33,65.67,HEALTHY,19.45,72.9,0.0,2.23,2.6,2.0,0,Tomato (Vegetative),0.85,50.0,32.0,HEALTHY,0,0.0
2026-06-29 01:00:00,esp32-field-01,AUTUMN_MIXED,32.86,2313,32.33,67.67,HEALTHY,20.31,75.9,1.5,2.38,2.88,72.2,1,Tomato (Vegetative),0.85,50.0,35.0,HEALTHY,0,0.0
2026-06-29 02:00:00,esp32-field-01,AUTUMN_MIXED,32.86,2315,32.83,67.17,HEALTHY,20.29,72.3,0.0,4.84,2.87,1.7,0,Tomato (Vegetative),0.85,50.0,32.0,HEALTHY,0,0.0
2026-06-29 03:00:00,esp32-field-01,AUTUMN_MIXED,32.85,2308,32.63,67.37,HEALTHY,20.33,78.2,0.0,1.92,3.43,0.2,0,Tomato (Vegetative),0.85,50.0,32.0,HEALTHY,0,0.0
2026-06-29 04:00:00,esp32-field-01,AUTUMN_MIXED,32.85,2286,32.25,67.75,HEALTHY,19.9,67.3,0.0,0.06,3.19,2.4,0,Tomato (Vegetative),0.85,50.0,32.0,HEALTHY,0,0.0
2026-06-29 05:00:00,esp32-field-01,AUTUMN_MIXED,32.84,2288,34.06,65.94,HEALTHY,21.46,66.5,0.0,0.84,2.72,5.7,0,Tomato (Vegetative),0.85,50.0,32.0,HEALTHY,0,0.0
2026-06-29 06:00:00,esp32-field-01,AUTUMN_MIXED,32.83,2285,33.86,66.14,HEALTHY,23.14,67.5,0.0,0.14,3.43,0.3,0,Tomato (Vegetative),0.85,50.0,32.0,HEALTHY,0,0.0
2026-06-29 07:00:00,esp32-field-01,AUTUMN_MIXED,32.81,2277,32.91,67.09,HEALTHY,23.54,61.2,0.0,2.29,3.69,1.5,0,Tomato (Vegetative),0.85,50.0,32.0,HEALTHY,0,0.0
2026-06-29 08:00:00,esp32-field-01,AUTUMN_MIXED,32.76,2292,33.04,66.96,HEALTHY,25.4,59.6,0.0,0.41,3.96,8.3,0,Tomato (Vegetative),0.85,50.0,32.0,HEALTHY,0,0.0
2026-06-29 09:00:00,esp32-field-01,AUTUMN_MIXED,32.7,2275,33.19,66.81,HEALTHY,25.9,59.5,0.0,0.66,3.65,0.1,0,Tomato (Vegetative),0.85,50.0,31.9,HEALTHY,0,0.0
2026-06-29 10:00:00,esp32-field-01,AUTUMN_MIXED,32.6,2288,32.42,67.58,HEALTHY,28.62,56.4,0.0,0.39,4.35,3.2,0,Tomato (Vegetative),0.85,50.0,31.9,HEALTHY,0,0.0
2026-06-29 11:00:00,esp32-field-01,AUTUMN_MIXED,32.49,2288,33.34,66.66,HEALTHY,28.42,50.8,0.0,0.71,4.48,3.3,0,Tomato (Vegetative),0.85,50.0,31.9,HEALTHY,0,0.0
2026-06-29 12:00:00,esp32-field-01,AUTUMN_MIXED,32.37,2287,31.9,68.1,HEALTHY,29.71,46.0,0.0,1.84,4.88,1.3,0,Tomato (Vegetative),0.85,50.0,31.9,HEALTHY,0,0.0
2026-06-29 13:00:00,esp32-field-01,AUTUMN_MIXED,32.26,2303,31.96,68.04,HEALTHY,30.18,46.2,0.0,0.89,4.54,2.9,0,Tomato (Vegetative),0.85,50.0,31.9,HEALTHY,0,0.0
2026-06-29 14:00:00,esp32-field-01,AUTUMN_MIXED,32.66,2305,31.9,68.1,HEALTHY,29.25,47.7,2.3,4.6,4.25,80.8,1,Tomato (Vegetative),0.85,50.0,36.5,HEALTHY,0,0.0
2026-06-29 15:00:00,esp32-field-01,AUTUMN_MIXED,32.58,2310,32.29,67.71,HEALTHY,29.69,50.7,0.0,0.13,4.25,2.7,0,Tomato (Vegetative),0.85,50.0,31.9,HEALTHY,0,0.0
2026-06-29 16:00:00,esp32-field-01,AUTUMN_MIXED,32.53,2300,32.88,67.12,HEALTHY,29.6,50.9,0.0,1.66,4.15,2.2,0,Tomato (Vegetative),0.85,50.0,31.9,HEALTHY,0,0.0
2026-06-29 17:00:00,esp32-field-01,AUTUMN_MIXED,32.5,2286,32.5,67.5,HEALTHY,29.12,50.8,0.0,0.2,4.38,0.5,0,Tomato (Vegetative),0.85,50.0,31.9,HEALTHY,0,0.0
2026-06-29 18:00:00,esp32-field-01,AUTUMN_MIXED,32.5,2305,31.88,68.12,HEALTHY,26.69,51.8,0.0,2.52,4.03,3.3,0,Tomato (Vegetative),0.85,50.0,31.9,HEALTHY,0,0.0
2026-06-29 19:00:00,esp32-field-01,AUTUMN_MIXED,32.49,2289,32.75,67.25,HEALTHY,26.09,59.9,0.0,0.44,4.49,0.2,0,Tomato (Vegetative),0.85,50.0,31.9,HEALTHY,0,0.0
2026-06-29 20:00:00,esp32-field-01,AUTUMN_MIXED,32.49,2308,31.47,68.53,HEALTHY,26.16,60.3,0.0,3.62,3.94,0.1,0,Tomato (Vegetative),0.85,50.0,31.8,HEALTHY,0,0.0
2026-06-29 21:00:00,esp32-field-01,AUTUMN_MIXED,32.48,2292,32.96,67.04,HEALTHY,23.45,67.4,0.0,0.14,3.44,0.4,0,Tomato (Vegetative),0.85,50.0,31.8,HEALTHY,0,0.0
2026-06-29 22:00:00,esp32-field-01,AUTUMN_MIXED,32.48,2306,32.56,67.44,HEALTHY,22.03,65.9,0.0,3.81,3.07,1.0,0,Tomato (Vegetative),0.85,50.0,31.8,HEALTHY,0,0.0
2026-06-29 23:00:00,esp32-field-01,AUTUMN_MIXED,32.47,2278,32.19,67.81,HEALTHY,20.23,71.7,0.0,0.07,2.84,3.9,0,Tomato (Vegetative),0.85,50.0,31.8,HEALTHY,0,0.0
2026-06-30 00:00:00,esp32-field-01,AUTUMN_MIXED,32.47,2279,32.78,67.22,HEALTHY,20.68,75.0,0.0,0.52,2.8,2.5,0,Tomato (Vegetative),0.85,50.0,31.8,HEALTHY,0,0.0
2026-06-30 01:00:00,esp32-field-01,AUTUMN_MIXED,32.46,2275,33.47,66.53,HEALTHY,20.3,73.4,0.0,1.44,3.13,8.5,0,Tomato (Vegetative),0.85,50.0,31.8,HEALTHY,0,0.0
2026-06-30 02:00:00,esp32-field-01,AUTUMN_MIXED,32.46,2312,31.38,68.62,HEALTHY,19.67,72.4,0.0,0.79,2.91,3.5,0,Tomato (Vegetative),0.85,50.0,31.8,HEALTHY,0,0.0
2026-06-30 03:00:00,esp32-field-01,AUTUMN_MIXED,32.45,2304,32.23,67.77,HEALTHY,19.02,72.3,0.0,3.49,3.19,0.3,0,Tomato (Vegetative),0.85,50.0,31.8,HEALTHY,0,0.0
2026-06-30 04:00:00,esp32-field-01,AUTUMN_MIXED,32.44,2266,33.01,66.99,HEALTHY,19.86,70.2,0.0,0.07,3.41,3.6,0,Tomato (Vegetative),0.85,50.0,31.8,HEALTHY,0,0.0
2026-06-30 05:00:00,esp32-field-01,AUTUMN_MIXED,32.44,2300,31.9,68.1,HEALTHY,22.69,70.8,0.0,2.76,3.52,8.4,0,Tomato (Vegetative),0.85,50.0,31.8,HEALTHY,0,0.0
2026-06-30 06:00:00,esp32-field-01,AUTUMN_MIXED,32.43,2283,32.71,67.29,HEALTHY,20.26,63.9,0.0,0.4,3.09,0.1,0,Tomato (Vegetative),0.85,50.0,31.7,HEALTHY,0,0.0
2026-06-30 07:00:00,esp32-field-01,AUTUMN_MIXED,32.41,2311,32.86,67.14,HEALTHY,23.1,62.0,0.0,1.24,3.89,3.6,0,Tomato (Vegetative),0.85,50.0,31.7,HEALTHY,0,0.0
2026-06-30 08:00:00,esp32-field-01,AUTUMN_MIXED,32.37,2268,33.12,66.88,HEALTHY,23.88,61.7,0.0,0.45,3.35,2.0,0,Tomato (Vegetative),0.85,50.0,31.7,HEALTHY,0,0.0
2026-06-30 09:00:00,esp32-field-01,AUTUMN_MIXED,32.3,2280,33.5,66.5,HEALTHY,26.11,55.2,0.0,1.96,3.9,3.1,0,Tomato (Vegetative),0.85,50.0,31.7,HEALTHY,0,0.0
2026-06-30 10:00:00,esp32-field-01,AUTUMN_MIXED,32.19,2312,32.34,67.66,HEALTHY,27.71,51.3,0.0,0.56,4.71,1.9,0,Tomato (Vegetative),0.85,50.0,31.7,HEALTHY,0,0.0
2026-06-30 11:00:00,esp32-field-01,AUTUMN_MIXED,32.09,2290,32.45,67.55,HEALTHY,29.4,50.1,0.0,6.5,4.29,1.0,0,Tomato (Vegetative),0.85,50.0,31.7,HEALTHY,0,0.0
2026-06-30 12:00:00,esp32-field-01,AUTUMN_MIXED,31.99,2302,31.26,68.74,HEALTHY,29.67,50.4,0.0,0.15,4.1,0.1,0,Tomato (Vegetative),0.85,50.0,31.7,HEALTHY,0,0.0
2026-06-30 13:00:00,esp32-field-01,AUTUMN_MIXED,31.89,2310,31.83,68.17,HEALTHY,30.62,47.6,0.0,3.87,4.2,0.0,0,Tomato (Vegetative),0.85,50.0,31.7,HEALTHY,0,0.0
2026-06-30 14:00:00,esp32-field-01,AUTUMN_MIXED,32.48,2305,31.86,68.14,HEALTHY,31.27,44.4,3.3,5.12,5.05,75.7,1,Tomato (Vegetative),0.85,50.0,38.3,HEALTHY,0,0.0
2026-06-30 15:00:00,esp32-field-01,AUTUMN_MIXED,32.39,2306,32.81,67.19,HEALTHY,30.75,49.0,0.0,1.45,4.79,1.6,0,Tomato (Vegetative),0.85,50.0,31.6,HEALTHY,0,0.0
2026-06-30 16:00:00,esp32-field-01,AUTUMN_MIXED,32.33,2280,33.16,66.84,HEALTHY,30.47,48.4,0.0,0.98,4.69,0.3,0,Tomato (Vegetative),0.85,50.0,31.6,HEALTHY,0,0.0
2026-06-30 17:00:00,esp32-field-01,AUTUMN_MIXED,32.31,2315,31.25,68.75,HEALTHY,29.16,46.9,0.0,1.29,4.11,1.0,0,Tomato (Vegetative),0.85,50.0,31.6,HEALTHY,0,0.0
2026-06-30 18:00:00,esp32-field-01,AUTUMN_MIXED,32.31,2308,30.75,69.25,HEALTHY,27.73,48.7,0.0,0.55,4.5,13.6,0,Tomato (Vegetative),0.85,50.0,31.6,HEALTHY,0,0.0
2026-06-30 19:00:00,esp32-field-01,AUTUMN_MIXED,32.3,2284,33.8,66.2,HEALTHY,28.12,55.4,0.0,2.11,4.59,0.8,0,Tomato (Vegetative),0.85,50.0,31.6,HEALTHY,0,0.0
2026-06-30 20:00:00,esp32-field-01,AUTUMN_MIXED,32.29,2291,32.79,67.21,HEALTHY,23.87,62.9,0.0,0.67,3.68,5.2,0,Tomato (Vegetative),0.85,50.0,31.6,HEALTHY,0,0.0
2026-06-30 21:00:00,esp32-field-01,AUTUMN_MIXED,32.37,2315,30.97,69.03,HEALTHY,24.06,64.4,0.4,0.91,3.81,72.8,1,Tomato (Vegetative),0.85,50.0,32.4,HEALTHY,0,0.0
2026-06-30 22:00:00,esp32-field-01,AUTUMN_MIXED,32.37,2288,32.31,67.69,HEALTHY,21.39,66.9,0.0,0.06,3.6,1.1,0,Tomato (Vegetative),0.85,50.0,31.6,HEALTHY,0,0.0
2026-06-30 23:00:00,esp32-field-01,AUTUMN_MIXED,32.36,2275,33.16,66.84,HEALTHY,20.1,66.6,0.0,0.81,3.1,5.1,0,Tomato (Vegetative),0.85,50.0,31.6,HEALTHY,0,0.0
2026-07-01 00:00:00,esp32-field-01,AUTUMN_MIXED,32.35,2331,31.06,68.94,HEALTHY,20.45,69.7,0.0,0.98,2.86,1.3,0,Tomato (Vegetative),0.85,50.0,31.6,HEALTHY,0,0.0
2026-07-01 01:00:00,esp32-field-01,AUTUMN_MIXED,32.35,2297,31.88,68.12,HEALTHY,21.25,74.1,0.0,0.26,3.44,5.9,0,Tomato (Vegetative),0.85,50.0,31.5,HEALTHY,0,0.0
2026-07-01 02:00:00,esp32-field-01,AUTUMN_MIXED,32.34,2299,32.31,67.69,HEALTHY,19.31,75.9,0.0,2.06,2.88,1.2,0,Tomato (Vegetative),0.85,50.0,31.5,HEALTHY,0,0.0
2026-07-01 03:00:00,esp32-field-01,AUTUMN_MIXED,32.34,2300,31.44,68.56,HEALTHY,20.95,76.8,0.0,0.56,3.03,10.9,0,Tomato (Vegetative),0.85,50.0,31.5,HEALTHY,0,0.0
2026-07-01 04:00:00,esp32-field-01,AUTUMN_MIXED,32.33,2305,32.31,67.69,HEALTHY,20.73,71.9,0.0,1.49,3.52,3.0,0,Tomato (Vegetative),0.85,50.0,31.5,HEALTHY,0,0.0
2026-07-01 05:00:00,esp32-field-01,AUTUMN_MIXED,32.33,2302,32.07,67.93,HEALTHY,20.59,69.3,0.0,1.4,3.07,2.4,0,Tomato (Vegetative),0.85,50.0,31.5,HEALTHY,0,0.0
2026-07-01 06:00:00,esp32-field-01,AUTUMN_MIXED,32.32,2310,32.07,67.93,HEALTHY,24.12,66.6,0.0,0.04,3.72,1.7,0,Tomato (Vegetative),0.85,50.0,31.5,HEALTHY,0,0.0
2026-07-01 07:00:00,esp32-field-01,AUTUMN_MIXED,32.3,2304,32.45,67.55,HEALTHY,23.67,61.1,0.0,1.45,3.58,1.8,0,Tomato (Vegetative),0.85,50.0,31.5,HEALTHY,0,0.0
2026-07-01 08:00:00,esp32-field-01,AUTUMN_MIXED,32.25,2319,32.15,67.85,HEALTHY,24.62,60.0,0.0,0.27,3.69,3.6,0,Tomato (Vegetative),0.85,50.0,31.5,HEALTHY,0,0.0
2026-07-01 09:00:00,esp32-field-01,AUTUMN_MIXED,32.19,2302,32.77,67.23,HEALTHY,26.17,55.6,0.0,0.39,3.64,2.0,0,Tomato (Vegetative),0.85,50.0,31.5,HEALTHY,0,0.0
2026-07-01 10:00:00,esp32-field-01,AUTUMN_MIXED,32.1,2291,31.57,68.43,HEALTHY,27.66,52.2,0.0,0.63,4.11,2.2,0,Tomato (Vegetative),0.85,50.0,31.5,HEALTHY,0,0.0
2026-07-01 11:00:00,esp32-field-01,AUTUMN_MIXED,31.99,2316,31.98,68.02,HEALTHY,29.06,49.1,0.0,0.23,4.57,2.5,0,Tomato (Vegetative),0.85,50.0,31.4,HEALTHY,0,0.0
2026-07-01 12:00:00,esp32-field-01,AUTUMN_MIXED,31.86,2282,32.46,67.54,HEALTHY,30.18,48.9,0.0,1.48,5.19,8.6,0,Tomato (Vegetative),0.85,50.0,31.4,HEALTHY,0,0.0
2026-07-01 13:00:00,esp32-field-01,AUTUMN_MIXED,31.74,2299,32.73,67.27,HEALTHY,30.39,53.8,0.0,0.79,4.83,3.9,0,Tomato (Vegetative),0.85,50.0,31.4,HEALTHY,0,0.0
2026-07-01 14:00:00,esp32-field-01,AUTUMN_MIXED,31.64,2345,29.98,70.02,HEALTHY,30.46,45.0,0.0,3.36,4.69,6.0,0,Tomato (Vegetative),0.85,50.0,31.4,HEALTHY,0,0.0
2026-07-01 15:00:00,esp32-field-01,AUTUMN_MIXED,31.55,2308,31.0,69.0,HEALTHY,30.1,47.7,0.0,2.44,4.82,0.3,0,Tomato (Vegetative),0.85,50.0,31.4,HEALTHY,0,0.0
2026-07-01 16:00:00,esp32-field-01,AUTUMN_MIXED,31.49,2327,30.66,69.34,HEALTHY,30.23,46.4,0.0,0.32,4.7,4.3,0,Tomato (Vegetative),0.85,50.0,31.4,HEALTHY,0,0.0
2026-07-01 17:00:00,esp32-field-01,AUTUMN_MIXED,31.47,2336,30.66,69.34,HEALTHY,28.91,46.5,0.0,1.8,4.31,4.1,0,Tomato (Vegetative),0.85,50.0,31.4,HEALTHY,0,0.0
2026-07-01 18:00:00,esp32-field-01,AUTUMN_MIXED,31.47,2316,31.09,68.91,HEALTHY,28.74,55.5,0.0,2.03,4.37,2.2,0,Tomato (Vegetative),0.85,50.0,31.4,HEALTHY,0,0.0
2026-07-01 19:00:00,esp32-field-01,AUTUMN_MIXED,31.46,2290,31.91,68.09,HEALTHY,27.29,57.7,0.0,2.79,4.13,6.0,0,Tomato (Vegetative),0.85,50.0,31.4,HEALTHY,0,0.0
2026-07-01 20:00:00,esp32-field-01,AUTUMN_MIXED,31.45,2331,31.06,68.94,HEALTHY,25.55,60.7,0.0,2.18,4.23,3.3,0,Tomato (Vegetative),0.85,50.0,31.4,HEALTHY,0,0.0
2026-07-01 21:00:00,esp32-field-01,AUTUMN_MIXED,31.44,2338,30.35,69.65,HEALTHY,24.39,63.6,0.0,3.43,3.62,0.0,0,Tomato (Vegetative),0.85,50.0,31.4,HEALTHY,0,0.0
2026-07-01 22:00:00,esp32-field-01,AUTUMN_MIXED,31.44,2282,32.05,67.95,HEALTHY,21.89,67.4,0.0,2.14,3.3,3.5,0,Tomato (Vegetative),0.85,50.0,31.3,HEALTHY,0,0.0
2026-07-01 23:00:00,esp32-field-01,AUTUMN_MIXED,31.43,2297,31.24,68.76,HEALTHY,21.35,72.6,0.0,0.05,3.34,2.0,0,Tomato (Vegetative),0.85,50.0,31.3,HEALTHY,0,0.0
2026-07-02 00:00:00,esp32-field-01,AUTUMN_MIXED,31.43,2340,30.75,69.25,HEALTHY,21.61,73.2,0.0,0.29,2.88,7.5,0,Tomato (Vegetative),0.85,50.0,31.3,HEALTHY,0,0.0
2026-07-02 01:00:00,esp32-field-01,AUTUMN_MIXED,31.42,2293,32.04,67.96,HEALTHY,20.76,74.1,0.0,1.93,2.93,6.1,0,Tomato (Vegetative),0.85,50.0,31.3,HEALTHY,0,0.0
2026-07-02 02:00:00,esp32-field-01,AUTUMN_MIXED,31.42,2312,31.39,68.61,HEALTHY,20.15,70.8,0.0,0.82,2.64,0.4,0,Tomato (Vegetative),0.85,50.0,31.3,HEALTHY,0,0.0
2026-07-02 03:00:00,esp32-field-01,AUTUMN_MIXED,31.41,2342,30.36,69.64,HEALTHY,19.65,68.7,0.0,2.23,3.54,18.4,0,Tomato (Vegetative),0.85,50.0,31.3,HEALTHY,0,0.0
2026-07-02 04:00:00,esp32-field-01,AUTUMN_MIXED,31.41,2316,31.66,68.34,HEALTHY,19.67,73.7,0.0,0.02,2.97,3.4,0,Tomato (Vegetative),0.85,50.0,31.3,HEALTHY,0,0.0
2026-07-02 05:00:00,esp32-field-01,AUTUMN_MIXED,31.4,2306,31.1,68.9,HEALTHY,20.96,69.5,0.0,2.77,3.22,7.7,0,Tomato (Vegetative),0.85,50.0,31.3,HEALTHY,0,0.0
2026-07-02 06:00:00,esp32-field-01,AUTUMN_MIXED,31.39,2329,31.43,68.57,HEALTHY,21.18,68.6,0.0,1.49,3.2,5.0,0,Tomato (Vegetative),0.85,50.0,31.3,HEALTHY,0,0.0
2026-07-02 07:00:00,esp32-field-01,AUTUMN_MIXED,31.37,2323,31.15,68.85,HEALTHY,23.95,64.1,0.0,4.22,3.52,1.5,0,Tomato (Vegetative),0.85,50.0,31.2,HEALTHY,0,0.0
2026-07-02 08:00:00,esp32-field-01,AUTUMN_MIXED,31.32,2307,31.87,68.13,HEALTHY,24.18,57.8,0.0,1.61,3.82,1.4,0,Tomato (Vegetative),0.85,50.0,31.2,HEALTHY,0,0.0
2026-07-02 09:00:00,esp32-field-01,AUTUMN_MIXED,31.25,2338,31.05,68.95,HEALTHY,26.54,52.9,0.0,0.74,4.4,5.4,0,Tomato (Vegetative),0.85,50.0,31.2,HEALTHY,0,0.0
2026-07-02 10:00:00,esp32-field-01,AUTUMN_MIXED,31.14,2326,30.43,69.57,HEALTHY,27.35,51.4,0.0,1.0,4.81,0.6,0,Tomato (Vegetative),0.85,50.0,31.2,HEALTHY,0,0.0
2026-07-02 11:00:00,esp32-field-01,AUTUMN_MIXED,31.03,2311,31.37,68.63,HEALTHY,29.94,51.4,0.0,1.49,4.47,1.4,0,Tomato (Vegetative),0.85,50.0,31.2,HEALTHY,0,0.0
2026-07-02 12:00:00,esp32-field-01,AUTUMN_MIXED,30.92,2332,31.57,68.43,HEALTHY,30.22,51.8,0.0,0.51,4.57,4.4,0,Tomato (Vegetative),0.85,50.0,31.2,HEALTHY,0,0.0
2026-07-02 13:00:00,esp32-field-01,AUTUMN_MIXED,30.81,4095,0.0,0.0,FAULT,29.25,44.0,0.0,1.02,4.46,0.8,0,Tomato (Vegetative),0.85,50.0,31.2,HEALTHY,0,0.0
2026-07-02 14:00:00,esp32-field-01,AUTUMN_MIXED,30.71,2327,30.95,69.05,HEALTHY,30.72,47.4,0.0,0.75,4.6,5.0,0,Tomato (Vegetative),0.85,50.0,31.2,HEALTHY,0,0.0
2026-07-02 15:00:00,esp32-field-01,AUTUMN_MIXED,30.89,2318,31.91,68.09,HEALTHY,30.39,46.1,1.2,2.97,4.57,70.0,1,Tomato (Vegetative),0.85,50.0,33.6,HEALTHY,0,0.0
2026-07-02 16:00:00,esp32-field-01,AUTUMN_MIXED,30.83,2349,30.49,69.51,HEALTHY,29.96,47.0,0.0,1.48,4.38,5.9,0,Tomato (Vegetative),0.85,50.0,31.2,HEALTHY,0,0.0
2026-07-02 17:00:00,esp32-field-01,AUTUMN_MIXED,30.8,2322,30.63,69.37,HEALTHY,30.12,47.5,0.0,1.4,4.51,2.2,0,Tomato (Vegetative),0.85,50.0,31.1,HEALTHY,0,0.0
2026-07-02 18:00:00,esp32-field-01,AUTUMN_MIXED,30.8,2306,32.35,67.65,HEALTHY,29.05,53.5,0.0,2.31,4.67,5.5,0,Tomato (Vegetative),0.85,50.0,31.1,HEALTHY,0,0.0
2026-07-02 19:00:00,esp32-field-01,AUTUMN_MIXED,31.28,2335,30.57,69.43,HEALTHY,25.68,58.4,2.3,6.6,3.87,70.3,1,Tomato (Vegetative),0.85,50.0,35.7,HEALTHY,0,0.0
2026-07-02 20:00:00,esp32-field-01,AUTUMN_MIXED,31.28,2321,30.07,69.93,HEALTHY,25.03,59.4,0.0,0.63,3.35,0.9,0,Tomato (Vegetative),0.85,50.0,31.1,HEALTHY,0,0.0
2026-07-02 21:00:00,esp32-field-01,AUTUMN_MIXED,31.27,2334,31.08,68.92,HEALTHY,23.53,64.1,0.0,0.41,3.75,5.2,0,Tomato (Vegetative),0.85,50.0,31.1,HEALTHY,0,0.0
2026-07-02 22:00:00,esp32-field-01,AUTUMN_MIXED,32.35,2248,33.99,66.01,HEALTHY,23.44,61.9,5.1,12.37,3.59,91.8,1,Tomato (Vegetative),0.85,50.0,41.3,HEALTHY,0,0.0
2026-07-02 23:00:00,esp32-field-01,AUTUMN_MIXED,32.34,2288,33.35,66.65,HEALTHY,21.01,69.2,0.0,4.18,3.07,7.5,0,Tomato (Vegetative),0.85,50.0,31.1,HEALTHY,0,0.0
2026-07-03 00:00:00,esp32-field-01,AUTUMN_MIXED,32.34,2301,32.18,67.82,HEALTHY,20.59,74.7,0.0,1.47,3.39,1.5,0,Tomato (Vegetative),0.85,50.0,31.1,HEALTHY,0,0.0
2026-07-03 01:00:00,esp32-field-01,AUTUMN_MIXED,32.33,2294,31.98,68.02,HEALTHY,20.18,75.5,0.0,1.4,3.06,1.6,0,Tomato (Vegetative),0.85,50.0,31.1,HEALTHY,0,0.0
2026-07-03 02:00:00,esp32-field-01,AUTUMN_MIXED,32.33,2326,31.92,68.08,HEALTHY,18.22,75.3,0.0,0.53,3.05,0.8,0,Tomato (Vegetative),0.85,50.0,31.1,HEALTHY,0,0.0
2026-07-03 03:00:00,esp32-field-01,AUTUMN_MIXED,32.32,2307,31.55,68.45,HEALTHY,19.55,74.7,0.0,5.09,2.79,2.3,0,Tomato (Vegetative),0.85,50.0,31.0,HEALTHY,0,0.0
2026-07-03 04:00:00,esp32-field-01,AUTUMN_MIXED,32.32,2309,31.96,68.04,HEALTHY,19.42,72.7,0.0,1.72,2.81,0.5,0,Tomato (Vegetative),0.85,50.0,31.0,HEALTHY,0,0.0
2026-07-03 05:00:00,esp32-field-01,AUTUMN_MIXED,32.31,2314,31.43,68.57,HEALTHY,20.89,71.0,0.0,0.29,3.19,0.8,0,Tomato (Vegetative),0.85,50.0,31.0,HEALTHY,0,0.0
2026-07-03 06:00:00,esp32-field-01,AUTUMN_MIXED,32.3,2330,31.32,68.68,HEALTHY,22.47,70.5,0.0,0.14,3.54,2.8,0,Tomato (Vegetative),0.85,50.0,31.0,HEALTHY,0,0.0
2026-07-03 07:00:00,esp32-field-01,AUTUMN_MIXED,32.28,2311,31.92,68.08,HEALTHY,23.97,60.9,0.0,0.44,3.53,2.2,0,Tomato (Vegetative),0.85,50.0,31.0,HEALTHY,0,0.0
2026-07-03 08:00:00,esp32-field-01,AUTUMN_MIXED,32.23,2318,31.47,68.53,HEALTHY,24.2,60.0,0.0,0.85,4.07,3.2,0,Tomato (Vegetative),0.85,50.0,31.0,HEALTHY,0,0.0
2026-07-03 09:00:00,esp32-field-01,AUTUMN_MIXED,32.16,2339,30.8,69.2,HEALTHY,26.7,58.8,0.0,0.07,4.06,1.6,0,Tomato (Vegetative),0.85,50.0,31.0,HEALTHY,0,0.0
2026-07-03 10:00:00,esp32-field-01,AUTUMN_MIXED,32.06,2301,32.82,67.18,HEALTHY,28.24,54.6,0.0,2.3,4.38,3.5,0,Tomato (Vegetative),0.85,50.0,31.0,HEALTHY,0,0.0
2026-07-03 11:00:00,esp32-field-01,AUTUMN_MIXED,31.95,2289,33.44,66.56,HEALTHY,29.16,49.1,0.0,0.54,4.51,2.0,0,Tomato (Vegetative),0.85,50.0,31.0,HEALTHY,0,0.0
2026-07-03 12:00:00,esp32-field-01,AUTUMN_MIXED,31.83,2352,30.16,69.84,HEALTHY,29.3,49.4,0.0,1.84,5.03,4.0,0,Tomato (Vegetative),0.85,50.0,31.0,HEALTHY,0,0.0
2026-07-03 13:00:00,esp32-field-01,AUTUMN_MIXED,31.71,2306,32.64,67.36,HEALTHY,32.43,45.7,0.0,4.93,4.73,1.3,0,Tomato (Vegetative),0.85,50.0,30.9,HEALTHY,0,0.0
2026-07-03 14:00:00,esp32-field-01,AUTUMN_MIXED,31.61,2325,31.01,68.99,HEALTHY,30.65,47.1,0.0,0.85,4.64,14.8,0,Tomato (Vegetative),0.85,50.0,30.9,HEALTHY,0,0.0
2026-07-03 15:00:00,esp32-field-01,AUTUMN_MIXED,31.53,2313,30.08,69.92,HEALTHY,30.94,49.0,0.0,1.02,4.65,1.2,0,Tomato (Vegetative),0.85,50.0,30.9,HEALTHY,0,0.0
2026-07-03 16:00:00,esp32-field-01,AUTUMN_MIXED,31.48,2305,32.23,67.77,HEALTHY,29.41,48.5,0.0,0.96,4.42,3.9,0,Tomato (Vegetative),0.85,50.0,30.9,HEALTHY,0,0.0
2026-07-03 17:00:00,esp32-field-01,AUTUMN_MIXED,31.45,2344,31.02,68.98,HEALTHY,27.93,48.8,0.0,1.2,4.06,6.7,0,Tomato (Vegetative),0.85,50.0,30.9,HEALTHY,0,0.0
2026-07-03 18:00:00,esp32-field-01,AUTUMN_MIXED,31.45,2287,32.42,67.58,HEALTHY,26.28,49.6,0.0,0.05,3.7,3.7,0,Tomato (Vegetative),0.85,50.0,30.9,HEALTHY,0,0.0
2026-07-03 19:00:00,esp32-field-01,AUTUMN_MIXED,31.44,2316,31.29,68.71,HEALTHY,27.05,54.2,0.0,0.99,4.04,0.3,0,Tomato (Vegetative),0.85,50.0,30.9,HEALTHY,0,0.0
2026-07-03 20:00:00,esp32-field-01,AUTUMN_MIXED,31.44,2290,32.35,67.65,HEALTHY,24.5,59.5,0.0,4.83,3.94,8.5,0,Tomato (Vegetative),0.85,50.0,30.9,HEALTHY,0,0.0
2026-07-03 21:00:00,esp32-field-01,AUTUMN_MIXED,33.13,2296,33.78,66.22,HEALTHY,23.31,63.2,8.0,14.6,3.85,94.3,1,Tomato (Vegetative),0.85,50.0,46.9,HEALTHY,0,0.0
2026-07-03 22:00:00,esp32-field-01,AUTUMN_MIXED,33.12,2302,31.15,68.85,HEALTHY,22.71,65.6,0.0,2.29,3.11,5.7,0,Tomato (Vegetative),0.85,50.0,30.9,HEALTHY,0,0.0
2026-07-03 23:00:00,esp32-field-01,AUTUMN_MIXED,33.12,2306,32.96,67.04,HEALTHY,21.09,72.7,0.0,4.9,3.82,0.7,0,Tomato (Vegetative),0.85,50.0,30.9,HEALTHY,0,0.0
2026-07-04 00:00:00,esp32-field-01,AUTUMN_MIXED,33.11,2268,32.98,67.02,HEALTHY,19.56,72.4,0.0,5.19,3.08,2.7,0,Tomato (Vegetative),0.85,50.0,30.8,HEALTHY,0,0.0
2026-07-04 01:00:00,esp32-field-01,AUTUMN_MIXED,33.11,2302,33.26,66.74,HEALTHY,20.31,73.7,0.0,1.81,3.09,0.3,0,Tomato (Vegetative),0.85,50.0,30.8,HEALTHY,0,0.0
2026-07-04 02:00:00,esp32-field-01,AUTUMN_MIXED,33.1,2299,33.42,66.58,HEALTHY,19.1,73.0,0.0,2.31,2.56,4.7,0,Tomato (Vegetative),0.85,50.0,30.8,HEALTHY,0,0.0
2026-07-04 03:00:00,esp32-field-01,AUTUMN_MIXED,33.1,2269,33.32,66.68,HEALTHY,19.53,76.4,0.0,0.77,3.09,11.4,0,Tomato (Vegetative),0.85,50.0,30.8,HEALTHY,0,0.0
2026-07-04 04:00:00,esp32-field-01,AUTUMN_MIXED,33.09,2275,33.99,66.01,HEALTHY,20.05,77.7,0.0,0.75,3.25,2.8,0,Tomato (Vegetative),0.85,50.0,30.8,HEALTHY,0,0.0
2026-07-04 05:00:00,esp32-field-01,AUTUMN_MIXED,33.08,2284,32.42,67.58,HEALTHY,20.49,71.3,0.0,1.7,2.89,2.2,0,Tomato (Vegetative),0.85,50.0,30.8,HEALTHY,0,0.0
2026-07-04 06:00:00,esp32-field-01,AUTUMN_MIXED,33.08,2287,33.2,66.8,HEALTHY,22.85,67.0,0.0,0.3,2.98,0.9,0,Tomato (Vegetative),0.85,50.0,30.8,HEALTHY,0,0.0
2026-07-04 07:00:00,esp32-field-01,AUTUMN_MIXED,33.06,2299,32.74,67.26,HEALTHY,22.26,68.3,0.0,1.78,3.61,2.6,0,Tomato (Vegetative),0.85,50.0,30.8,HEALTHY,0,0.0
2026-07-04 08:00:00,esp32-field-01,AUTUMN_MIXED,33.01,2305,32.73,67.27,HEALTHY,24.88,60.0,0.0,2.88,3.95,7.0,0,Tomato (Vegetative),0.85,50.0,30.8,HEALTHY,0,0.0
2026-07-04 09:00:00,esp32-field-01,AUTUMN_MIXED,32.94,2300,33.09,66.91,HEALTHY,26.41,54.5,0.0,5.54,3.84,0.3,0,Tomato (Vegetative),0.85,50.0,30.8,HEALTHY,0,0.0
2026-07-04 10:00:00,esp32-field-01,AUTUMN_MIXED,32.85,2292,32.45,67.55,HEALTHY,28.1,56.4,0.0,1.04,4.24,0.7,0,Tomato (Vegetative),0.85,50.0,30.7,HEALTHY,0,0.0
2026-07-04 11:00:00,esp32-field-01,AUTUMN_MIXED,32.74,2304,33.07,66.93,HEALTHY,28.74,46.8,0.0,2.46,4.44,0.5,0,Tomato (Vegetative),0.85,50.0,30.7,HEALTHY,0,0.0
2026-07-04 12:00:00,esp32-field-01,AUTUMN_MIXED,32.64,2297,32.18,67.82,HEALTHY,28.92,51.3,0.0,0.88,3.79,5.4,0,Tomato (Vegetative),0.85,50.0,30.7,HEALTHY,0,0.0
2026-07-04 13:00:00,esp32-field-01,AUTUMN_MIXED,34.0,2254,33.83,66.17,HEALTHY,29.87,48.8,6.9,12.05,4.56,80.8,1,Tomato (Vegetative),0.85,50.0,44.5,HEALTHY,0,0.0
2026-07-04 14:00:00,esp32-field-01,AUTUMN_MIXED,33.9,2250,34.78,65.22,HEALTHY,30.44,52.6,0.0,1.39,4.84,1.0,0,Tomato (Vegetative),0.85,50.0,30.7,HEALTHY,0,0.0
2026-07-04 15:00:00,esp32-field-01,AUTUMN_MIXED,33.81,2271,34.69,65.31,HEALTHY,31.51,47.1,0.0,0.01,4.62,3.0,0,Tomato (Vegetative),0.85,50.0,30.7,HEALTHY,0,0.0
2026-07-04 16:00:00,esp32-field-01,AUTUMN_MIXED,33.75,2272,33.45,66.55,HEALTHY,29.4,49.5,0.0,0.11,4.79,15.5,0,Tomato (Vegetative),0.85,50.0,30.7,HEALTHY,0,0.0
2026-07-04 17:00:00,esp32-field-01,AUTUMN_MIXED,33.73,2258,34.88,65.12,HEALTHY,28.45,49.1,0.0,0.45,4.29,1.2,0,Tomato (Vegetative),0.85,50.0,30.7,HEALTHY,0,0.0
2026-07-04 18:00:00,esp32-field-01,AUTUMN_MIXED,33.73,2309,32.57,67.43,HEALTHY,27.52,57.0,0.0,0.48,4.11,1.9,0,Tomato (Vegetative),0.85,50.0,30.7,HEALTHY,0,0.0
2026-07-04 19:00:00,esp32-field-01,AUTUMN_MIXED,33.72,2267,33.66,66.34,HEALTHY,25.69,57.2,0.0,0.2,4.21,1.2,0,Tomato (Vegetative),0.85,50.0,30.6,HEALTHY,0,0.0
2026-07-04 20:00:00,esp32-field-01,AUTUMN_MIXED,34.05,2273,34.0,66.0,HEALTHY,24.63,56.3,1.6,4.85,3.4,79.7,1,Tomato (Vegetative),0.85,50.0,33.8,HEALTHY,0,0.0
2026-07-04 21:00:00,esp32-field-01,AUTUMN_MIXED,34.05,2280,33.39,66.61,HEALTHY,23.39,66.1,0.0,1.57,3.8,0.8,0,Tomato (Vegetative),0.85,50.0,30.6,HEALTHY,0,0.0
2026-07-04 22:00:00,esp32-field-01,AUTUMN_MIXED,34.04,2305,32.33,67.67,HEALTHY,23.36,67.6,0.0,2.08,3.54,4.5,0,Tomato (Vegetative),0.85,50.0,30.6,HEALTHY,0,0.0
2026-07-04 23:00:00,esp32-field-01,AUTUMN_MIXED,34.03,2259,35.06,64.94,HEALTHY,21.48,75.3,0.0,0.45,3.09,2.1,0,Tomato (Vegetative),0.85,50.0,30.6,HEALTHY,0,0.0
2026-07-05 00:00:00,esp32-field-01,AUTUMN_MIXED,34.03,2286,33.85,66.15,HEALTHY,21.89,67.6,0.0,1.53,3.79,0.4,0,Tomato (Vegetative),0.85,50.0,30.6,HEALTHY,0,0.0
2026-07-05 01:00:00,esp32-field-01,AUTUMN_MIXED,34.02,2280,33.51,66.49,HEALTHY,19.25,79.6,0.0,2.24,2.96,2.4,0,Tomato (Vegetative),0.85,50.0,30.6,HEALTHY,0,0.0
2026-07-05 02:00:00,esp32-field-01,AUTUMN_MIXED,34.02,2244,34.34,65.66,HEALTHY,19.45,69.8,0.0,0.68,3.0,4.6,0,Tomato (Vegetative),0.85,50.0,30.6,HEALTHY,0,0.0
2026-07-05 03:00:00,esp32-field-01,AUTUMN_MIXED,34.01,2288,32.49,67.51,HEALTHY,20.02,74.7,0.0,2.11,2.93,0.5,0,Tomato (Vegetative),0.85,50.0,30.6,HEALTHY,0,0.0
2026-07-05 04:00:00,esp32-field-01,AUTUMN_MIXED,34.01,2287,33.03,66.97,HEALTHY,19.99,72.8,0.0,0.33,2.61,1.1,0,Tomato (Vegetative),0.85,50.0,30.6,HEALTHY,0,0.0
2026-07-05 05:00:00,esp32-field-01,AUTUMN_MIXED,34.0,2264,34.52,65.48,HEALTHY,21.13,70.4,0.0,2.51,3.05,2.1,0,Tomato (Vegetative),0.85,50.0,30.5,HEALTHY,0,0.0
2026-07-05 06:00:00,esp32-field-01,AUTUMN_MIXED,34.0,2283,34.16,65.84,HEALTHY,21.45,62.3,0.0,0.92,3.14,2.4,0,Tomato (Vegetative),0.85,50.0,30.5,HEALTHY,0,0.0
2026-07-05 07:00:00,esp32-field-01,AUTUMN_MIXED,33.97,2278,33.31,66.69,HEALTHY,23.75,62.0,0.0,1.05,3.77,13.5,0,Tomato (Vegetative),0.85,50.0,30.5,HEALTHY,0,0.0
2026-07-05 08:00:00,esp32-field-01,AUTUMN_MIXED,33.92,2291,32.7,67.3,HEALTHY,25.73,58.1,0.0,0.6,3.77,13.1,0,Tomato (Vegetative),0.85,50.0,30.5,HEALTHY,0,0.0
2026-07-05 09:00:00,esp32-field-01,AUTUMN_MIXED,33.84,2255,33.9,66.1,HEALTHY,27.65,56.6,0.0,1.73,4.59,3.6,0,Tomato (Vegetative),0.85,50.0,30.5,HEALTHY,0,0.0
2026-07-05 10:00:00,esp32-field-01,AUTUMN_MIXED,33.74,2265,34.99,65.01,HEALTHY,27.89,53.4,0.0,1.74,4.97,0.4,0,Tomato (Vegetative),0.85,50.0,30.5,HEALTHY,0,0.0
2026-07-05 11:00:00,esp32-field-01,AUTUMN_MIXED,33.63,2284,33.22,66.78,HEALTHY,29.42,50.6,0.0,1.71,4.2,0.4,0,Tomato (Vegetative),0.85,50.0,30.5,HEALTHY,0,0.0
2026-07-05 12:00:00,esp32-field-01,AUTUMN_MIXED,33.53,2285,34.46,65.54,HEALTHY,28.63,52.9,0.0,0.5,4.01,0.5,0,Tomato (Vegetative),0.85,50.0,30.5,HEALTHY,0,0.0
2026-07-05 13:00:00,esp32-field-01,AUTUMN_MIXED,33.42,2268,33.42,66.58,HEALTHY,29.34,49.6,0.0,2.77,4.72,1.4,0,Tomato (Vegetative),0.85,50.0,30.5,HEALTHY,0,0.0
2026-07-05 14:00:00,esp32-field-01,AUTUMN_MIXED,33.32,2270,33.95,66.05,HEALTHY,29.25,47.0,0.0,0.06,4.62,4.2,0,Tomato (Vegetative),0.85,50.0,30.5,HEALTHY,0,0.0
2026-07-05 15:00:00,esp32-field-01,AUTUMN_MIXED,33.9,2288,34.31,65.69,HEALTHY,30.19,47.0,3.1,6.26,4.59,68.3,1,Tomato (Vegetative),0.85,50.0,36.6,HEALTHY,0,0.0
2026-07-05 16:00:00,esp32-field-01,AUTUMN_MIXED,33.84,2285,33.94,66.06,HEALTHY,30.05,49.5,0.0,1.77,4.44,2.5,0,Tomato (Vegetative),0.85,50.0,30.4,HEALTHY,0,0.0
2026-07-05 17:00:00,esp32-field-01,AUTUMN_MIXED,33.81,2256,34.09,65.91,HEALTHY,28.39,46.6,0.0,2.44,4.3,1.3,0,Tomato (Vegetative),0.85,50.0,30.4,HEALTHY,0,0.0
2026-07-05 18:00:00,esp32-field-01,AUTUMN_MIXED,33.81,2291,32.68,67.32,HEALTHY,29.03,53.5,0.0,0.81,4.08,2.4,0,Tomato (Vegetative),0.85,50.0,30.4,HEALTHY,0,0.0
2026-07-05 19:00:00,esp32-field-01,AUTUMN_MIXED,33.81,2260,34.94,65.06,HEALTHY,27.35,55.1,0.0,5.38,3.97,0.6,0,Tomato (Vegetative),0.85,50.0,30.4,HEALTHY,0,0.0
2026-07-05 20:00:00,esp32-field-01,AUTUMN_MIXED,33.8,2268,34.2,65.8,HEALTHY,23.69,62.9,0.0,1.16,3.22,3.3,0,Tomato (Vegetative),0.85,50.0,30.4,HEALTHY,0,0.0
2026-07-05 21:00:00,esp32-field-01,AUTUMN_MIXED,34.56,2246,35.11,64.89,HEALTHY,23.52,63.6,3.6,5.53,3.4,74.6,1,Tomato (Vegetative),0.85,50.0,37.6,HEALTHY,0,0.0
2026-07-05 22:00:00,esp32-field-01,AUTUMN_MIXED,34.55,2267,33.9,66.1,HEALTHY,22.16,74.3,0.0,0.22,3.28,4.6,0,Tomato (Vegetative),0.85,50.0,30.4,HEALTHY,0,0.0
2026-07-05 23:00:00,esp32-field-01,AUTUMN_MIXED,34.55,2258,33.58,66.42,HEALTHY,19.97,70.3,0.0,0.03,3.04,4.4,0,Tomato (Vegetative),0.85,50.0,30.4,HEALTHY,0,0.0
2026-07-06 00:00:00,esp32-field-01,AUTUMN_MIXED,34.54,2263,34.43,65.57,HEALTHY,20.37,71.4,0.0,2.47,2.8,0.7,0,Tomato (Vegetative),0.85,50.0,30.4,HEALTHY,0,0.0
2026-07-06 01:00:00,esp32-field-01,AUTUMN_MIXED,34.54,2273,34.47,65.53,HEALTHY,19.57,78.6,0.0,0.14,2.83,4.3,0,Tomato (Vegetative),0.85,50.0,30.4,HEALTHY,0,0.0
2026-07-06 02:00:00,esp32-field-01,AUTUMN_MIXED,34.53,2290,33.33,66.67,HEALTHY,19.28,73.1,0.0,2.54,3.54,0.1,0,Tomato (Vegetative),0.85,50.0,30.3,HEALTHY,0,0.0
2026-07-06 03:00:00,esp32-field-01,AUTUMN_MIXED,34.53,2275,34.7,65.3,HEALTHY,21.34,71.6,0.0,0.86,3.36,2.1,0,Tomato (Vegetative),0.85,50.0,30.3,HEALTHY,0,0.0
2026-07-06 04:00:00,esp32-field-01,AUTUMN_MIXED,34.52,2312,33.31,66.69,HEALTHY,20.83,71.8,0.0,1.32,3.04,1.0,0,Tomato (Vegetative),0.85,50.0,30.3,HEALTHY,0,0.0
2026-07-06 05:00:00,esp32-field-01,AUTUMN_MIXED,34.51,2258,34.13,65.87,HEALTHY,22.48,68.9,0.0,0.46,3.34,3.3,0,Tomato (Vegetative),0.85,50.0,30.3,HEALTHY,0,0.0
2026-07-06 06:00:00,esp32-field-01,AUTUMN_MIXED,34.51,2285,34.0,66.0,HEALTHY,22.07,66.4,0.0,0.3,3.65,0.5,0,Tomato (Vegetative),0.85,50.0,30.3,HEALTHY,0,0.0
2026-07-06 07:00:00,esp32-field-01,AUTUMN_MIXED,34.49,2228,35.81,64.19,HEALTHY,24.0,63.5,0.0,2.6,3.48,4.2,0,Tomato (Vegetative),0.85,50.0,30.3,HEALTHY,0,0.0
2026-07-06 08:00:00,esp32-field-01,AUTUMN_MIXED,34.44,2229,35.34,64.66,HEALTHY,24.68,64.4,0.0,1.97,3.69,2.3,0,Tomato (Vegetative),0.85,50.0,30.3,HEALTHY,0,0.0
2026-07-06 09:00:00,esp32-field-01,AUTUMN_MIXED,34.37,2258,34.22,65.78,HEALTHY,26.05,59.1,0.0,1.24,4.1,7.1,0,Tomato (Vegetative),0.85,50.0,30.3,HEALTHY,0,0.0
2026-07-06 10:00:00,esp32-field-01,AUTUMN_MIXED,34.83,2223,36.29,63.71,HEALTHY,27.23,53.6,2.6,5.66,4.3,82.1,1,Tomato (Vegetative),0.85,50.0,35.5,HEALTHY,0,0.0
2026-07-06 11:00:00,esp32-field-01,AUTUMN_MIXED,34.72,2244,34.63,65.37,HEALTHY,28.58,49.7,0.0,0.13,4.3,5.4,0,Tomato (Vegetative),0.85,50.0,30.2,HEALTHY,0,0.0
2026-07-06 12:00:00,esp32-field-01,AUTUMN_MIXED,34.61,2255,34.99,65.01,HEALTHY,30.42,51.1,0.0,0.1,4.52,4.5,0,Tomato (Vegetative),0.85,50.0,30.2,HEALTHY,0,0.0
2026-07-06 13:00:00,esp32-field-01,AUTUMN_MIXED,34.5,2207,37.14,62.86,HEALTHY,29.95,45.6,0.0,1.82,4.53,3.1,0,Tomato (Vegetative),0.85,50.0,30.2,HEALTHY,0,0.0
2026-07-06 14:00:00,esp32-field-01,AUTUMN_MIXED,34.4,2275,33.76,66.24,HEALTHY,29.33,45.4,0.0,0.96,4.64,2.9,0,Tomato (Vegetative),0.85,50.0,30.2,HEALTHY,0,0.0
2026-07-06 15:00:00,esp32-field-01,AUTUMN_MIXED,34.32,2241,34.78,65.22,HEALTHY,31.25,45.3,0.0,2.87,4.65,7.5,0,Tomato (Vegetative),0.85,50.0,30.2,HEALTHY,0,0.0
2026-07-06 16:00:00,esp32-field-01,AUTUMN_MIXED,34.26,2272,33.86,66.14,HEALTHY,29.07,46.2,0.0,0.99,4.74,1.8,0,Tomato (Vegetative),0.85,50.0,30.2,HEALTHY,0,0.0
2026-07-06 17:00:00,esp32-field-01,AUTUMN_MIXED,34.23,2267,34.13,65.87,HEALTHY,29.14,52.9,0.0,0.99,4.63,3.6,0,Tomato (Vegetative),0.85,50.0,30.2,HEALTHY,0,0.0
2026-07-06 18:00:00,esp32-field-01,AUTUMN_MIXED,34.23,2264,34.52,65.48,HEALTHY,27.97,51.7,0.0,0.49,4.31,0.6,0,Tomato (Vegetative),0.85,50.0,30.2,HEALTHY,0,0.0
2026-07-06 19:00:00,esp32-field-01,AUTUMN_MIXED,34.22,2241,35.76,64.24,HEALTHY,26.12,53.5,0.0,0.75,3.65,8.7,0,Tomato (Vegetative),0.85,50.0,30.2,HEALTHY,0,0.0
2026-07-06 20:00:00,esp32-field-01,AUTUMN_MIXED,34.21,2282,34.48,65.52,HEALTHY,25.29,65.0,0.0,0.22,4.06,0.8,0,Tomato (Vegetative),0.85,50.0,30.2,HEALTHY,0,0.0
2026-07-06 21:00:00,esp32-field-01,AUTUMN_MIXED,34.21,2262,35.42,64.58,HEALTHY,21.55,64.6,0.0,0.95,3.07,8.4,0,Tomato (Vegetative),0.85,50.0,30.1,HEALTHY,0,0.0
2026-07-06 22:00:00,esp32-field-01,AUTUMN_MIXED,34.2,2283,33.42,66.58,HEALTHY,22.09,67.5,0.0,0.79,3.77,2.6,0,Tomato (Vegetative),0.85,50.0,30.1,HEALTHY,0,0.0
2026-07-06 23:00:00,esp32-field-01,AUTUMN_MIXED,34.2,2298,32.91,67.09,HEALTHY,20.95,68.4,0.0,4.4,3.12,1.1,0,Tomato (Vegetative),0.85,50.0,30.1,HEALTHY,0,0.0
2026-07-07 00:00:00,esp32-field-01,AUTUMN_MIXED,34.19,2240,35.6,64.4,HEALTHY,21.45,72.7,0.0,1.01,3.35,1.5,0,Tomato (Vegetative),0.85,50.0,30.1,HEALTHY,0,0.0
2026-07-07 01:00:00,esp32-field-01,AUTUMN_MIXED,34.18,2236,34.63,65.37,HEALTHY,19.29,73.0,0.0,0.4,3.34,2.6,0,Tomato (Vegetative),0.85,50.0,30.1,HEALTHY,0,0.0
2026-07-07 02:00:00,esp32-field-01,AUTUMN_MIXED,34.18,2245,34.13,65.87,HEALTHY,19.18,70.6,0.0,1.79,3.32,2.9,0,Tomato (Vegetative),0.85,50.0,30.1,HEALTHY,0,0.0
2026-07-07 03:00:00,esp32-field-01,AUTUMN_MIXED,34.17,2250,35.1,64.9,HEALTHY,19.25,72.5,0.0,3.07,3.0,8.0,0,Tomato (Vegetative),0.85,50.0,30.1,HEALTHY,0,0.0
2026-07-07 04:00:00,esp32-field-01,AUTUMN_MIXED,34.17,2281,33.58,66.42,HEALTHY,20.68,70.2,0.0,3.0,2.74,5.9,0,Tomato (Vegetative),0.85,50.0,30.1,HEALTHY,0,0.0
2026-07-07 05:00:00,esp32-field-01,AUTUMN_MIXED,34.16,2273,34.6,65.4,HEALTHY,21.89,70.0,0.0,0.27,3.68,3.1,0,Tomato (Vegetative),0.85,50.0,30.1,HEALTHY,0,0.0
2026-07-07 06:00:00,esp32-field-01,AUTUMN_MIXED,34.16,2261,33.85,66.15,HEALTHY,22.26,66.3,0.0,0.63,3.52,3.3,0,Tomato (Vegetative),0.85,50.0,30.1,HEALTHY,0,0.0
2026-07-07 07:00:00,esp32-field-01,AUTUMN_MIXED,34.13,2259,33.49,66.51,HEALTHY,23.22,67.9,0.0,2.02,3.96,3.2,0,Tomato (Vegetative),0.85,50.0,30.0,HEALTHY,0,0.0
2026-07-07 08:00:00,esp32-field-01,AUTUMN_MIXED,34.08,2277,33.65,66.35,HEALTHY,24.86,58.2,0.0,3.27,3.93,10.6,0,Tomato (Vegetative),0.85,50.0,30.0,HEALTHY,0,0.0
2026-07-07 09:00:00,esp32-field-01,AUTUMN_MIXED,34.01,2229,35.52,64.48,HEALTHY,26.54,57.4,0.0,0.43,4.01,0.4,0,Tomato (Vegetative),0.85,50.0,30.0,HEALTHY,0,0.0
2026-07-07 10:00:00,esp32-field-01,AUTUMN_MIXED,33.92,2276,33.91,66.09,HEALTHY,28.25,56.2,0.0,0.95,4.17,0.3,0,Tomato (Vegetative),0.85,50.0,30.0,HEALTHY,0,0.0
2026-07-07 11:00:00,esp32-field-01,AUTUMN_MIXED,33.8,2296,32.07,67.93,HEALTHY,29.5,48.8,0.0,1.97,4.72,3.0,0,Tomato (Vegetative),0.85,50.0,30.0,HEALTHY,0,0.0
2026-07-07 12:00:00,esp32-field-01,AUTUMN_MIXED,33.69,2294,33.65,66.35,HEALTHY,29.61,45.0,0.0,0.93,4.51,1.3,0,Tomato (Vegetative),0.85,50.0,30.0,HEALTHY,0,0.0
2026-07-07 13:00:00,esp32-field-01,AUTUMN_MIXED,33.58,2275,34.68,65.32,HEALTHY,30.01,43.8,0.0,0.84,4.5,0.4,0,Tomato (Vegetative),0.85,50.0,30.0,HEALTHY,0,0.0
2026-07-07 14:00:00,esp32-field-01,AUTUMN_MIXED,33.57,2301,33.21,66.79,HEALTHY,30.77,49.3,0.4,6.79,4.56,70.1,1,Tomato (Vegetative),0.85,50.0,30.8,HEALTHY,0,0.0
2026-07-07 15:00:00,esp32-field-01,AUTUMN_MIXED,33.49,2303,32.47,67.53,HEALTHY,30.39,51.0,0.0,0.8,4.27,6.5,0,Tomato (Vegetative),0.85,50.0,30.0,HEALTHY,0,0.0
2026-07-07 16:00:00,esp32-field-01,AUTUMN_MIXED,33.44,2276,34.33,65.67,HEALTHY,30.84,50.9,0.0,0.14,4.49,0.3,0,Tomato (Vegetative),0.85,50.0,30.0,HEALTHY,0,0.0
2026-07-07 17:00:00,esp32-field-01,AUTUMN_MIXED,33.41,2292,32.42,67.58,HEALTHY,28.54,54.1,0.0,3.07,4.56,2.6,0,Tomato (Vegetative),0.85,50.0,29.9,HEALTHY,0,0.0
2026-07-07 18:00:00,esp32-field-01,AUTUMN_MIXED,33.41,2301,32.25,67.75,HEALTHY,27.18,51.2,0.0,0.06,4.0,7.1,0,Tomato (Vegetative),0.85,50.0,29.9,HEALTHY,0,0.0
2026-07-07 19:00:00,esp32-field-01,AUTUMN_MIXED,33.4,2269,33.52,66.48,HEALTHY,25.33,49.7,0.0,5.1,3.72,2.1,0,Tomato (Vegetative),0.85,50.0,29.9,HEALTHY,0,0.0
2026-07-07 20:00:00,esp32-field-01,AUTUMN_MIXED,33.39,2297,33.26,66.74,HEALTHY,25.83,62.1,0.0,4.45,4.15,4.8,0,Tomato (Vegetative),0.85,50.0,29.9,HEALTHY,0,0.0
2026-07-07 21:00:00,esp32-field-01,AUTUMN_MIXED,33.39,2274,33.96,66.04,HEALTHY,24.62,62.9,0.0,2.44,3.36,9.3,0,Tomato (Vegetative),0.85,50.0,29.9,HEALTHY,0,0.0
2026-07-07 22:00:00,esp32-field-01,AUTUMN_MIXED,33.38,2317,31.01,68.99,HEALTHY,21.52,68.3,0.0,1.3,3.69,16.6,0,Tomato (Vegetative),0.85,50.0,29.9,HEALTHY,0,0.0
2026-07-07 23:00:00,esp32-field-01,AUTUMN_MIXED,33.37,2287,33.17,66.83,HEALTHY,22.54,68.4,0.0,2.84,4.04,5.1,0,Tomato (Vegetative),0.85,50.0,29.9,HEALTHY,0,0.0
2026-07-08 00:00:00,esp32-field-01,AUTUMN_MIXED,33.37,2272,33.2,66.8,HEALTHY,19.2,72.6,0.0,1.13,3.12,3.9,0,Tomato (Vegetative),0.85,50.0,29.9,HEALTHY,0,0.0
2026-07-08 01:00:00,esp32-field-01,AUTUMN_MIXED,34.06,2283,33.58,66.42,HEALTHY,20.11,69.1,3.3,5.56,3.08,75.9,1,Tomato (Vegetative),0.85,50.0,36.5,HEALTHY,0,0.0
2026-07-08 02:00:00,esp32-field-01,AUTUMN_MIXED,34.06,2252,34.26,65.74,HEALTHY,18.58,73.6,0.0,0.73,2.59,7.6,0,Tomato (Vegetative),0.85,50.0,29.9,HEALTHY,0,0.0
2026-07-08 03:00:00,esp32-field-01,AUTUMN_MIXED,34.05,2262,34.93,65.07,HEALTHY,21.86,75.0,0.0,0.41,3.07,0.7,0,Tomato (Vegetative),0.85,50.0,29.9,HEALTHY,0,0.0
2026-07-08 04:00:00,esp32-field-01,AUTUMN_MIXED,34.05,2244,35.42,64.58,HEALTHY,20.68,72.3,0.0,0.46,3.22,1.0,0,Tomato (Vegetative),0.85,50.0,29.8,HEALTHY,0,0.0
2026-07-08 05:00:00,esp32-field-01,AUTUMN_MIXED,34.04,2278,34.04,65.96,HEALTHY,21.36,66.2,0.0,0.41,3.29,1.9,0,Tomato (Vegetative),0.85,50.0,29.8,HEALTHY,0,0.0
2026-07-08 06:00:00,esp32-field-01,AUTUMN_MIXED,34.04,2229,35.55,64.45,HEALTHY,22.89,67.5,0.0,0.72,4.06,2.8,0,Tomato (Vegetative),0.85,50.0,29.8,HEALTHY,0,0.0
2026-07-08 07:00:00,esp32-field-01,AUTUMN_MIXED,34.01,2274,34.4,65.6,HEALTHY,24.27,62.3,0.0,2.94,4.27,3.0,0,Tomato (Vegetative),0.85,50.0,29.8,HEALTHY,0,0.0
2026-07-08 08:00:00,esp32-field-01,AUTUMN_MIXED,33.96,2280,33.48,66.52,HEALTHY,24.43,54.6,0.0,0.07,3.66,4.7,0,Tomato (Vegetative),0.85,50.0,29.8,HEALTHY,0,0.0
2026-07-08 09:00:00,esp32-field-01,AUTUMN_MIXED,33.89,2279,33.68,66.32,HEALTHY,27.49,55.3,0.0,0.91,4.1,2.0,0,Tomato (Vegetative),0.85,50.0,29.8,HEALTHY,0,0.0
2026-07-08 10:00:00,esp32-field-01,AUTUMN_MIXED,33.81,2254,34.29,65.71,HEALTHY,26.74,51.8,0.0,3.29,3.81,19.6,0,Tomato (Vegetative),0.85,50.0,29.8,HEALTHY,0,0.0
2026-07-08 11:00:00,esp32-field-01,AUTUMN_MIXED,33.7,2275,33.99,66.01,HEALTHY,29.69,49.4,0.0,2.92,4.31,2.8,0,Tomato (Vegetative),0.85,50.0,29.8,HEALTHY,0,0.0
2026-07-08 12:00:00,esp32-field-01,AUTUMN_MIXED,33.59,2273,34.12,65.88,HEALTHY,30.03,48.4,0.0,0.19,4.65,1.1,0,Tomato (Vegetative),0.85,50.0,29.8,HEALTHY,0,0.0
2026-07-08 13:00:00,esp32-field-01,AUTUMN_MIXED,33.47,2257,34.47,65.53,HEALTHY,31.09,49.8,0.0,0.3,4.83,4.4,0,Tomato (Vegetative),0.85,50.0,29.8,HEALTHY,0,0.0
2026-07-08 14:00:00,esp32-field-01,AUTUMN_MIXED,33.37,2291,32.48,67.52,HEALTHY,31.5,48.4,0.0,2.41,4.68,12.4,0,Tomato (Vegetative),0.85,50.0,29.7,HEALTHY,0,0.0
2026-07-08 15:00:00,esp32-field-01,AUTUMN_MIXED,33.29,2302,33.22,66.78,HEALTHY,29.53,53.8,0.0,1.98,4.24,3.1,0,Tomato (Vegetative),0.85,50.0,29.7,HEALTHY,0,0.0
2026-07-08 16:00:00,esp32-field-01,AUTUMN_MIXED,33.23,2260,34.51,65.49,HEALTHY,30.77,51.5,0.0,2.51,4.93,10.9,0,Tomato (Vegetative),0.85,50.0,29.7,HEALTHY,0,0.0
2026-07-08 17:00:00,esp32-field-01,AUTUMN_MIXED,33.2,2310,32.87,67.13,HEALTHY,28.38,48.6,0.0,3.35,4.41,0.1,0,Tomato (Vegetative),0.85,50.0,29.7,HEALTHY,0,0.0
2026-07-08 18:00:00,esp32-field-01,AUTUMN_MIXED,33.2,2295,31.74,68.26,HEALTHY,27.64,53.9,0.0,0.27,4.16,14.9,0,Tomato (Vegetative),0.85,50.0,29.7,HEALTHY,0,0.0
2026-07-08 19:00:00,esp32-field-01,AUTUMN_MIXED,33.2,2308,32.25,67.75,HEALTHY,25.43,56.3,0.0,0.19,3.88,7.2,0,Tomato (Vegetative),0.85,50.0,29.7,HEALTHY,0,0.0
2026-07-08 20:00:00,esp32-field-01,AUTUMN_MIXED,33.19,2320,31.61,68.39,HEALTHY,25.27,58.1,0.0,3.39,4.18,3.6,0,Tomato (Vegetative),0.85,50.0,29.7,HEALTHY,0,0.0
2026-07-08 21:00:00,esp32-field-01,AUTUMN_MIXED,33.18,2301,32.89,67.11,HEALTHY,22.48,63.5,0.0,0.47,2.92,1.7,0,Tomato (Vegetative),0.85,50.0,29.7,HEALTHY,0,0.0
2026-07-08 22:00:00,esp32-field-01,AUTUMN_MIXED,33.18,2292,32.85,67.15,HEALTHY,23.21,67.2,0.0,0.18,3.77,4.0,0,Tomato (Vegetative),0.85,50.0,29.7,HEALTHY,0,0.0
2026-07-08 23:00:00,esp32-field-01,AUTUMN_MIXED,33.17,2279,34.24,65.76,HEALTHY,21.04,73.0,0.0,0.53,2.72,0.6,0,Tomato (Vegetative),0.85,50.0,29.6,HEALTHY,0,0.0
2026-07-09 00:00:00,esp32-field-01,AUTUMN_MIXED,33.53,2276,33.28,66.72,HEALTHY,21.34,76.2,1.7,2.91,3.3,72.2,1,Tomato (Vegetative),0.85,50.0,33.0,HEALTHY,0,0.0
2026-07-09 01:00:00,esp32-field-01,AUTUMN_MIXED,33.52,2271,34.0,66.0,HEALTHY,20.44,73.3,0.0,0.3,2.74,0.8,0,Tomato (Vegetative),0.85,50.0,29.6,HEALTHY,0,0.0
2026-07-09 02:00:00,esp32-field-01,AUTUMN_MIXED,33.52,2259,34.24,65.76,HEALTHY,19.92,72.8,0.0,2.61,3.22,4.7,0,Tomato (Vegetative),0.85,50.0,29.6,HEALTHY,0,0.0
2026-07-09 03:00:00,esp32-field-01,AUTUMN_MIXED,33.51,2275,33.86,66.14,HEALTHY,19.6,75.2,0.0,0.56,3.2,1.5,0,Tomato (Vegetative),0.85,50.0,29.6,HEALTHY,0,0.0
2026-07-09 04:00:00,esp32-field-01,AUTUMN_MIXED,33.51,2275,34.09,65.91,HEALTHY,18.96,72.5,0.0,3.25,2.74,6.6,0,Tomato (Vegetative),0.85,50.0,29.6,HEALTHY,0,0.0
2026-07-09 05:00:00,esp32-field-01,AUTUMN_MIXED,33.5,2272,33.55,66.45,HEALTHY,21.4,69.9,0.0,3.24,3.0,4.3,0,Tomato (Vegetative),0.85,50.0,29.6,HEALTHY,0,0.0
2026-07-09 06:00:00,esp32-field-01,AUTUMN_MIXED,33.49,2294,33.06,66.94,HEALTHY,23.69,66.8,0.0,3.19,3.33,4.2,0,Tomato (Vegetative),0.85,50.0,29.6,HEALTHY,0,0.0
2026-07-09 07:00:00,esp32-field-01,AUTUMN_MIXED,34.05,2273,33.63,66.37,HEALTHY,22.62,63.1,2.7,4.81,3.29,71.4,1,Tomato (Vegetative),0.85,50.0,35.0,HEALTHY,0,0.0
2026-07-09 08:00:00,esp32-field-01,AUTUMN_MIXED,34.0,2253,34.63,65.37,HEALTHY,25.25,60.2,0.0,0.06,3.62,5.0,0,Tomato (Vegetative),0.85,50.0,29.6,HEALTHY,0,0.0
2026-07-09 09:00:00,esp32-field-01,AUTUMN_MIXED,33.94,2285,34.33,65.67,HEALTHY,26.06,56.7,0.0,1.09,3.77,1.9,0,Tomato (Vegetative),0.85,50.0,29.5,HEALTHY,0,0.0
2026-07-09 10:00:00,esp32-field-01,AUTUMN_MIXED,33.83,2269,33.04,66.96,HEALTHY,28.11,52.2,0.0,1.43,4.65,1.3,0,Tomato (Vegetative),0.85,50.0,29.5,HEALTHY,0,0.0
2026-07-09 11:00:00,esp32-field-01,AUTUMN_MIXED,33.73,2280,33.76,66.24,HEALTHY,29.04,50.4,0.0,1.68,4.41,3.6,0,Tomato (Vegetative),0.85,50.0,29.5,HEALTHY,0,0.0
2026-07-09 12:00:00,esp32-field-01,AUTUMN_MIXED,33.61,2280,33.82,66.18,HEALTHY,30.41,44.4,0.0,0.18,4.52,1.6,0,Tomato (Vegetative),0.85,50.0,29.5,HEALTHY,0,0.0
2026-07-09 13:00:00,esp32-field-01,AUTUMN_MIXED,33.52,2265,33.62,66.38,HEALTHY,28.86,46.2,0.0,4.24,3.93,1.6,0,Tomato (Vegetative),0.85,50.0,29.5,HEALTHY,0,0.0
2026-07-09 14:00:00,esp32-field-01,AUTUMN_MIXED,33.42,2283,33.83,66.17,HEALTHY,30.72,46.7,0.0,1.77,4.38,0.3,0,Tomato (Vegetative),0.85,50.0,29.5,HEALTHY,0,0.0
2026-07-09 15:00:00,esp32-field-01,AUTUMN_MIXED,34.25,2274,34.39,65.61,HEALTHY,30.9,49.7,4.3,10.58,4.81,82.8,1,Tomato (Vegetative),0.85,50.0,38.1,HEALTHY,0,0.0
2026-07-09 16:00:00,esp32-field-01,AUTUMN_MIXED,34.2,2282,33.88,66.12,HEALTHY,29.29,49.8,0.0,2.6,4.34,1.5,0,Tomato (Vegetative),0.85,50.0,29.5,HEALTHY,0,0.0
2026-07-09 17:00:00,esp32-field-01,AUTUMN_MIXED,34.17,2277,33.86,66.14,HEALTHY,28.81,48.8,0.0,2.11,4.33,4.0,0,Tomato (Vegetative),0.85,50.0,29.5,HEALTHY,0,0.0
2026-07-09 18:00:00,esp32-field-01,AUTUMN_MIXED,34.17,2301,33.02,66.98,HEALTHY,27.01,51.3,0.0,0.28,4.23,6.9,0,Tomato (Vegetative),0.85,50.0,29.5,HEALTHY,0,0.0
2026-07-09 19:00:00,esp32-field-01,AUTUMN_MIXED,34.16,2262,34.83,65.17,HEALTHY,26.74,55.6,0.0,0.49,4.02,2.2,0,Tomato (Vegetative),0.85,50.0,29.4,HEALTHY,0,0.0
2026-07-09 20:00:00,esp32-field-01,AUTUMN_MIXED,34.16,2276,34.65,65.35,HEALTHY,23.52,63.3,0.0,0.27,3.32,0.1,0,Tomato (Vegetative),0.85,50.0,29.4,HEALTHY,0,0.0
2026-07-09 21:00:00,esp32-field-01,AUTUMN_MIXED,34.15,2265,34.06,65.94,HEALTHY,23.58,63.4,0.0,1.9,3.19,5.4,0,Tomato (Vegetative),0.85,50.0,29.4,HEALTHY,0,0.0
2026-07-09 22:00:00,esp32-field-01,AUTUMN_MIXED,34.15,2261,34.67,65.33,HEALTHY,22.42,67.8,0.0,0.11,3.53,8.9,0,Tomato (Vegetative),0.85,50.0,29.4,HEALTHY,0,0.0
2026-07-09 23:00:00,esp32-field-01,AUTUMN_MIXED,34.14,2272,34.26,65.74,HEALTHY,21.7,70.8,0.0,1.19,3.2,1.7,0,Tomato (Vegetative),0.85,50.0,29.4,HEALTHY,0,0.0
2026-07-10 00:00:00,esp32-field-01,AUTUMN_MIXED,34.13,2253,34.46,65.54,HEALTHY,20.03,74.0,0.0,4.54,3.13,0.4,0,Tomato (Vegetative),0.85,50.0,29.4,HEALTHY,0,0.0
2026-07-10 01:00:00,esp32-field-01,AUTUMN_MIXED,34.13,2266,34.09,65.91,HEALTHY,19.4,71.2,0.0,0.94,3.29,0.6,0,Tomato (Vegetative),0.85,50.0,29.4,HEALTHY,0,0.0
2026-07-10 02:00:00,esp32-field-01,AUTUMN_MIXED,34.12,2250,34.0,66.0,HEALTHY,19.49,76.1,0.0,0.18,2.74,0.7,0,Tomato (Vegetative),0.85,50.0,29.4,HEALTHY,0,0.0
2026-07-10 03:00:00,esp32-field-01,AUTUMN_MIXED,34.12,2269,34.09,65.91,HEALTHY,19.52,77.5,0.0,0.14,2.88,0.7,0,Tomato (Vegetative),0.85,50.0,29.4,HEALTHY,0,0.0
2026-07-10 04:00:00,esp32-field-01,AUTUMN_MIXED,34.11,2260,33.5,66.5,HEALTHY,21.1,70.3,0.0,0.09,3.25,2.1,0,Tomato (Vegetative),0.85,50.0,29.4,HEALTHY,0,0.0
2026-07-10 05:00:00,esp32-field-01,AUTUMN_MIXED,34.11,2284,33.29,66.71,HEALTHY,20.82,71.1,0.0,1.37,3.1,0.5,0,Tomato (Vegetative),0.85,50.0,29.4,HEALTHY,0,0.0
2026-07-10 06:00:00,esp32-field-01,AUTUMN_MIXED,34.1,2272,34.43,65.57,HEALTHY,22.84,67.9,0.0,0.19,3.38,0.9,0,Tomato (Vegetative),0.85,50.0,29.3,HEALTHY,0,0.0
2026-07-10 07:00:00,esp32-field-01,AUTUMN_MIXED,34.08,2255,34.64,65.36,HEALTHY,24.26,62.5,0.0,0.2,3.73,0.2,0,Tomato (Vegetative),0.85,50.0,29.3,HEALTHY,0,0.0
2026-07-10 08:00:00,esp32-field-01,AUTUMN_MIXED,34.03,2270,33.25,66.75,HEALTHY,24.51,61.7,0.0,0.03,3.74,2.1,0,Tomato (Vegetative),0.85,50.0,29.3,HEALTHY,0,0.0
2026-07-10 09:00:00,esp32-field-01,AUTUMN_MIXED,33.95,2288,32.94,67.06,HEALTHY,25.92,54.5,0.0,0.3,4.38,1.8,0,Tomato (Vegetative),0.85,50.0,29.3,HEALTHY,0,0.0
2026-07-10 10:00:00,esp32-field-01,AUTUMN_MIXED,33.87,2279,33.1,66.9,HEALTHY,27.41,55.2,0.0,3.49,4.04,0.6,0,Tomato (Vegetative),0.85,50.0,29.3,HEALTHY,0,0.0
2026-07-10 11:00:00,esp32-field-01,AUTUMN_MIXED,33.76,2275,32.94,67.06,HEALTHY,28.62,51.1,0.0,5.88,4.55,9.6,0,Tomato (Vegetative),0.85,50.0,29.3,HEALTHY,0,0.0
2026-07-10 12:00:00,esp32-field-01,AUTUMN_MIXED,33.65,2300,32.68,67.32,HEALTHY,30.75,43.0,0.0,0.68,4.4,0.6,0,Tomato (Vegetative),0.85,50.0,29.3,HEALTHY,0,0.0
2026-07-10 13:00:00,esp32-field-01,AUTUMN_MIXED,33.53,2255,34.05,65.95,HEALTHY,30.63,42.0,0.0,3.96,4.59,0.8,0,Tomato (Vegetative),0.85,50.0,29.3,HEALTHY,0,0.0
2026-07-10 14:00:00,esp32-field-01,AUTUMN_MIXED,33.45,2282,32.66,67.34,HEALTHY,29.47,44.6,0.0,4.87,3.97,2.0,0,Tomato (Vegetative),0.85,50.0,29.3,HEALTHY,0,0.0
2026-07-10 15:00:00,esp32-field-01,AUTUMN_MIXED,33.36,2307,32.52,67.48,HEALTHY,29.83,46.3,0.0,5.43,5.23,0.8,0,Tomato (Vegetative),0.85,50.0,29.2,HEALTHY,0,0.0
2026-07-10 16:00:00,esp32-field-01,AUTUMN_MIXED,33.3,2284,33.32,66.68,HEALTHY,30.44,48.3,0.0,2.12,4.55,0.1,0,Tomato (Vegetative),0.85,50.0,29.2,HEALTHY,0,0.0
2026-07-10 17:00:00,esp32-field-01,AUTUMN_MIXED,33.27,2294,33.54,66.46,HEALTHY,30.24,49.0,0.0,2.06,4.95,1.6,0,Tomato (Vegetative),0.85,50.0,29.2,HEALTHY,0,0.0
2026-07-10 18:00:00,esp32-field-01,AUTUMN_MIXED,33.27,2237,35.26,64.74,HEALTHY,28.19,50.9,0.0,2.7,4.0,8.0,0,Tomato (Vegetative),0.85,50.0,29.2,HEALTHY,0,0.0
2026-07-10 19:00:00,esp32-field-01,AUTUMN_MIXED,33.26,2279,33.15,66.85,HEALTHY,25.77,56.6,0.0,2.01,3.81,1.2,0,Tomato (Vegetative),0.85,50.0,29.2,HEALTHY,0,0.0
2026-07-10 20:00:00,esp32-field-01,AUTUMN_MIXED,33.25,2302,32.76,67.24,HEALTHY,24.94,58.3,0.0,4.83,3.63,11.5,0,Tomato (Vegetative),0.85,50.0,29.2,HEALTHY,0,0.0
2026-07-10 21:00:00,esp32-field-01,AUTUMN_MIXED,33.25,2300,32.66,67.34,HEALTHY,23.74,66.6,0.0,1.95,3.95,1.0,0,Tomato (Vegetative),0.85,50.0,29.2,HEALTHY,0,0.0
2026-07-10 22:00:00,esp32-field-01,AUTUMN_MIXED,33.24,2288,32.91,67.09,HEALTHY,21.33,67.5,0.0,0.44,3.2,2.7,0,Tomato (Vegetative),0.85,50.0,29.2,HEALTHY,0,0.0
2026-07-10 23:00:00,esp32-field-01,AUTUMN_MIXED,33.24,2275,33.74,66.26,HEALTHY,20.2,66.8,0.0,5.43,3.15,0.7,0,Tomato (Vegetative),0.85,50.0,29.2,HEALTHY,0,0.0
2026-07-11 00:00:00,esp32-field-01,AUTUMN_MIXED,33.23,2301,32.81,67.19,HEALTHY,18.97,72.3,0.0,0.04,3.05,12.7,0,Tomato (Vegetative),0.85,50.0,29.2,HEALTHY,0,0.0
2026-07-11 01:00:00,esp32-field-01,AUTUMN_MIXED,33.22,2258,33.67,66.33,HEALTHY,19.37,70.8,0.0,0.23,3.3,0.4,0,Tomato (Vegetative),0.85,50.0,29.1,HEALTHY,0,0.0
2026-07-11 02:00:00,esp32-field-01,AUTUMN_MIXED,33.22,2299,32.74,67.26,HEALTHY,21.37,70.0,0.0,0.09,2.9,2.7,0,Tomato (Vegetative),0.85,50.0,29.1,HEALTHY,0,0.0
2026-07-11 03:00:00,esp32-field-01,AUTUMN_MIXED,33.75,2291,32.9,67.1,HEALTHY,19.38,77.5,2.5,5.55,2.8,83.3,1,Tomato (Vegetative),0.85,50.0,34.1,HEALTHY,0,0.0
2026-07-11 04:00:00,esp32-field-01,AUTUMN_MIXED,33.74,2273,33.68,66.32,HEALTHY,20.61,71.3,0.0,1.57,2.85,5.7,0,Tomato (Vegetative),0.85,50.0,29.1,HEALTHY,0,0.0
2026-07-11 05:00:00,esp32-field-01,AUTUMN_MIXED,33.73,2309,32.36,67.64,HEALTHY,21.0,71.0,0.0,0.6,3.22,3.9,0,Tomato (Vegetative),0.85,50.0,29.1,HEALTHY,0,0.0
2026-07-11 06:00:00,esp32-field-01,AUTUMN_MIXED,33.73,2262,34.58,65.42,HEALTHY,22.49,64.5,0.0,1.63,3.65,2.0,0,Tomato (Vegetative),0.85,50.0,29.1,HEALTHY,0,0.0
2026-07-11 07:00:00,esp32-field-01,AUTUMN_MIXED,33.71,2286,33.43,66.57,HEALTHY,24.12,65.6,0.0,0.25,3.11,3.0,0,Tomato (Vegetative),0.85,50.0,29.1,HEALTHY,0,0.0
2026-07-11 08:00:00,esp32-field-01,AUTUMN_MIXED,33.66,2287,34.04,65.96,HEALTHY,25.11,59.5,0.0,0.81,3.75,2.7,0,Tomato (Vegetative),0.85,50.0,29.1,HEALTHY,0,0.0
2026-07-11 09:00:00,esp32-field-01,AUTUMN_MIXED,33.59,2263,32.4,67.6,HEALTHY,26.23,54.8,0.0,2.95,3.77,0.1,0,Tomato (Vegetative),0.85,50.0,29.1,HEALTHY,0,0.0
2026-07-11 10:00:00,esp32-field-01,AUTUMN_MIXED,33.51,2325,32.05,67.95,HEALTHY,27.35,50.1,0.0,1.0,3.95,0.0,0,Tomato (Vegetative),0.85,50.0,29.1,HEALTHY,0,0.0
2026-07-11 11:00:00,esp32-field-01,AUTUMN_MIXED,33.4,2275,33.21,66.79,HEALTHY,29.05,49.8,0.0,0.8,4.61,3.6,0,Tomato (Vegetative),0.85,50.0,29.0,HEALTHY,0,0.0
2026-07-11 12:00:00,esp32-field-01,AUTUMN_MIXED,33.28,2269,34.17,65.83,HEALTHY,28.38,49.8,0.0,1.32,4.53,3.0,0,Tomato (Vegetative),0.85,50.0,29.0,HEALTHY,0,0.0
2026-07-11 13:00:00,esp32-field-01,AUTUMN_MIXED,33.17,2302,31.44,68.56,HEALTHY,30.74,52.7,0.0,1.03,4.5,1.2,0,Tomato (Vegetative),0.85,50.0,29.0,HEALTHY,0,0.0
2026-07-11 14:00:00,esp32-field-01,AUTUMN_MIXED,33.08,2289,32.42,67.58,HEALTHY,30.5,42.3,0.0,0.14,4.53,4.2,0,Tomato (Vegetative),0.85,50.0,29.0,HEALTHY,0,0.0
2026-07-11 15:00:00,esp32-field-01,AUTUMN_MIXED,33.0,2298,32.73,67.27,HEALTHY,29.27,48.7,0.0,0.12,4.46,5.8,0,Tomato (Vegetative),0.85,50.0,29.0,HEALTHY,0,0.0
2026-07-11 16:00:00,esp32-field-01,AUTUMN_MIXED,32.94,2251,33.59,66.41,HEALTHY,28.97,44.9,0.0,2.44,4.37,1.0,0,Tomato (Vegetative),0.85,50.0,29.0,HEALTHY,0,0.0
2026-07-11 17:00:00,esp32-field-01,AUTUMN_MIXED,32.91,2280,34.38,65.62,HEALTHY,30.12,47.7,0.0,2.87,4.59,5.1,0,Tomato (Vegetative),0.85,50.0,29.0,HEALTHY,0,0.0
2026-07-11 18:00:00,esp32-field-01,AUTUMN_MIXED,32.91,2285,33.02,66.98,HEALTHY,26.35,55.5,0.0,0.14,3.97,0.4,0,Tomato (Vegetative),0.85,50.0,29.0,HEALTHY,0,0.0
2026-07-11 19:00:00,esp32-field-01,AUTUMN_MIXED,32.91,2266,32.63,67.37,HEALTHY,26.47,50.5,0.0,2.67,4.1,0.7,0,Tomato (Vegetative),0.85,50.0,29.0,HEALTHY,0,0.0
2026-07-11 20:00:00,esp32-field-01,AUTUMN_MIXED,32.9,2333,32.44,67.56,HEALTHY,24.64,58.2,0.0,2.08,3.86,2.0,0,Tomato (Vegetative),0.85,50.0,29.0,HEALTHY,0,0.0
2026-07-11 21:00:00,esp32-field-01,AUTUMN_MIXED,32.89,2263,34.58,65.42,HEALTHY,25.39,64.8,0.0,1.23,4.19,4.4,0,Tomato (Vegetative),0.85,50.0,28.9,HEALTHY,0,0.0
2026-07-11 22:00:00,esp32-field-01,AUTUMN_MIXED,32.88,2289,32.44,67.56,HEALTHY,23.09,68.3,0.0,0.24,4.15,2.0,0,Tomato (Vegetative),0.85,50.0,28.9,HEALTHY,0,0.0
2026-07-11 23:00:00,esp32-field-01,AUTUMN_MIXED,32.88,2306,32.51,67.49,HEALTHY,21.07,71.7,0.0,0.96,3.08,7.5,0,Tomato (Vegetative),0.85,50.0,28.9,HEALTHY,0,0.0
2026-07-12 00:00:00,esp32-field-01,AUTUMN_MIXED,32.87,2286,33.64,66.36,HEALTHY,19.29,73.8,0.0,0.12,2.61,0.1,0,Tomato (Vegetative),0.85,50.0,28.9,HEALTHY,0,0.0
2026-07-12 01:00:00,esp32-field-01,AUTUMN_MIXED,32.87,2331,30.68,69.32,HEALTHY,19.27,69.6,0.0,2.92,2.58,1.7,0,Tomato (Vegetative),0.85,50.0,28.9,HEALTHY,0,0.0
2026-07-12 02:00:00,esp32-field-01,AUTUMN_MIXED,32.86,2306,32.22,67.78,HEALTHY,19.55,71.1,0.0,1.22,2.68,1.5,0,Tomato (Vegetative),0.85,50.0,28.9,HEALTHY,0,0.0
2026-07-12 03:00:00,esp32-field-01,AUTUMN_MIXED,32.86,2263,32.84,67.16,HEALTHY,19.96,77.2,0.0,0.24,3.54,1.0,0,Tomato (Vegetative),0.85,50.0,28.9,HEALTHY,0,0.0
2026-07-12 04:00:00,esp32-field-01,AUTUMN_MIXED,32.85,2307,32.14,67.86,HEALTHY,20.9,71.1,0.0,0.2,3.47,0.7,0,Tomato (Vegetative),0.85,50.0,28.9,HEALTHY,0,0.0
2026-07-12 05:00:00,esp32-field-01,AUTUMN_MIXED,32.85,2286,33.16,66.84,HEALTHY,20.55,72.6,0.0,0.27,3.29,4.1,0,Tomato (Vegetative),0.85,50.0,28.9,HEALTHY,0,0.0
2026-07-12 06:00:00,esp32-field-01,AUTUMN_MIXED,32.84,2287,34.33,65.67,HEALTHY,21.41,70.5,0.0,3.08,3.16,4.8,0,Tomato (Vegetative),0.85,50.0,28.9,HEALTHY,0,0.0
2026-07-12 07:00:00,esp32-field-01,AUTUMN_MIXED,32.82,2287,33.0,67.0,HEALTHY,22.91,64.3,0.0,2.72,3.15,8.7,0,Tomato (Vegetative),0.85,50.0,28.9,HEALTHY,0,0.0
2026-07-12 08:00:00,esp32-field-01,AUTUMN_MIXED,32.77,2301,32.5,67.5,HEALTHY,24.05,65.0,0.0,0.36,4.04,2.1,0,Tomato (Vegetative),0.85,50.0,28.8,HEALTHY,0,0.0
2026-07-12 09:00:00,esp32-field-01,AUTUMN_MIXED,32.7,2325,31.29,68.71,HEALTHY,27.51,54.2,0.0,2.59,3.92,2.7,0,Tomato (Vegetative),0.85,50.0,28.8,HEALTHY,0,0.0
2026-07-12 10:00:00,esp32-field-01,AUTUMN_MIXED,32.61,2283,32.97,67.03,HEALTHY,27.51,54.6,0.0,0.89,4.24,1.9,0,Tomato (Vegetative),0.85,50.0,28.8,HEALTHY,0,0.0
2026-07-12 11:00:00,esp32-field-01,AUTUMN_MIXED,32.5,2288,32.79,67.21,HEALTHY,29.23,45.6,0.0,1.67,4.44,11.5,0,Tomato (Vegetative),0.85,50.0,28.8,HEALTHY,0,0.0
2026-07-12 12:00:00,esp32-field-01,AUTUMN_MIXED,32.39,2265,33.37,66.63,HEALTHY,29.42,49.8,0.0,3.14,4.58,6.6,0,Tomato (Vegetative),0.85,50.0,28.8,HEALTHY,0,0.0
2026-07-12 13:00:00,esp32-field-01,AUTUMN_MIXED,32.27,2301,33.21,66.79,HEALTHY,31.86,49.5,0.0,0.55,4.93,0.4,0,Tomato (Vegetative),0.85,50.0,28.8,HEALTHY,0,0.0
2026-07-12 14:00:00,esp32-field-01,AUTUMN_MIXED,32.18,2274,31.89,68.11,HEALTHY,29.94,44.0,0.0,1.05,3.94,5.3,0,Tomato (Vegetative),0.85,50.0,28.8,HEALTHY,0,0.0
2026-07-12 15:00:00,esp32-field-01,AUTUMN_MIXED,32.1,2301,32.02,67.98,HEALTHY,30.4,47.5,0.0,7.45,4.47,0.4,0,Tomato (Vegetative),0.85,50.0,28.8,HEALTHY,0,0.0
2026-07-12 16:00:00,esp32-field-01,AUTUMN_MIXED,32.08,2288,32.91,67.09,HEALTHY,28.79,48.8,0.2,0.43,4.85,75.1,1,Tomato (Vegetative),0.85,50.0,29.2,HEALTHY,0,0.0
2026-07-12 17:00:00,esp32-field-01,AUTUMN_MIXED,32.06,2300,32.6,67.4,HEALTHY,29.42,44.3,0.0,3.71,4.31,5.7,0,Tomato (Vegetative),0.85,50.0,28.8,HEALTHY,0,0.0
2026-07-12 18:00:00,esp32-field-01,AUTUMN_MIXED,32.06,2306,31.96,68.04,HEALTHY,27.27,47.8,0.0,0.74,4.2,0.0,0,Tomato (Vegetative),0.85,50.0,28.7,HEALTHY,0,0.0
2026-07-12 19:00:00,esp32-field-01,AUTUMN_MIXED,32.05,2310,31.95,68.05,HEALTHY,27.41,55.3,0.0,0.01,3.99,6.5,0,Tomato (Vegetative),0.85,50.0,28.7,HEALTHY,0,0.0
2026-07-12 20:00:00,esp32-field-01,AUTUMN_MIXED,32.04,2292,31.92,68.08,HEALTHY,25.52,63.7,0.0,2.0,3.65,0.6,0,Tomato (Vegetative),0.85,50.0,28.7,HEALTHY,0,0.0
2026-07-12 21:00:00,esp32-field-01,AUTUMN_MIXED,33.35,2291,32.23,67.77,HEALTHY,23.81,65.9,6.2,10.34,3.45,82.5,1,Tomato (Vegetative),0.85,50.0,41.1,HEALTHY,0,0.0
2026-07-12 22:00:00,esp32-field-01,AUTUMN_MIXED,33.35,2260,34.6,65.4,HEALTHY,22.11,65.8,0.0,2.99,3.05,3.3,0,Tomato (Vegetative),0.85,50.0,28.7,HEALTHY,0,0.0
2026-07-12 23:00:00,esp32-field-01,AUTUMN_MIXED,33.34,2271,33.21,66.79,HEALTHY,20.42,64.5,0.0,1.56,2.83,4.0,0,Tomato (Vegetative),0.85,50.0,28.7,HEALTHY,0,0.0
2026-07-13 00:00:00,esp32-field-01,AUTUMN_MIXED,33.34,2270,33.37,66.63,HEALTHY,20.24,73.9,0.0,0.8,2.87,0.8,0,Tomato (Vegetative),0.85,50.0,28.7,HEALTHY,0,0.0
2026-07-13 01:00:00,esp32-field-01,AUTUMN_MIXED,33.65,2280,33.02,66.98,HEALTHY,20.31,75.0,1.5,3.18,3.05,67.6,1,Tomato (Vegetative),0.85,50.0,31.7,HEALTHY,0,0.0
2026-07-13 02:00:00,esp32-field-01,AUTUMN_MIXED,33.65,2294,33.08,66.92,HEALTHY,19.83,70.9,0.0,1.46,3.02,3.0,0,Tomato (Vegetative),0.85,50.0,28.7,HEALTHY,0,0.0
2026-07-13 03:00:00,esp32-field-01,AUTUMN_MIXED,33.64,2293,33.59,66.41,HEALTHY,19.74,75.8,0.0,2.88,3.36,1.3,0,Tomato (Vegetative),0.85,50.0,28.6,HEALTHY,0,0.0
2026-07-13 04:00:00,esp32-field-01,AUTUMN_MIXED,33.64,2252,34.96,65.04,HEALTHY,20.24,74.8,0.0,0.56,2.98,6.8,0,Tomato (Vegetative),0.85,50.0,28.6,HEALTHY,0,0.0
2026-07-13 05:00:00,esp32-field-01,AUTUMN_MIXED,33.63,2266,34.26,65.74,HEALTHY,21.15,72.7,0.0,0.69,2.93,1.6,0,Tomato (Vegetative),0.85,50.0,28.6,HEALTHY,0,0.0
2026-07-13 06:00:00,esp32-field-01,AUTUMN_MIXED,33.62,2295,33.08,66.92,HEALTHY,21.85,62.2,0.0,0.51,3.24,2.1,0,Tomato (Vegetative),0.85,50.0,28.6,HEALTHY,0,0.0
2026-07-13 07:00:00,esp32-field-01,AUTUMN_MIXED,33.6,2239,35.7,64.3,HEALTHY,22.9,59.5,0.0,0.07,3.6,3.8,0,Tomato (Vegetative),0.85,50.0,28.6,HEALTHY,0,0.0
2026-07-13 08:00:00,esp32-field-01,AUTUMN_MIXED,33.55,2300,33.18,66.82,HEALTHY,24.7,59.2,0.0,3.88,3.93,0.6,0,Tomato (Vegetative),0.85,50.0,28.6,HEALTHY,0,0.0
2026-07-13 09:00:00,esp32-field-01,AUTUMN_MIXED,33.47,2254,34.77,65.23,HEALTHY,25.51,55.2,0.0,0.64,4.37,2.3,0,Tomato (Vegetative),0.85,50.0,28.6,HEALTHY,0,0.0
2026-07-13 10:00:00,esp32-field-01,AUTUMN_MIXED,33.38,2291,32.58,67.42,HEALTHY,28.64,52.4,0.0,0.65,4.26,1.8,0,Tomato (Vegetative),0.85,50.0,28.6,HEALTHY,0,0.0
2026-07-13 11:00:00,esp32-field-01,AUTUMN_MIXED,33.32,2296,32.18,67.82,HEALTHY,29.04,50.4,0.2,1.87,4.5,68.7,1,Tomato (Vegetative),0.85,50.0,29.0,HEALTHY,0,0.0
2026-07-13 12:00:00,esp32-field-01,AUTUMN_MIXED,33.21,2293,32.4,67.6,HEALTHY,29.27,52.9,0.0,0.48,4.11,1.0,0,Tomato (Vegetative),0.85,50.0,28.6,HEALTHY,0,0.0
2026-07-13 13:00:00,esp32-field-01,AUTUMN_MIXED,33.1,2289,34.17,65.83,HEALTHY,30.38,46.8,0.0,1.81,4.52,1.2,0,Tomato (Vegetative),0.85,50.0,28.5,HEALTHY,0,0.0
2026-07-13 14:00:00,esp32-field-01,AUTUMN_MIXED,33.01,2294,33.28,66.72,HEALTHY,31.06,45.3,0.0,0.31,4.29,0.9,0,Tomato (Vegetative),0.85,50.0,28.5,HEALTHY,0,0.0
2026-07-13 15:00:00,esp32-field-01,AUTUMN_MIXED,32.93,2276,33.66,66.34,HEALTHY,29.32,50.4,0.0,2.09,4.45,9.5,0,Tomato (Vegetative),0.85,50.0,28.5,HEALTHY,0,0.0
2026-07-13 16:00:00,esp32-field-01,AUTUMN_MIXED,32.88,2295,32.19,67.81,HEALTHY,30.05,47.9,0.0,0.64,4.31,3.7,0,Tomato (Vegetative),0.85,50.0,28.5,HEALTHY,0,0.0
2026-07-13 17:00:00,esp32-field-01,AUTUMN_MIXED,32.85,2283,33.04,66.96,HEALTHY,28.51,45.1,0.0,0.26,4.01,1.9,0,Tomato (Vegetative),0.85,50.0,28.5,HEALTHY,0,0.0
2026-07-13 18:00:00,esp32-field-01,AUTUMN_MIXED,32.85,2301,32.15,67.85,HEALTHY,27.82,54.9,0.0,0.05,4.64,1.4,0,Tomato (Vegetative),0.85,50.0,28.5,HEALTHY,0,0.0
2026-07-13 19:00:00,esp32-field-01,AUTUMN_MIXED,32.84,2338,31.38,68.62,HEALTHY,27.13,57.0,0.0,0.67,4.28,2.9,0,Tomato (Vegetative),0.85,50.0,28.5,HEALTHY,0,0.0
2026-07-13 20:00:00,esp32-field-01,AUTUMN_MIXED,32.84,2287,32.81,67.19,HEALTHY,24.99,63.8,0.0,5.28,3.81,2.5,0,Tomato (Vegetative),0.85,50.0,28.5,HEALTHY,0,0.0
2026-07-13 21:00:00,esp32-field-01,AUTUMN_MIXED,32.83,2277,33.88,66.12,HEALTHY,23.07,63.8,0.0,0.26,3.53,1.9,0,Tomato (Vegetative),0.85,50.0,28.5,HEALTHY,0,0.0
2026-07-13 22:00:00,esp32-field-01,AUTUMN_MIXED,32.83,2291,33.15,66.85,HEALTHY,22.54,69.6,0.0,0.41,3.8,2.9,0,Tomato (Vegetative),0.85,50.0,28.5,HEALTHY,0,0.0
2026-07-13 23:00:00,esp32-field-01,AUTUMN_MIXED,32.82,2286,32.7,67.3,HEALTHY,20.31,70.0,0.0,0.22,3.55,6.7,0,Tomato (Vegetative),0.85,50.0,28.4,HEALTHY,0,0.0
2026-07-14 00:00:00,esp32-field-01,AUTUMN_MIXED,32.81,2273,32.71,67.29,HEALTHY,18.96,74.3,0.0,7.71,2.99,1.0,0,Tomato (Vegetative),0.85,50.0,28.4,HEALTHY,0,0.0
2026-07-14 01:00:00,esp32-field-01,AUTUMN_MIXED,34.51,2251,33.91,66.09,HEALTHY,19.59,76.1,8.0,13.79,2.93,86.3,1,Tomato (Vegetative),0.85,50.0,44.4,HEALTHY,0,0.0
2026-07-14 02:00:00,esp32-field-01,AUTUMN_MIXED,34.5,2250,34.17,65.83,HEALTHY,19.82,69.4,0.0,0.34,2.86,0.5,0,Tomato (Vegetative),0.85,50.0,28.4,HEALTHY,0,0.0
2026-07-14 03:00:00,esp32-field-01,AUTUMN_MIXED,34.5,2246,34.86,65.14,HEALTHY,19.46,72.3,0.0,1.83,2.62,4.0,0,Tomato (Vegetative),0.85,50.0,28.4,HEALTHY,0,0.0
2026-07-14 04:00:00,esp32-field-01,AUTUMN_MIXED,34.49,2297,34.5,65.5,HEALTHY,19.45,76.2,0.0,0.19,3.23,0.5,0,Tomato (Vegetative),0.85,50.0,28.4,HEALTHY,0,0.0
2026-07-14 05:00:00,esp32-field-01,AUTUMN_MIXED,34.49,2247,35.28,64.72,HEALTHY,21.2,71.9,0.0,1.46,2.73,13.2,0,Tomato (Vegetative),0.85,50.0,28.4,HEALTHY,0,0.0
2026-07-14 06:00:00,esp32-field-01,AUTUMN_MIXED,34.48,2252,34.48,65.52,HEALTHY,23.14,64.0,0.0,0.73,3.19,0.5,0,Tomato (Vegetative),0.85,50.0,28.4,HEALTHY,0,0.0
2026-07-14 07:00:00,esp32-field-01,AUTUMN_MIXED,34.46,2248,35.49,64.51,HEALTHY,23.3,63.2,0.0,3.35,3.94,1.5,0,Tomato (Vegetative),0.85,50.0,28.4,HEALTHY,0,0.0
2026-07-14 08:00:00,esp32-field-01,AUTUMN_MIXED,34.41,2265,35.11,64.89,HEALTHY,25.32,59.5,0.0,2.78,3.75,0.2,0,Tomato (Vegetative),0.85,50.0,28.4,HEALTHY,0,0.0
2026-07-14 09:00:00,esp32-field-01,AUTUMN_MIXED,34.34,2260,34.0,66.0,HEALTHY,26.45,59.3,0.0,0.87,4.04,2.2,0,Tomato (Vegetative),0.85,50.0,28.4,HEALTHY,0,0.0
2026-07-14 10:00:00,esp32-field-01,AUTUMN_MIXED,34.25,2285,32.3,67.7,HEALTHY,27.74,50.1,0.0,2.56,4.02,8.3,0,Tomato (Vegetative),0.85,50.0,28.3,HEALTHY,0,0.0
2026-07-14 11:00:00,esp32-field-01,AUTUMN_MIXED,34.15,2274,33.13,66.87,HEALTHY,28.64,55.4,0.0,2.21,4.34,6.6,0,Tomato (Vegetative),0.85,50.0,28.3,HEALTHY,0,0.0
2026-07-14 12:00:00,esp32-field-01,AUTUMN_MIXED,34.02,2257,34.43,65.57,HEALTHY,30.61,47.1,0.0,3.95,4.87,2.7,0,Tomato (Vegetative),0.85,50.0,28.3,HEALTHY,0,0.0
2026-07-14 13:00:00,esp32-field-01,AUTUMN_MIXED,33.92,2269,34.3,65.7,HEALTHY,30.57,45.8,0.0,1.64,4.45,3.1,0,Tomato (Vegetative),0.85,50.0,28.3,HEALTHY,0,0.0
2026-07-14 14:00:00,esp32-field-01,AUTUMN_MIXED,33.82,2278,34.32,65.68,HEALTHY,29.83,47.4,0.0,0.81,4.61,4.5,0,Tomato (Vegetative),0.85,50.0,28.3,HEALTHY,0,0.0
2026-07-14 15:00:00,esp32-field-01,AUTUMN_MIXED,33.73,2309,31.99,68.01,HEALTHY,30.63,49.1,0.0,5.38,4.69,0.3,0,Tomato (Vegetative),0.85,50.0,28.3,HEALTHY,0,0.0
2026-07-14 16:00:00,esp32-field-01,AUTUMN_MIXED,33.68,2287,32.21,67.79,HEALTHY,29.43,46.1,0.0,0.19,4.69,2.2,0,Tomato (Vegetative),0.85,50.0,28.3,HEALTHY,0,0.0
2026-07-14 17:00:00,esp32-field-01,AUTUMN_MIXED,33.64,2272,33.14,66.86,HEALTHY,29.43,51.3,0.0,0.94,4.8,3.4,0,Tomato (Vegetative),0.85,50.0,28.3,HEALTHY,0,0.0
2026-07-14 18:00:00,esp32-field-01,AUTUMN_MIXED,33.64,2303,32.9,67.1,HEALTHY,28.82,55.5,0.0,1.91,4.37,2.8,0,Tomato (Vegetative),0.85,50.0,28.3,HEALTHY,0,0.0
2026-07-14 19:00:00,esp32-field-01,AUTUMN_MIXED,33.72,2287,33.61,66.39,HEALTHY,25.6,56.5,0.4,5.51,4.37,69.5,1,Tomato (Vegetative),0.85,50.0,29.1,HEALTHY,0,0.0
2026-07-14 20:00:00,esp32-field-01,AUTUMN_MIXED,33.71,2259,34.0,66.0,HEALTHY,24.68,57.7,0.0,1.72,3.86,1.1,0,Tomato (Vegetative),0.85,50.0,28.2,HEALTHY,0,0.0
2026-07-14 21:00:00,esp32-field-01,AUTUMN_MIXED,33.71,2287,33.58,66.42,HEALTHY,24.13,61.5,0.0,0.51,3.48,1.8,0,Tomato (Vegetative),0.85,50.0,28.2,HEALTHY,0,0.0
2026-07-14 22:00:00,esp32-field-01,AUTUMN_MIXED,33.7,2281,33.66,66.34,HEALTHY,22.87,65.6,0.0,0.55,3.35,0.8,0,Tomato (Vegetative),0.85,50.0,28.2,HEALTHY,0,0.0
2026-07-14 23:00:00,esp32-field-01,AUTUMN_MIXED,33.7,2279,32.71,67.29,HEALTHY,22.48,70.2,0.0,0.12,3.52,0.7,0,Tomato (Vegetative),0.85,50.0,28.2,HEALTHY,0,0.0
2026-07-15 00:00:00,esp32-field-01,AUTUMN_MIXED,33.69,2289,33.55,66.45,HEALTHY,19.89,74.0,0.0,0.72,2.79,0.7,0,Tomato (Vegetative),0.85,50.0,28.2,HEALTHY,0,0.0
2026-07-15 01:00:00,esp32-field-01,AUTUMN_MIXED,33.69,2283,33.22,66.78,HEALTHY,19.26,73.7,0.0,2.95,2.91,4.4,0,Tomato (Vegetative),0.85,50.0,28.2,HEALTHY,0,0.0
2026-07-15 02:00:00,esp32-field-01,AUTUMN_MIXED,33.96,2257,33.57,66.43,HEALTHY,18.63,77.4,1.3,2.96,3.15,71.6,1,Tomato (Vegetative),0.85,50.0,30.8,HEALTHY,0,0.0
2026-07-15 03:00:00,esp32-field-01,AUTUMN_MIXED,33.95,2269,33.82,66.18,HEALTHY,19.68,75.3,0.0,0.04,2.57,1.1,0,Tomato (Vegetative),0.85,50.0,28.2,HEALTHY,0,0.0
2026-07-15 04:00:00,esp32-field-01,AUTUMN_MIXED,33.95,2264,34.46,65.54,HEALTHY,20.61,72.7,0.0,2.25,3.32,6.3,0,Tomato (Vegetative),0.85,50.0,28.2,HEALTHY,0,0.0
2026-07-15 05:00:00,esp32-field-01,AUTUMN_MIXED,33.94,2239,35.9,64.1,HEALTHY,20.96,67.2,0.0,0.15,3.64,2.3,0,Tomato (Vegetative),0.85,50.0,28.1,HEALTHY,0,0.0
2026-07-15 06:00:00,esp32-field-01,AUTUMN_MIXED,33.93,2266,34.35,65.65,HEALTHY,23.76,65.2,0.0,0.62,3.7,4.0,0,Tomato (Vegetative),0.85,50.0,28.1,HEALTHY,0,0.0
2026-07-15 07:00:00,esp32-field-01,AUTUMN_MIXED,33.91,2256,34.86,65.14,HEALTHY,23.52,60.1,0.0,1.55,3.36,1.1,0,Tomato (Vegetative),0.85,50.0,28.1,HEALTHY,0,0.0
2026-07-15 08:00:00,esp32-field-01,AUTUMN_MIXED,33.86,2259,34.83,65.17,HEALTHY,26.13,60.2,0.0,0.42,4.17,1.9,0,Tomato (Vegetative),0.85,50.0,28.1,HEALTHY,0,0.0
2026-07-15 09:00:00,esp32-field-01,AUTUMN_MIXED,33.79,2290,31.84,68.16,HEALTHY,26.22,56.7,0.0,1.38,3.98,0.7,0,Tomato (Vegetative),0.85,50.0,28.1,HEALTHY,0,0.0
2026-07-15 10:00:00,esp32-field-01,AUTUMN_MIXED,33.69,2297,31.87,68.13,HEALTHY,28.58,54.9,0.0,0.09,4.35,2.4,0,Tomato (Vegetative),0.85,50.0,28.1,HEALTHY,0,0.0
2026-07-15 11:00:00,esp32-field-01,AUTUMN_MIXED,33.59,2297,33.03,66.97,HEALTHY,28.76,47.2,0.0,1.14,4.28,1.1,0,Tomato (Vegetative),0.85,50.0,28.1,HEALTHY,0,0.0
2026-07-15 12:00:00,esp32-field-01,AUTUMN_MIXED,33.47,2266,34.03,65.97,HEALTHY,30.13,42.8,0.0,2.68,4.72,4.5,0,Tomato (Vegetative),0.85,50.0,28.1,HEALTHY,0,0.0
2026-07-15 13:00:00,esp32-field-01,AUTUMN_MIXED,33.37,2315,32.19,67.81,HEALTHY,29.7,49.5,0.0,1.03,4.38,3.3,0,Tomato (Vegetative),0.85,50.0,28.1,HEALTHY,0,0.0
2026-07-15 14:00:00,esp32-field-01,AUTUMN_MIXED,33.27,2269,33.1,66.9,HEALTHY,31.22,45.4,0.0,1.04,4.34,6.5,0,Tomato (Vegetative),0.85,50.0,28.1,HEALTHY,0,0.0
2026-07-15 15:00:00,esp32-field-01,AUTUMN_MIXED,33.2,2281,33.09,66.91,HEALTHY,29.12,42.1,0.0,2.38,3.92,9.4,0,Tomato (Vegetative),0.85,50.0,28.0,HEALTHY,0,0.0
2026-07-15 16:00:00,esp32-field-01,AUTUMN_MIXED,33.14,2297,32.93,67.07,HEALTHY,30.55,48.5,0.0,1.33,4.77,2.8,0,Tomato (Vegetative),0.85,50.0,28.0,HEALTHY,0,0.0
2026-07-15 17:00:00,esp32-field-01,AUTUMN_MIXED,33.11,2303,33.53,66.47,HEALTHY,28.27,48.2,0.0,0.63,4.57,0.6,0,Tomato (Vegetative),0.85,50.0,28.0,HEALTHY,0,0.0
2026-07-15 18:00:00,esp32-field-01,AUTUMN_MIXED,33.11,2287,33.33,66.67,HEALTHY,28.15,53.9,0.0,5.13,4.23,1.8,0,Tomato (Vegetative),0.85,50.0,28.0,HEALTHY,0,0.0
2026-07-15 19:00:00,esp32-field-01,AUTUMN_MIXED,33.11,2296,32.47,67.53,HEALTHY,26.31,59.5,0.0,2.06,4.09,4.5,0,Tomato (Vegetative),0.85,50.0,28.0,HEALTHY,0,0.0
2026-07-15 20:00:00,esp32-field-01,AUTUMN_MIXED,33.1,2309,33.17,66.83,HEALTHY,24.73,58.8,0.0,0.39,4.2,0.1,0,Tomato (Vegetative),0.85,50.0,28.0,HEALTHY,0,0.0
2026-07-15 21:00:00,esp32-field-01,AUTUMN_MIXED,33.09,2295,32.42,67.58,HEALTHY,22.75,62.8,0.0,0.89,3.33,5.2,0,Tomato (Vegetative),0.85,50.0,28.0,HEALTHY,0,0.0
2026-07-15 22:00:00,esp32-field-01,AUTUMN_MIXED,33.09,2298,32.1,67.9,HEALTHY,22.14,66.8,0.0,1.33,3.22,0.7,0,Tomato (Vegetative),0.85,50.0,28.0,HEALTHY,0,0.0
2026-07-15 23:00:00,esp32-field-01,AUTUMN_MIXED,33.08,2280,33.42,66.58,HEALTHY,19.87,69.8,0.0,4.0,3.08,0.3,0,Tomato (Vegetative),0.85,50.0,28.0,HEALTHY,0,0.0
2026-07-16 00:00:00,esp32-field-01,AUTUMN_MIXED,33.08,2286,33.11,66.89,HEALTHY,19.44,74.5,0.0,1.44,2.95,0.4,0,Tomato (Vegetative),0.85,50.0,28.0,HEALTHY,0,0.0
2026-07-16 01:00:00,esp32-field-01,AUTUMN_MIXED,33.07,2263,34.81,65.19,HEALTHY,20.49,71.7,0.0,1.14,3.13,0.3,0,Tomato (Vegetative),0.85,50.0,27.9,HEALTHY,0,0.0
2026-07-16 02:00:00,esp32-field-01,AUTUMN_MIXED,33.07,2279,32.42,67.58,HEALTHY,18.82,71.3,0.0,2.4,2.65,2.2,0,Tomato (Vegetative),0.85,50.0,27.9,HEALTHY,0,0.0
2026-07-16 03:00:00,esp32-field-01,AUTUMN_MIXED,33.06,2266,33.73,66.27,HEALTHY,20.57,68.3,0.0,1.12,2.62,2.9,0,Tomato (Vegetative),0.85,50.0,27.9,HEALTHY,0,0.0
2026-07-16 04:00:00,esp32-field-01,AUTUMN_MIXED,33.06,2286,32.66,67.34,HEALTHY,20.17,69.6,0.0,0.41,3.24,2.6,0,Tomato (Vegetative),0.85,50.0,27.9,HEALTHY,0,0.0
2026-07-16 05:00:00,esp32-field-01,AUTUMN_MIXED,33.05,2262,34.64,65.36,HEALTHY,21.68,66.9,0.0,1.15,3.81,6.2,0,Tomato (Vegetative),0.85,50.0,27.9,HEALTHY,0,0.0
2026-07-16 06:00:00,esp32-field-01,AUTUMN_MIXED,33.04,2292,32.86,67.14,HEALTHY,23.12,63.2,0.0,1.46,3.9,3.0,0,Tomato (Vegetative),0.85,50.0,27.9,HEALTHY,0,0.0
2026-07-16 07:00:00,esp32-field-01,AUTUMN_MIXED,33.02,2283,33.38,66.62,HEALTHY,22.94,60.3,0.0,0.66,3.22,0.6,0,Tomato (Vegetative),0.85,50.0,27.9,HEALTHY,0,0.0
2026-07-16 08:00:00,esp32-field-01,AUTUMN_MIXED,32.97,2301,32.71,67.29,HEALTHY,25.38,59.9,0.0,1.49,3.96,3.9,0,Tomato (Vegetative),0.85,50.0,27.9,HEALTHY,0,0.0
2026-07-16 09:00:00,esp32-field-01,AUTUMN_MIXED,32.89,2296,32.71,67.29,HEALTHY,27.64,55.0,0.0,1.02,4.42,2.3,0,Tomato (Vegetative),0.85,50.0,27.9,HEALTHY,0,0.0
2026-07-16 10:00:00,esp32-field-01,AUTUMN_MIXED,32.8,2286,33.54,66.46,HEALTHY,29.4,57.1,0.0,0.3,4.5,9.9,0,Tomato (Vegetative),0.85,50.0,27.9,HEALTHY,0,0.0
2026-07-16 11:00:00,esp32-field-01,AUTUMN_MIXED,32.68,2261,32.35,67.65,HEALTHY,27.34,51.4,0.0,1.16,4.69,2.9,0,Tomato (Vegetative),0.85,50.0,27.9,HEALTHY,0,0.0
2026-07-16 12:00:00,esp32-field-01,AUTUMN_MIXED,32.58,2316,32.35,67.65,HEALTHY,28.69,46.5,0.0,0.61,4.13,0.3,0,Tomato (Vegetative),0.85,50.0,27.8,HEALTHY,0,0.0
2026-07-16 13:00:00,esp32-field-01,AUTUMN_MIXED,32.47,2309,31.55,68.45,HEALTHY,31.1,42.6,0.0,0.82,4.55,5.8,0,Tomato (Vegetative),0.85,50.0,27.8,HEALTHY,0,0.0
2026-07-16 14:00:00,esp32-field-01,AUTUMN_MIXED,32.38,2320,31.55,68.45,HEALTHY,30.21,46.3,0.0,0.91,4.2,0.6,0,Tomato (Vegetative),0.85,50.0,27.8,HEALTHY,0,0.0
2026-07-16 15:00:00,esp32-field-01,AUTUMN_MIXED,32.3,2319,30.29,69.71,HEALTHY,29.63,49.8,0.0,2.27,4.57,0.8,0,Tomato (Vegetative),0.85,50.0,27.8,HEALTHY,0,0.0
2026-07-16 16:00:00,esp32-field-01,AUTUMN_MIXED,32.23,2326,30.97,69.03,HEALTHY,30.76,47.8,0.0,1.48,5.07,0.4,0,Tomato (Vegetative),0.85,50.0,27.8,HEALTHY,0,0.0
2026-07-16 17:00:00,esp32-field-01,AUTUMN_MIXED,32.2,2321,31.22,68.78,HEALTHY,29.04,48.4,0.0,0.11,4.61,0.7,0,Tomato (Vegetative),0.85,50.0,27.8,HEALTHY,0,0.0
2026-07-16 18:00:00,esp32-field-01,AUTUMN_MIXED,32.2,2325,31.38,68.62,HEALTHY,27.25,55.2,0.0,1.49,4.56,5.9,0,Tomato (Vegetative),0.85,50.0,27.8,HEALTHY,0,0.0
2026-07-16 19:00:00,esp32-field-01,AUTUMN_MIXED,32.2,2304,32.31,67.69,HEALTHY,26.39,58.7,0.0,3.46,3.77,6.5,0,Tomato (Vegetative),0.85,50.0,27.8,HEALTHY,0,0.0
2026-07-16 20:00:00,esp32-field-01,AUTUMN_MIXED,32.19,2314,31.63,68.37,HEALTHY,26.19,59.7,0.0,2.02,4.24,1.7,0,Tomato (Vegetative),0.85,50.0,27.8,HEALTHY,0,0.0
2026-07-16 21:00:00,esp32-field-01,AUTUMN_MIXED,32.18,2331,31.4,68.6,HEALTHY,23.98,61.0,0.0,0.84,3.67,8.8,0,Tomato (Vegetative),0.85,50.0,27.8,HEALTHY,0,0.0
2026-07-16 22:00:00,esp32-field-01,AUTUMN_MIXED,32.18,2287,31.76,68.24,HEALTHY,22.34,62.9,0.0,2.95,3.1,0.9,0,Tomato (Vegetative),0.85,50.0,27.7,HEALTHY,0,0.0
2026-07-16 23:00:00,esp32-field-01,AUTUMN_MIXED,33.87,2291,32.96,67.04,HEALTHY,21.29,67.4,8.0,12.66,2.82,89.5,1,Tomato (Vegetative),0.85,50.0,43.7,HEALTHY,0,0.0
2026-07-17 00:00:00,esp32-field-01,AUTUMN_MIXED,33.87,2274,34.48,65.52,HEALTHY,21.51,67.2,0.0,0.85,3.16,1.8,0,Tomato (Vegetative),0.85,50.0,27.7,HEALTHY,0,0.0
2026-07-17 01:00:00,esp32-field-01,AUTUMN_MIXED,33.86,4095,0.0,0.0,FAULT,19.52,73.3,0.0,0.19,3.12,2.8,0,Tomato (Vegetative),0.85,50.0,27.7,HEALTHY,0,0.0
2026-07-17 02:00:00,esp32-field-01,AUTUMN_MIXED,33.86,2270,33.56,66.44,HEALTHY,19.89,72.6,0.0,1.87,3.37,0.2,0,Tomato (Vegetative),0.85,50.0,27.7,HEALTHY,0,0.0
2026-07-17 03:00:00,esp32-field-01,AUTUMN_MIXED,33.85,2263,34.3,65.7,HEALTHY,19.58,72.3,0.0,0.95,3.18,0.6,0,Tomato (Vegetative),0.85,50.0,27.7,HEALTHY,0,0.0
2026-07-17 04:00:00,esp32-field-01,AUTUMN_MIXED,33.84,2279,33.91,66.09,HEALTHY,20.78,73.1,0.0,0.25,3.46,3.5,0,Tomato (Vegetative),0.85,50.0,27.7,HEALTHY,0,0.0
2026-07-17 05:00:00,esp32-field-01,AUTUMN_MIXED,33.84,2291,33.43,66.57,HEALTHY,20.03,69.5,0.0,1.25,2.85,0.9,0,Tomato (Vegetative),0.85,50.0,27.7,HEALTHY,0,0.0
2026-07-17 06:00:00,esp32-field-01,AUTUMN_MIXED,33.83,2272,34.58,65.42,HEALTHY,23.18,68.6,0.0,0.41,3.51,9.9,0,Tomato (Vegetative),0.85,50.0,27.7,HEALTHY,0,0.0
2026-07-17 07:00:00,esp32-field-01,AUTUMN_MIXED,33.81,2272,33.98,66.02,HEALTHY,24.07,65.2,0.0,3.95,4.1,4.3,0,Tomato (Vegetative),0.85,50.0,27.6,HEALTHY,0,0.0
2026-07-17 08:00:00,esp32-field-01,AUTUMN_MIXED,33.76,2281,33.96,66.04,HEALTHY,26.42,59.4,0.0,1.71,4.1,6.5,0,Tomato (Vegetative),0.85,50.0,27.6,HEALTHY,0,0.0
2026-07-17 09:00:00,esp32-field-01,AUTUMN_MIXED,33.68,2267,33.6,66.4,HEALTHY,26.44,53.2,0.0,0.34,4.02,0.7,0,Tomato (Vegetative),0.85,50.0,27.6,HEALTHY,0,0.0
2026-07-17 10:00:00,esp32-field-01,AUTUMN_MIXED,33.6,2266,34.1,65.9,HEALTHY,27.14,55.8,0.0,0.7,3.91,4.9,0,Tomato (Vegetative),0.85,50.0,27.6,HEALTHY,0,0.0
2026-07-17 11:00:00,esp32-field-01,AUTUMN_MIXED,33.49,2263,33.71,66.29,HEALTHY,28.68,49.5,0.0,0.88,4.44,6.4,0,Tomato (Vegetative),0.85,50.0,27.6,HEALTHY,0,0.0
2026-07-17 12:00:00,esp32-field-01,AUTUMN_MIXED,33.37,2278,33.6,66.4,HEALTHY,31.08,44.3,0.0,0.85,4.7,0.4,0,Tomato (Vegetative),0.85,50.0,27.6,HEALTHY,0,0.0
2026-07-17 13:00:00,esp32-field-01,AUTUMN_MIXED,33.26,2291,32.82,67.18,HEALTHY,29.24,43.6,0.0,0.06,4.52,4.7,0,Tomato (Vegetative),0.85,50.0,27.6,HEALTHY,0,0.0
2026-07-17 14:00:00,esp32-field-01,AUTUMN_MIXED,33.17,2288,33.55,66.45,HEALTHY,30.3,45.6,0.0,1.14,4.61,1.2,0,Tomato (Vegetative),0.85,50.0,27.6,HEALTHY,0,0.0
2026-07-17 15:00:00,esp32-field-01,AUTUMN_MIXED,33.07,2264,32.84,67.16,HEALTHY,32.31,46.7,0.0,2.97,5.28,0.6,0,Tomato (Vegetative),0.85,50.0,27.6,HEALTHY,0,0.0
2026-07-17 16:00:00,esp32-field-01,AUTUMN_MIXED,33.01,2286,33.05,66.95,HEALTHY,30.27,46.1,0.0,2.55,4.59,2.8,0,Tomato (Vegetative),0.85,50.0,27.6,HEALTHY,0,0.0
2026-07-17 17:00:00,esp32-field-01,AUTUMN_MIXED,32.99,2300,32.76,67.24,HEALTHY,28.8,52.1,0.0,1.36,4.42,0.1,0,Tomato (Vegetative),0.85,50.0,27.5,HEALTHY,0,0.0
2026-07-17 18:00:00,esp32-field-01,AUTUMN_MIXED,32.99,2304,32.24,67.76,HEALTHY,27.78,49.0,0.0,1.92,4.42,1.5,0,Tomato (Vegetative),0.85,50.0,27.5,HEALTHY,0,0.0
2026-07-17 19:00:00,esp32-field-01,AUTUMN_MIXED,32.98,2297,31.5,68.5,HEALTHY,26.14,55.0,0.0,1.0,4.02,2.0,0,Tomato (Vegetative),0.85,50.0,27.5,HEALTHY,0,0.0
2026-07-17 20:00:00,esp32-field-01,AUTUMN_MIXED,32.97,2289,31.56,68.44,HEALTHY,23.92,62.2,0.0,3.2,3.63,2.5,0,Tomato (Vegetative),0.85,50.0,27.5,HEALTHY,0,0.0
2026-07-17 21:00:00,esp32-field-01,AUTUMN_MIXED,32.96,2287,32.85,67.15,HEALTHY,24.65,63.4,0.0,0.25,3.89,10.2,0,Tomato (Vegetative),0.85,50.0,27.5,HEALTHY,0,0.0
2026-07-17 22:00:00,esp32-field-01,AUTUMN_MIXED,32.96,2298,33.29,66.71,HEALTHY,22.28,67.1,0.0,0.71,3.24,0.5,0,Tomato (Vegetative),0.85,50.0,27.5,HEALTHY,0,0.0
2026-07-17 23:00:00,esp32-field-01,AUTUMN_MIXED,32.95,2304,32.38,67.62,HEALTHY,20.01,70.3,0.0,0.24,2.83,1.2,0,Tomato (Vegetative),0.85,50.0,27.5,HEALTHY,0,0.0
2026-07-18 00:00:00,esp32-field-01,AUTUMN_MIXED,32.95,2290,32.9,67.1,HEALTHY,20.99,73.3,0.0,2.82,3.12,1.8,0,Tomato (Vegetative),0.85,50.0,27.5,HEALTHY,0,0.0
2026-07-18 01:00:00,esp32-field-01,AUTUMN_MIXED,32.94,2301,33.2,66.8,HEALTHY,20.77,78.0,0.0,1.32,3.07,2.2,0,Tomato (Vegetative),0.85,50.0,27.5,HEALTHY,0,0.0
2026-07-18 02:00:00,esp32-field-01,AUTUMN_MIXED,32.94,2281,32.77,67.23,HEALTHY,19.33,74.0,0.0,0.06,3.2,10.8,0,Tomato (Vegetative),0.85,50.0,27.5,HEALTHY,0,0.0
2026-07-18 03:00:00,esp32-field-01,AUTUMN_MIXED,32.93,2318,31.81,68.19,HEALTHY,20.48,72.4,0.0,2.33,3.2,1.2,0,Tomato (Vegetative),0.85,50.0,27.4,HEALTHY,0,0.0
2026-07-18 04:00:00,esp32-field-01,AUTUMN_MIXED,32.93,2308,32.59,67.41,HEALTHY,20.24,71.9,0.0,1.28,2.58,2.8,0,Tomato (Vegetative),0.85,50.0,27.4,HEALTHY,0,0.0
2026-07-18 05:00:00,esp32-field-01,AUTUMN_MIXED,32.92,2279,32.49,67.51,HEALTHY,21.86,71.2,0.0,2.85,3.24,1.2,0,Tomato (Vegetative),0.85,50.0,27.4,HEALTHY,0,0.0
2026-07-18 06:00:00,esp32-field-01,AUTUMN_MIXED,32.92,2301,32.86,67.14,HEALTHY,22.52,68.5,0.0,3.34,3.61,3.7,0,Tomato (Vegetative),0.85,50.0,27.4,HEALTHY,0,0.0
2026-07-18 07:00:00,esp32-field-01,AUTUMN_MIXED,32.89,2275,32.68,67.32,HEALTHY,24.57,63.1,0.0,0.79,3.71,0.4,0,Tomato (Vegetative),0.85,50.0,27.4,HEALTHY,0,0.0
2026-07-18 08:00:00,esp32-field-01,AUTUMN_MIXED,32.84,2292,33.07,66.93,HEALTHY,25.11,61.4,0.0,3.42,3.8,0.9,0,Tomato (Vegetative),0.85,50.0,27.4,HEALTHY,0,0.0
2026-07-18 09:00:00,esp32-field-01,AUTUMN_MIXED,32.77,2289,33.23,66.77,HEALTHY,25.6,54.6,0.0,0.31,3.93,4.4,0,Tomato (Vegetative),0.85,50.0,27.4,HEALTHY,0,0.0
2026-07-18 10:00:00,esp32-field-01,AUTUMN_MIXED,32.67,2322,31.94,68.06,HEALTHY,27.5,53.0,0.0,3.6,4.63,8.3,0,Tomato (Vegetative),0.85,50.0,27.4,HEALTHY,0,0.0
2026-07-18 11:00:00,esp32-field-01,AUTUMN_MIXED,32.57,2272,32.84,67.16,HEALTHY,29.67,52.1,0.0,0.17,4.45,1.9,0,Tomato (Vegetative),0.85,50.0,27.4,HEALTHY,0,0.0
2026-07-18 12:00:00,esp32-field-01,AUTUMN_MIXED,32.46,2326,32.13,67.87,HEALTHY,28.85,50.5,0.0,3.52,4.29,2.6,0,Tomato (Vegetative),0.85,50.0,27.4,HEALTHY,0,0.0
2026-07-18 13:00:00,esp32-field-01,AUTUMN_MIXED,32.34,2288,33.7,66.3,HEALTHY,30.52,49.0,0.0,0.36,4.97,3.3,0,Tomato (Vegetative),0.85,50.0,27.4,HEALTHY,0,0.0
2026-07-18 14:00:00,esp32-field-01,AUTUMN_MIXED,32.41,2311,32.44,67.56,HEALTHY,30.66,46.7,0.8,1.92,4.66,71.5,1,Tomato (Vegetative),0.85,50.0,28.9,HEALTHY,0,0.0
2026-07-18 15:00:00,esp32-field-01,AUTUMN_MIXED,32.33,2288,33.06,66.94,HEALTHY,31.18,42.6,0.0,3.78,4.6,0.7,0,Tomato (Vegetative),0.85,50.0,27.3,HEALTHY,0,0.0
2026-07-18 16:00:00,esp32-field-01,AUTUMN_MIXED,32.26,2304,31.69,68.31,HEALTHY,29.44,50.7,0.0,0.08,5.0,1.0,0,Tomato (Vegetative),0.85,50.0,27.3,HEALTHY,0,0.0
2026-07-18 17:00:00,esp32-field-01,AUTUMN_MIXED,32.24,2296,32.66,67.34,HEALTHY,28.58,52.4,0.0,0.59,4.23,4.4,0,Tomato (Vegetative),0.85,50.0,27.3,HEALTHY,0,0.0
2026-07-18 18:00:00,esp32-field-01,AUTUMN_MIXED,32.24,2307,32.54,67.46,HEALTHY,27.55,49.1,0.0,1.81,4.3,3.1,0,Tomato (Vegetative),0.85,50.0,27.3,HEALTHY,0,0.0
2026-07-18 19:00:00,esp32-field-01,AUTUMN_MIXED,32.23,2316,31.02,68.98,HEALTHY,27.23,59.5,0.0,0.59,4.15,6.9,0,Tomato (Vegetative),0.85,50.0,27.3,HEALTHY,0,0.0
2026-07-18 20:00:00,esp32-field-01,AUTUMN_MIXED,32.22,2285,33.28,66.72,HEALTHY,25.84,61.8,0.0,0.18,3.74,2.0,0,Tomato (Vegetative),0.85,50.0,27.3,HEALTHY,0,0.0
2026-07-18 21:00:00,esp32-field-01,AUTUMN_MIXED,32.22,2295,32.98,67.02,HEALTHY,23.57,61.9,0.0,1.22,3.68,1.2,0,Tomato (Vegetative),0.85,50.0,27.3,HEALTHY,0,0.0
2026-07-18 22:00:00,esp32-field-01,AUTUMN_MIXED,32.21,2310,31.88,68.12,HEALTHY,21.59,67.5,0.0,0.43,2.93,1.4,0,Tomato (Vegetative),0.85,50.0,27.3,HEALTHY,0,0.0
2026-07-18 23:00:00,esp32-field-01,AUTUMN_MIXED,32.54,2258,35.18,64.82,HEALTHY,22.49,67.0,1.6,5.64,3.32,75.7,1,Tomato (Vegetative),0.85,50.0,30.4,HEALTHY,0,0.0
2026-07-19 00:00:00,esp32-field-01,AUTUMN_MIXED,32.54,2284,33.19,66.81,HEALTHY,19.8,72.2,0.0,1.1,3.5,3.9,0,Tomato (Vegetative),0.85,50.0,27.2,HEALTHY,0,0.0
2026-07-19 01:00:00,esp32-field-01,AUTUMN_MIXED,32.53,2282,33.6,66.4,HEALTHY,20.34,74.7,0.0,0.61,3.21,0.4,0,Tomato (Vegetative),0.85,50.0,27.2,HEALTHY,0,0.0
2026-07-19 02:00:00,esp32-field-01,AUTUMN_MIXED,32.53,2300,33.31,66.69,HEALTHY,20.68,75.3,0.0,0.1,3.12,0.8,0,Tomato (Vegetative),0.85,50.0,27.2,HEALTHY,0,0.0
2026-07-19 03:00:00,esp32-field-01,AUTUMN_MIXED,32.52,2290,32.92,67.08,HEALTHY,19.66,72.1,0.0,3.42,3.42,5.1,0,Tomato (Vegetative),0.85,50.0,27.2,HEALTHY,0,0.0
2026-07-19 04:00:00,esp32-field-01,AUTUMN_MIXED,32.52,2303,33.57,66.43,HEALTHY,21.75,71.1,0.0,0.98,3.24,0.4,0,Tomato (Vegetative),0.85,50.0,27.2,HEALTHY,0,0.0
2026-07-19 05:00:00,esp32-field-01,AUTUMN_MIXED,32.51,2271,33.65,66.35,HEALTHY,20.98,67.1,0.0,2.68,2.89,1.6,0,Tomato (Vegetative),0.85,50.0,27.2,HEALTHY,0,0.0
2026-07-19 06:00:00,esp32-field-01,AUTUMN_MIXED,32.5,2275,32.44,67.56,HEALTHY,22.12,68.1,0.0,0.53,3.43,4.4,0,Tomato (Vegetative),0.85,50.0,27.2,HEALTHY,0,0.0
2026-07-19 07:00:00,esp32-field-01,AUTUMN_MIXED,32.48,2314,32.52,67.48,HEALTHY,23.81,64.3,0.0,0.42,3.62,0.8,0,Tomato (Vegetative),0.85,50.0,27.2,HEALTHY,0,0.0
2026-07-19 08:00:00,esp32-field-01,AUTUMN_MIXED,32.44,2300,32.3,67.7,HEALTHY,24.66,62.0,0.0,0.64,3.58,0.4,0,Tomato (Vegetative),0.85,50.0,27.2,HEALTHY,0,0.0
2026-07-19 09:00:00,esp32-field-01,AUTUMN_MIXED,32.37,2286,33.52,66.48,HEALTHY,26.42,55.1,0.0,6.19,3.84,0.7,0,Tomato (Vegetative),0.85,50.0,27.1,HEALTHY,0,0.0
2026-07-19 10:00:00,esp32-field-01,AUTUMN_MIXED,32.27,2294,33.28,66.72,HEALTHY,28.61,55.7,0.0,0.48,4.71,0.6,0,Tomato (Vegetative),0.85,50.0,27.1,HEALTHY,0,0.0
2026-07-19 11:00:00,esp32-field-01,AUTUMN_MIXED,32.17,2325,31.21,68.79,HEALTHY,28.81,45.7,0.0,0.65,3.87,4.4,0,Tomato (Vegetative),0.85,50.0,27.1,HEALTHY,0,0.0
2026-07-19 12:00:00,esp32-field-01,AUTUMN_MIXED,33.33,2288,33.01,66.99,HEALTHY,30.45,48.4,6.0,9.0,4.62,86.8,1,Tomato (Vegetative),0.85,50.0,39.1,HEALTHY,0,0.0
2026-07-19 13:00:00,esp32-field-01,AUTUMN_MIXED,33.22,2287,33.72,66.28,HEALTHY,29.36,50.3,0.0,0.06,4.51,1.4,0,Tomato (Vegetative),0.85,50.0,27.1,HEALTHY,0,0.0
2026-07-19 14:00:00,esp32-field-01,AUTUMN_MIXED,33.13,2293,33.31,66.69,HEALTHY,31.19,49.0,0.0,1.61,4.15,3.7,0,Tomato (Vegetative),0.85,50.0,27.1,HEALTHY,0,0.0
2026-07-19 15:00:00,esp32-field-01,AUTUMN_MIXED,33.05,2315,32.47,67.53,HEALTHY,31.34,50.5,0.0,3.35,4.73,3.7,0,Tomato (Vegetative),0.85,50.0,27.1,HEALTHY,0,0.0
2026-07-19 16:00:00,esp32-field-01,AUTUMN_MIXED,32.99,2292,32.31,67.69,HEALTHY,30.93,46.8,0.0,0.24,4.57,4.9,0,Tomato (Vegetative),0.85,50.0,27.1,HEALTHY,0,0.0
2026-07-19 17:00:00,esp32-field-01,AUTUMN_MIXED,32.98,2263,34.29,65.71,HEALTHY,27.86,47.9,0.1,0.59,4.59,67.3,1,Tomato (Vegetative),0.85,50.0,27.3,HEALTHY,0,0.0
2026-07-19 18:00:00,esp32-field-01,AUTUMN_MIXED,32.98,2290,33.12,66.88,HEALTHY,29.11,57.1,0.0,0.56,4.29,3.8,0,Tomato (Vegetative),0.85,50.0,27.1,HEALTHY,0,0.0
2026-07-19 19:00:00,esp32-field-01,AUTUMN_MIXED,32.98,2326,31.52,68.48,HEALTHY,26.86,59.7,0.0,4.17,3.84,1.9,0,Tomato (Vegetative),0.85,50.0,27.0,HEALTHY,0,0.0
2026-07-19 20:00:00,esp32-field-01,AUTUMN_MIXED,32.97,2323,30.68,69.32,HEALTHY,26.28,63.1,0.0,1.84,4.08,9.5,0,Tomato (Vegetative),0.85,50.0,27.0,HEALTHY,0,0.0
2026-07-19 21:00:00,esp32-field-01,AUTUMN_MIXED,32.96,2258,34.38,65.62,HEALTHY,22.86,65.0,0.0,0.05,3.45,5.9,0,Tomato (Vegetative),0.85,50.0,27.0,HEALTHY,0,0.0
2026-07-19 22:00:00,esp32-field-01,AUTUMN_MIXED,32.96,2289,33.73,66.27,HEALTHY,21.44,67.8,0.0,1.8,3.31,1.9,0,Tomato (Vegetative),0.85,50.0,27.0,HEALTHY,0,0.0
2026-07-19 23:00:00,esp32-field-01,AUTUMN_MIXED,32.95,2279,32.74,67.26,HEALTHY,21.01,66.3,0.0,0.38,3.29,0.8,0,Tomato (Vegetative),0.85,50.0,27.0,HEALTHY,0,0.0
2026-07-20 00:00:00,esp32-field-01,AUTUMN_MIXED,32.95,2316,31.55,68.45,HEALTHY,18.91,68.3,0.0,0.75,2.9,1.6,0,Tomato (Vegetative),0.85,50.0,27.0,HEALTHY,0,0.0
2026-07-20 01:00:00,esp32-field-01,AUTUMN_MIXED,33.62,2331,31.11,68.89,HEALTHY,19.76,74.1,3.2,6.13,2.8,72.5,1,Tomato (Vegetative),0.85,50.0,33.4,HEALTHY,0,0.0
2026-07-20 02:00:00,esp32-field-01,AUTUMN_MIXED,33.62,2251,35.17,64.83,HEALTHY,20.15,75.6,0.0,2.36,3.2,1.2,0,Tomato (Vegetative),0.85,50.0,27.0,HEALTHY,0,0.0
2026-07-20 03:00:00,esp32-field-01,AUTUMN_MIXED,33.61,2280,33.48,66.52,HEALTHY,19.14,69.6,0.0,2.81,2.68,4.5,0,Tomato (Vegetative),0.85,50.0,27.0,HEALTHY,0,0.0
2026-07-20 04:00:00,esp32-field-01,AUTUMN_MIXED,33.6,2303,32.1,67.9,HEALTHY,21.27,75.0,0.0,1.44,3.23,14.0,0,Tomato (Vegetative),0.85,50.0,27.0,HEALTHY,0,0.0
2026-07-20 05:00:00,esp32-field-01,AUTUMN_MIXED,33.6,2248,34.63,65.37,HEALTHY,22.03,74.4,0.0,1.2,4.07,1.1,0,Tomato (Vegetative),0.85,50.0,26.9,HEALTHY,0,0.0
2026-07-20 06:00:00,esp32-field-01,AUTUMN_MIXED,33.59,2267,33.41,66.59,HEALTHY,22.71,66.0,0.0,1.15,3.79,0.4,0,Tomato (Vegetative),0.85,50.0,26.9,HEALTHY,0,0.0
2026-07-20 07:00:00,esp32-field-01,AUTUMN_MIXED,33.57,2269,33.42,66.58,HEALTHY,24.01,65.2,0.0,1.52,3.79,0.1,0,Tomato (Vegetative),0.85,50.0,26.9,HEALTHY,0,0.0
2026-07-20 08:00:00,esp32-field-01,AUTUMN_MIXED,33.52,2311,32.3,67.7,HEALTHY,24.72,61.4,0.0,0.05,3.8,0.2,0,Tomato (Vegetative),0.85,50.0,26.9,HEALTHY,0,0.0
2026-07-20 09:00:00,esp32-field-01,AUTUMN_MIXED,33.44,2279,33.67,66.33,HEALTHY,25.79,59.2,0.0,2.07,4.3,1.3,0,Tomato (Vegetative),0.85,50.0,26.9,HEALTHY,0,0.0
2026-07-20 10:00:00,esp32-field-01,AUTUMN_MIXED,33.36,2275,34.45,65.55,HEALTHY,28.24,52.2,0.0,0.38,3.9,0.8,0,Tomato (Vegetative),0.85,50.0,26.9,HEALTHY,0,0.0
2026-07-20 11:00:00,esp32-field-01,AUTUMN_MIXED,33.25,2310,31.88,68.12,HEALTHY,28.43,42.9,0.0,1.87,4.41,1.2,0,Tomato (Vegetative),0.85,50.0,26.9,HEALTHY,0,0.0
2026-07-20 12:00:00,esp32-field-01,AUTUMN_MIXED,33.13,2277,34.06,65.94,HEALTHY,30.46,49.8,0.0,7.14,4.71,2.0,0,Tomato (Vegetative),0.85,50.0,26.9,HEALTHY,0,0.0
2026-07-20 13:00:00,esp32-field-01,AUTUMN_MIXED,33.03,2260,34.63,65.37,HEALTHY,29.81,44.4,0.0,3.24,4.4,0.1,0,Tomato (Vegetative),0.85,50.0,26.9,HEALTHY,0,0.0
2026-07-20 14:00:00,esp32-field-01,AUTUMN_MIXED,32.93,2315,31.42,68.58,HEALTHY,31.21,46.3,0.0,0.95,4.41,3.2,0,Tomato (Vegetative),0.85,50.0,26.9,HEALTHY,0,0.0
2026-07-20 15:00:00,esp32-field-01,AUTUMN_MIXED,32.85,2316,31.33,68.67,HEALTHY,30.02,42.4,0.0,0.14,4.7,0.9,0,Tomato (Vegetative),0.85,50.0,26.9,HEALTHY,0,0.0
2026-07-20 16:00:00,esp32-field-01,AUTUMN_MIXED,32.8,2289,33.7,66.3,HEALTHY,28.97,48.8,0.0,1.66,4.24,1.0,0,Tomato (Vegetative),0.85,50.0,26.8,HEALTHY,0,0.0
2026-07-20 17:00:00,esp32-field-01,AUTUMN_MIXED,32.77,2272,32.83,67.17,HEALTHY,27.88,48.9,0.0,1.14,4.06,6.4,0,Tomato (Vegetative),0.85,50.0,26.8,HEALTHY,0,0.0
2026-07-20 18:00:00,esp32-field-01,AUTUMN_MIXED,32.77,2289,33.19,66.81,HEALTHY,27.44,54.7,0.0,0.12,4.04,2.3,0,Tomato (Vegetative),0.85,50.0,26.8,HEALTHY,0,0.0
2026-07-20 19:00:00,esp32-field-01,AUTUMN_MIXED,32.76,2269,33.53,66.47,HEALTHY,26.51,62.3,0.0,1.81,4.35,2.5,0,Tomato (Vegetative),0.85,50.0,26.8,HEALTHY,0,0.0
2026-07-20 20:00:00,esp32-field-01,AUTUMN_MIXED,32.75,2290,33.0,67.0,HEALTHY,25.21,63.6,0.0,1.05,4.02,7.5,0,Tomato (Vegetative),0.85,50.0,26.8,HEALTHY,0,0.0
2026-07-20 21:00:00,esp32-field-01,AUTUMN_MIXED,32.75,2312,32.0,68.0,HEALTHY,22.85,64.7,0.0,0.32,3.44,0.3,0,Tomato (Vegetative),0.85,50.0,26.8,HEALTHY,0,0.0
2026-07-20 22:00:00,esp32-field-01,AUTUMN_MIXED,32.74,2305,32.07,67.93,HEALTHY,22.28,66.0,0.0,4.42,3.64,1.6,0,Tomato (Vegetative),0.85,50.0,26.8,HEALTHY,0,0.0
2026-07-20 23:00:00,esp32-field-01,AUTUMN_MIXED,32.74,2283,33.23,66.77,HEALTHY,21.54,69.6,0.0,1.16,3.72,6.3,0,Tomato (Vegetative),0.85,50.0,26.8,HEALTHY,0,0.0
2026-07-21 00:00:00,esp32-field-01,AUTUMN_MIXED,32.73,2319,31.73,68.27,HEALTHY,20.8,69.0,0.0,0.87,3.14,0.2,0,Tomato (Vegetative),0.85,50.0,26.8,HEALTHY,0,0.0
2026-07-21 01:00:00,esp32-field-01,AUTUMN_MIXED,32.72,2314,31.65,68.35,HEALTHY,21.01,67.5,0.0,1.32,3.23,1.0,0,Tomato (Vegetative),0.85,50.0,26.8,HEALTHY,0,0.0
2026-07-21 02:00:00,esp32-field-01,AUTUMN_MIXED,32.72,2271,33.22,66.78,HEALTHY,19.86,77.1,0.0,0.28,3.43,1.0,0,Tomato (Vegetative),0.85,50.0,26.7,HEALTHY,0,0.0
2026-07-21 03:00:00,esp32-field-01,AUTUMN_MIXED,32.71,2310,32.58,67.42,HEALTHY,19.04,72.6,0.0,0.41,2.89,1.2,0,Tomato (Vegetative),0.85,50.0,26.7,HEALTHY,0,0.0
2026-07-21 04:00:00,esp32-field-01,AUTUMN_MIXED,32.71,2305,31.94,68.06,HEALTHY,21.22,69.8,0.0,1.23,3.35,0.6,0,Tomato (Vegetative),0.85,50.0,26.7,HEALTHY,0,0.0
2026-07-21 05:00:00,esp32-field-01,AUTUMN_MIXED,32.7,2297,31.03,68.97,HEALTHY,21.93,68.0,0.0,2.45,3.32,0.7,0,Tomato (Vegetative),0.85,50.0,26.7,HEALTHY,0,0.0
2026-07-21 06:00:00,esp32-field-01,AUTUMN_MIXED,32.7,2326,32.23,67.77,HEALTHY,21.62,69.9,0.0,0.47,3.07,3.0,0,Tomato (Vegetative),0.85,50.0,26.7,HEALTHY,0,0.0
2026-07-21 07:00:00,esp32-field-01,AUTUMN_MIXED,32.67,2311,31.67,68.33,HEALTHY,23.03,61.8,0.0,2.71,3.47,3.2,0,Tomato (Vegetative),0.85,50.0,26.7,HEALTHY,0,0.0
2026-07-21 08:00:00,esp32-field-01,AUTUMN_MIXED,32.62,2296,32.85,67.15,HEALTHY,25.26,60.5,0.0,2.24,3.95,3.2,0,Tomato (Vegetative),0.85,50.0,26.7,HEALTHY,0,0.0
2026-07-21 09:00:00,esp32-field-01,AUTUMN_MIXED,32.55,2269,33.57,66.43,HEALTHY,27.34,56.2,0.0,0.04,4.0,3.0,0,Tomato (Vegetative),0.85,50.0,26.7,HEALTHY,0,0.0
2026-07-21 10:00:00,esp32-field-01,AUTUMN_MIXED,32.47,2299,32.55,67.45,HEALTHY,27.17,54.5,0.0,0.2,3.63,0.9,0,Tomato (Vegetative),0.85,50.0,26.7,HEALTHY,0,0.0
2026-07-21 11:00:00,esp32-field-01,AUTUMN_MIXED,32.37,2268,32.98,67.02,HEALTHY,29.25,51.7,0.0,0.74,4.32,3.5,0,Tomato (Vegetative),0.85,50.0,26.6,HEALTHY,0,0.0
2026-07-21 12:00:00,esp32-field-01,AUTUMN_MIXED,32.24,2298,32.26,67.74,HEALTHY,30.69,47.0,0.0,0.91,5.03,3.8,0,Tomato (Vegetative),0.85,50.0,26.6,HEALTHY,0,0.0
2026-07-21 13:00:00,esp32-field-01,AUTUMN_MIXED,32.13,2325,31.4,68.6,HEALTHY,30.96,43.9,0.0,0.56,4.57,6.4,0,Tomato (Vegetative),0.85,50.0,26.6,HEALTHY,0,0.0
2026-07-21 14:00:00,esp32-field-01,AUTUMN_MIXED,32.04,2313,32.18,67.82,HEALTHY,29.88,45.3,0.0,8.16,4.48,0.9,0,Tomato (Vegetative),0.85,50.0,26.6,HEALTHY,0,0.0
2026-07-21 15:00:00,esp32-field-01,AUTUMN_MIXED,31.95,2278,33.18,66.82,HEALTHY,29.11,47.0,0.0,0.93,4.76,7.2,0,Tomato (Vegetative),0.85,50.0,26.6,HEALTHY,0,0.0
2026-07-21 16:00:00,esp32-field-01,AUTUMN_MIXED,31.9,2282,32.53,67.47,HEALTHY,29.09,50.8,0.0,1.69,3.91,3.2,0,Tomato (Vegetative),0.85,50.0,26.6,HEALTHY,0,0.0
2026-07-21 17:00:00,esp32-field-01,AUTUMN_MIXED,31.88,2309,31.6,68.4,HEALTHY,28.66,49.9,0.0,1.66,4.1,7.8,0,Tomato (Vegetative),0.85,50.0,26.6,HEALTHY,0,0.0
2026-07-21 18:00:00,esp32-field-01,AUTUMN_MIXED,31.88,2304,31.94,68.06,HEALTHY,27.23,53.5,0.0,0.5,3.87,21.3,0,Tomato (Vegetative),0.85,50.0,26.6,HEALTHY,0,0.0
2026-07-21 19:00:00,esp32-field-01,AUTUMN_MIXED,31.87,2312,32.21,67.79,HEALTHY,25.9,57.2,0.0,5.4,3.36,5.8,0,Tomato (Vegetative),0.85,50.0,26.6,HEALTHY,0,0.0
2026-07-21 20:00:00,esp32-field-01,AUTUMN_MIXED,31.86,2339,30.83,69.17,HEALTHY,25.53,60.7,0.0,1.84,3.71,0.8,0,Tomato (Vegetative),0.85,50.0,26.6,HEALTHY,0,0.0
2026-07-21 21:00:00,esp32-field-01,AUTUMN_MIXED,31.86,2298,32.59,67.41,HEALTHY,23.63,65.3,0.0,3.28,3.3,1.0,0,Tomato (Vegetative),0.85,50.0,26.5,HEALTHY,0,0.0
2026-07-21 22:00:00,esp32-field-01,AUTUMN_MIXED,31.85,2293,32.83,67.17,HEALTHY,22.5,68.9,0.0,0.05,3.4,1.2,0,Tomato (Vegetative),0.85,50.0,26.5,HEALTHY,0,0.0
2026-07-21 23:00:00,esp32-field-01,AUTUMN_MIXED,31.85,2342,30.85,69.15,HEALTHY,20.79,71.1,0.0,1.77,3.64,1.2,0,Tomato (Vegetative),0.85,50.0,26.5,HEALTHY,0,0.0
2026-07-22 00:00:00,esp32-field-01,AUTUMN_MIXED,31.84,2289,32.25,67.75,HEALTHY,21.61,69.0,0.0,2.05,3.37,0.8,0,Tomato (Vegetative),0.85,50.0,26.5,HEALTHY,0,0.0
2026-07-22 01:00:00,esp32-field-01,AUTUMN_MIXED,31.83,2310,32.09,67.91,HEALTHY,19.99,75.2,0.0,0.49,2.86,2.0,0,Tomato (Vegetative),0.85,50.0,26.5,HEALTHY,0,0.0
2026-07-22 02:00:00,esp32-field-01,AUTUMN_MIXED,31.83,2332,31.21,68.79,HEALTHY,20.02,74.8,0.0,5.38,2.97,1.7,0,Tomato (Vegetative),0.85,50.0,26.5,HEALTHY,0,0.0
2026-07-22 03:00:00,esp32-field-01,AUTUMN_MIXED,31.82,2292,33.0,67.0,HEALTHY,18.98,73.5,0.0,0.65,2.96,6.5,0,Tomato (Vegetative),0.85,50.0,26.5,HEALTHY,0,0.0
2026-07-22 04:00:00,esp32-field-01,AUTUMN_MIXED,31.82,2290,33.4,66.6,HEALTHY,20.93,71.2,0.0,2.33,2.8,3.7,0,Tomato (Vegetative),0.85,50.0,26.5,HEALTHY,0,0.0
2026-07-22 05:00:00,esp32-field-01,AUTUMN_MIXED,31.81,2315,32.67,67.33,HEALTHY,21.09,69.8,0.0,3.02,2.84,0.4,0,Tomato (Vegetative),0.85,50.0,26.5,HEALTHY,0,0.0
2026-07-22 06:00:00,esp32-field-01,AUTUMN_MIXED,31.81,2321,31.3,68.7,HEALTHY,20.88,69.0,0.0,2.88,2.98,0.7,0,Tomato (Vegetative),0.85,50.0,26.5,HEALTHY,0,0.0
2026-07-22 07:00:00,esp32-field-01,AUTUMN_MIXED,31.78,2306,32.19,67.81,HEALTHY,24.49,62.7,0.0,2.03,3.82,2.1,0,Tomato (Vegetative),0.85,50.0,26.4,HEALTHY,0,0.0
2026-07-22 08:00:00,esp32-field-01,AUTUMN_MIXED,31.74,2307,31.93,68.07,HEALTHY,24.23,61.2,0.0,0.44,3.19,3.9,0,Tomato (Vegetative),0.85,50.0,26.4,HEALTHY,0,0.0
2026-07-22 09:00:00,esp32-field-01,AUTUMN_MIXED,31.67,2287,32.16,67.84,HEALTHY,26.21,56.5,0.0,0.68,4.01,0.1,0,Tomato (Vegetative),0.85,50.0,26.4,HEALTHY,0,0.0
2026-07-22 10:00:00,esp32-field-01,AUTUMN_MIXED,31.58,2320,31.9,68.1,HEALTHY,27.89,49.7,0.0,4.53,4.31,4.6,0,Tomato (Vegetative),0.85,50.0,26.4,HEALTHY,0,0.0
2026-07-22 11:00:00,esp32-field-01,AUTUMN_MIXED,31.47,2333,31.12,68.88,HEALTHY,29.55,51.7,0.0,2.45,4.71,3.2,0,Tomato (Vegetative),0.85,50.0,26.4,HEALTHY,0,0.0
2026-07-22 12:00:00,esp32-field-01,AUTUMN_MIXED,31.58,2314,31.56,68.44,HEALTHY,29.67,45.6,1.1,2.72,4.71,78.3,1,Tomato (Vegetative),0.85,50.0,28.6,HEALTHY,0,0.0
2026-07-22 13:00:00,esp32-field-01,AUTUMN_MIXED,31.47,2336,30.36,69.64,HEALTHY,30.82,48.8,0.0,2.44,4.8,0.8,0,Tomato (Vegetative),0.85,50.0,26.4,HEALTHY,0,0.0
2026-07-22 14:00:00,esp32-field-01,AUTUMN_MIXED,31.36,2323,30.89,69.11,HEALTHY,30.4,47.5,0.0,3.34,4.66,0.2,0,Tomato (Vegetative),0.85,50.0,26.4,HEALTHY,0,0.0
2026-07-22 15:00:00,esp32-field-01,AUTUMN_MIXED,31.28,2344,30.65,69.35,HEALTHY,30.35,50.0,0.0,0.47,4.71,2.2,0,Tomato (Vegetative),0.85,50.0,26.4,HEALTHY,0,0.0
2026-07-22 16:00:00,esp32-field-01,AUTUMN_MIXED,31.23,2353,31.14,68.86,HEALTHY,29.75,48.1,0.0,0.43,4.34,7.2,0,Tomato (Vegetative),0.85,50.0,26.4,HEALTHY,0,0.0
2026-07-22 17:00:00,esp32-field-01,AUTUMN_MIXED,31.2,2318,30.81,69.19,HEALTHY,27.41,50.8,0.0,0.37,4.04,2.1,0,Tomato (Vegetative),0.85,50.0,26.4,HEALTHY,0,0.0
2026-07-22 18:00:00,esp32-field-01,AUTUMN_MIXED,31.29,2309,31.63,68.37,HEALTHY,28.42,50.3,0.4,3.38,4.5,80.8,1,Tomato (Vegetative),0.85,50.0,27.1,HEALTHY,0,0.0
2026-07-22 19:00:00,esp32-field-01,AUTUMN_MIXED,31.28,2296,32.14,67.86,HEALTHY,27.43,60.0,0.0,2.21,4.1,3.3,0,Tomato (Vegetative),0.85,50.0,26.3,HEALTHY,0,0.0
2026-07-22 20:00:00,esp32-field-01,AUTUMN_MIXED,31.27,2302,32.12,67.88,HEALTHY,25.16,54.5,0.0,0.51,3.72,0.6,0,Tomato (Vegetative),0.85,50.0,26.3,HEALTHY,0,0.0
2026-07-22 21:00:00,esp32-field-01,AUTUMN_MIXED,31.27,2312,31.94,68.06,HEALTHY,22.94,68.2,0.0,2.63,3.58,1.9,0,Tomato (Vegetative),0.85,50.0,26.3,HEALTHY,0,0.0
2026-07-22 22:00:00,esp32-field-01,AUTUMN_MIXED,31.26,2324,31.41,68.59,HEALTHY,22.43,66.9,0.0,3.46,3.25,3.4,0,Tomato (Vegetative),0.85,50.0,26.3,HEALTHY,0,0.0
2026-07-22 23:00:00,esp32-field-01,AUTUMN_MIXED,31.25,2325,32.16,67.84,HEALTHY,21.88,69.3,0.0,4.64,3.41,0.3,0,Tomato (Vegetative),0.85,50.0,26.3,HEALTHY,0,0.0
2026-07-23 00:00:00,esp32-field-01,AUTUMN_MIXED,31.25,2322,31.06,68.94,HEALTHY,19.55,72.4,0.0,0.65,3.23,4.0,0,Tomato (Vegetative),0.85,50.0,26.3,HEALTHY,0,0.0
2026-07-23 01:00:00,esp32-field-01,AUTUMN_MIXED,31.24,2346,30.41,69.59,HEALTHY,20.03,67.8,0.0,0.03,2.85,4.1,0,Tomato (Vegetative),0.85,50.0,26.3,HEALTHY,0,0.0
2026-07-23 02:00:00,esp32-field-01,AUTUMN_MIXED,31.24,2320,30.64,69.36,HEALTHY,18.02,73.9,0.0,0.66,2.54,3.1,0,Tomato (Vegetative),0.85,50.0,26.3,HEALTHY,0,0.0
2026-07-23 03:00:00,esp32-field-01,AUTUMN_MIXED,31.23,2323,30.42,69.58,HEALTHY,20.02,72.1,0.0,0.18,2.99,0.6,0,Tomato (Vegetative),0.85,50.0,26.2,HEALTHY,0,0.0
2026-07-23 04:00:00,esp32-field-01,AUTUMN_MIXED,31.23,2331,29.8,70.2,HEALTHY,20.81,68.8,0.0,1.1,3.41,3.2,0,Tomato (Vegetative),0.85,50.0,26.2,HEALTHY,0,0.0
2026-07-23 05:00:00,esp32-field-01,AUTUMN_MIXED,31.22,2332,30.75,69.25,HEALTHY,21.73,72.4,0.0,0.79,3.62,3.5,0,Tomato (Vegetative),0.85,50.0,26.2,HEALTHY,0,0.0
2026-07-23 06:00:00,esp32-field-01,AUTUMN_MIXED,31.21,2312,31.15,68.85,HEALTHY,23.14,69.3,0.0,1.0,3.71,0.3,0,Tomato (Vegetative),0.85,50.0,26.2,HEALTHY,0,0.0
2026-07-23 07:00:00,esp32-field-01,AUTUMN_MIXED,31.19,2323,31.72,68.28,HEALTHY,23.15,63.1,0.0,0.05,3.69,0.1,0,Tomato (Vegetative),0.85,50.0,26.2,HEALTHY,0,0.0
2026-07-23 08:00:00,esp32-field-01,AUTUMN_MIXED,31.14,2340,30.04,69.96,HEALTHY,25.43,56.2,0.0,0.37,3.93,1.1,0,Tomato (Vegetative),0.85,50.0,26.2,HEALTHY,0,0.0
2026-07-23 09:00:00,esp32-field-01,AUTUMN_MIXED,31.07,2338,30.44,69.56,HEALTHY,25.6,56.6,0.0,0.21,3.79,0.2,0,Tomato (Vegetative),0.85,50.0,26.2,HEALTHY,0,0.0
2026-07-23 10:00:00,esp32-field-01,AUTUMN_MIXED,30.98,2326,31.52,68.48,HEALTHY,26.47,52.7,0.0,0.51,4.21,0.7,0,Tomato (Vegetative),0.85,50.0,26.2,HEALTHY,0,0.0
2026-07-23 11:00:00,esp32-field-01,AUTUMN_MIXED,30.88,2329,31.35,68.65,HEALTHY,29.0,50.7,0.0,0.77,4.32,0.3,0,Tomato (Vegetative),0.85,50.0,26.2,HEALTHY,0,0.0
2026-07-23 12:00:00,esp32-field-01,AUTUMN_MIXED,30.76,2326,31.0,69.0,HEALTHY,29.62,51.2,0.0,1.66,4.64,0.9,0,Tomato (Vegetative),0.85,50.0,26.2,HEALTHY,0,0.0
2026-07-23 13:00:00,esp32-field-01,AUTUMN_MIXED,30.65,2321,31.16,68.84,HEALTHY,30.43,46.2,0.0,4.7,4.59,2.2,0,Tomato (Vegetative),0.85,50.0,26.1,HEALTHY,0,0.0
2026-07-23 14:00:00,esp32-field-01,AUTUMN_MIXED,30.54,2340,29.7,70.3,HEALTHY,30.38,47.1,0.0,0.42,4.97,0.4,0,Tomato (Vegetative),0.85,50.0,26.1,HEALTHY,0,0.0
2026-07-23 15:00:00,esp32-field-01,AUTUMN_MIXED,30.46,2342,30.14,69.86,HEALTHY,31.48,45.0,0.0,0.18,4.61,0.7,0,Tomato (Vegetative),0.85,50.0,26.1,HEALTHY,0,0.0
2026-07-23 16:00:00,esp32-field-01,AUTUMN_MIXED,30.41,2308,31.46,68.54,HEALTHY,28.77,47.0,0.0,0.64,4.33,0.4,0,Tomato (Vegetative),0.85,50.0,26.1,HEALTHY,0,0.0
2026-07-23 17:00:00,esp32-field-01,AUTUMN_MIXED,30.38,2317,30.52,69.48,HEALTHY,29.95,48.0,0.0,0.99,4.37,11.5,0,Tomato (Vegetative),0.85,50.0,26.1,HEALTHY,0,0.0
2026-07-23 18:00:00,esp32-field-01,AUTUMN_MIXED,30.38,2313,30.89,69.11,HEALTHY,27.58,48.4,0.0,0.99,3.73,0.4,0,Tomato (Vegetative),0.85,50.0,26.1,HEALTHY,0,0.0
2026-07-23 19:00:00,esp32-field-01,AUTUMN_MIXED,30.37,2299,32.39,67.61,HEALTHY,25.49,59.5,0.0,0.73,3.57,2.3,0,Tomato (Vegetative),0.85,50.0,26.1,HEALTHY,0,0.0
2026-07-23 20:00:00,esp32-field-01,AUTUMN_MIXED,30.37,2324,30.68,69.32,HEALTHY,25.98,59.1,0.0,0.75,3.89,0.6,0,Tomato (Vegetative),0.85,50.0,26.1,HEALTHY,0,0.0
2026-07-23 21:00:00,esp32-field-01,AUTUMN_MIXED,30.36,2332,30.32,69.68,HEALTHY,24.62,63.5,0.0,1.39,3.46,1.9,0,Tomato (Vegetative),0.85,50.0,26.1,HEALTHY,0,0.0
2026-07-23 22:00:00,esp32-field-01,AUTUMN_MIXED,30.35,2342,29.55,70.45,HEALTHY,22.89,68.4,0.0,3.33,3.35,1.9,0,Tomato (Vegetative),0.85,50.0,26.1,HEALTHY,0,0.0
2026-07-23 23:00:00,esp32-field-01,AUTUMN_MIXED,30.35,2329,30.65,69.35,HEALTHY,21.81,69.7,0.0,0.19,3.47,5.0,0,Tomato (Vegetative),0.85,50.0,26.0,HEALTHY,0,0.0
2026-07-24 00:00:00,esp32-field-01,AUTUMN_MIXED,30.34,2295,31.54,68.46,HEALTHY,19.93,69.6,0.0,1.41,3.34,5.5,0,Tomato (Vegetative),0.85,50.0,26.0,HEALTHY,0,0.0
2026-07-24 01:00:00,esp32-field-01,AUTUMN_MIXED,30.34,2345,30.72,69.28,HEALTHY,17.69,72.4,0.0,0.75,3.17,0.7,0,Tomato (Vegetative),0.85,50.0,26.0,HEALTHY,0,0.0
2026-07-24 02:00:00,esp32-field-01,AUTUMN_MIXED,30.33,2308,31.77,68.23,HEALTHY,18.5,75.7,0.0,0.17,3.37,2.9,0,Tomato (Vegetative),0.85,50.0,26.0,HEALTHY,0,0.0
2026-07-24 03:00:00,esp32-field-01,AUTUMN_MIXED,30.33,2351,29.08,70.92,HEALTHY,19.09,75.6,0.0,2.75,2.75,4.3,0,Tomato (Vegetative),0.85,50.0,26.0,HEALTHY,0,0.0
2026-07-24 04:00:00,esp32-field-01,AUTUMN_MIXED,30.32,2324,30.72,69.28,HEALTHY,21.56,67.8,0.0,1.1,3.15,5.1,0,Tomato (Vegetative),0.85,50.0,26.0,HEALTHY,0,0.0
2026-07-24 05:00:00,esp32-field-01,AUTUMN_MIXED,30.31,2326,30.65,69.35,HEALTHY,20.67,69.4,0.0,1.51,3.18,2.3,0,Tomato (Vegetative),0.85,50.0,26.0,HEALTHY,0,0.0
2026-07-24 06:00:00,esp32-field-01,AUTUMN_MIXED,30.31,2289,31.6,68.4,HEALTHY,22.14,66.2,0.0,1.29,3.3,8.3,0,Tomato (Vegetative),0.85,50.0,26.0,HEALTHY,0,0.0
2026-07-24 07:00:00,esp32-field-01,AUTUMN_MIXED,30.28,2359,30.22,69.78,HEALTHY,23.63,66.0,0.0,4.13,3.76,1.2,0,Tomato (Vegetative),0.85,50.0,26.0,HEALTHY,0,0.0
2026-07-24 08:00:00,esp32-field-01,AUTUMN_MIXED,30.24,2314,31.59,68.41,HEALTHY,25.34,56.4,0.0,1.98,3.75,9.3,0,Tomato (Vegetative),0.85,50.0,26.0,HEALTHY,0,0.0
2026-07-24 09:00:00,esp32-field-01,AUTUMN_MIXED,30.17,2331,30.78,69.22,HEALTHY,26.75,53.7,0.0,1.38,3.79,1.5,0,Tomato (Vegetative),0.85,50.0,25.9,HEALTHY,0,0.0
2026-07-24 10:00:00,esp32-field-01,AUTUMN_MIXED,30.08,2344,30.71,69.29,HEALTHY,27.35,54.2,0.0,0.32,4.2,4.0,0,Tomato (Vegetative),0.85,50.0,25.9,HEALTHY,0,0.0
2026-07-24 11:00:00,esp32-field-01,AUTUMN_MIXED,29.98,2345,30.67,69.33,HEALTHY,28.61,52.2,0.0,0.85,4.02,2.2,0,Tomato (Vegetative),0.85,50.0,25.9,HEALTHY,0,0.0
2026-07-24 12:00:00,esp32-field-01,AUTUMN_MIXED,29.87,2338,30.39,69.61,HEALTHY,30.15,41.6,0.0,1.66,4.64,3.5,0,Tomato (Vegetative),0.85,50.0,25.9,HEALTHY,0,0.0
2026-07-24 13:00:00,esp32-field-01,AUTUMN_MIXED,29.75,2304,30.6,69.4,HEALTHY,31.72,49.9,0.0,0.02,4.65,3.8,0,Tomato (Vegetative),0.85,50.0,25.9,HEALTHY,0,0.0
2026-07-24 14:00:00,esp32-field-01,AUTUMN_MIXED,29.65,2332,30.02,69.98,HEALTHY,30.17,44.7,0.0,1.21,4.86,7.3,0,Tomato (Vegetative),0.85,50.0,25.9,HEALTHY,0,0.0
2026-07-24 15:00:00,esp32-field-01,AUTUMN_MIXED,29.58,2340,29.58,70.42,HEALTHY,29.88,46.8,0.0,1.47,3.94,0.1,0,Tomato (Vegetative),0.85,50.0,25.9,HEALTHY,0,0.0
2026-07-24 16:00:00,esp32-field-01,AUTUMN_MIXED,29.53,2355,29.77,70.23,HEALTHY,30.03,53.4,0.0,0.11,4.1,0.8,0,Tomato (Vegetative),0.85,50.0,25.9,HEALTHY,0,0.0
2026-07-24 17:00:00,esp32-field-01,AUTUMN_MIXED,29.5,2355,29.54,70.46,HEALTHY,28.36,50.7,0.0,0.7,4.6,0.5,0,Tomato (Vegetative),0.85,50.0,25.9,HEALTHY,0,0.0
2026-07-24 18:00:00,esp32-field-01,AUTUMN_MIXED,29.82,2363,29.09,70.91,HEALTHY,27.99,51.1,1.5,2.26,3.9,73.2,1,Tomato (Vegetative),0.85,50.0,28.9,HEALTHY,0,0.0
2026-07-24 19:00:00,esp32-field-01,AUTUMN_MIXED,29.81,2340,29.12,70.88,HEALTHY,26.14,57.2,0.0,0.96,4.27,0.0,0,Tomato (Vegetative),0.85,50.0,25.9,HEALTHY,0,0.0
2026-07-24 20:00:00,esp32-field-01,AUTUMN_MIXED,29.8,2351,29.26,70.74,HEALTHY,24.88,60.5,0.0,1.3,3.51,0.6,0,Tomato (Vegetative),0.85,50.0,25.8,HEALTHY,0,0.0
2026-07-24 21:00:00,esp32-field-01,AUTUMN_MIXED,29.79,2354,29.34,70.66,HEALTHY,22.7,61.8,0.0,2.2,3.68,1.4,0,Tomato (Vegetative),0.85,50.0,25.8,HEALTHY,0,0.0
2026-07-24 22:00:00,esp32-field-01,AUTUMN_MIXED,29.79,2329,30.25,69.75,HEALTHY,21.95,65.8,0.0,2.74,3.14,1.2,0,Tomato (Vegetative),0.85,50.0,25.8,HEALTHY,0,0.0
2026-07-24 23:00:00,esp32-field-01,AUTUMN_MIXED,29.78,2333,29.02,70.98,HEALTHY,20.4,73.1,0.0,1.53,2.87,4.3,0,Tomato (Vegetative),0.85,50.0,25.8,HEALTHY,0,0.0
2026-07-25 00:00:00,esp32-field-01,AUTUMN_MIXED,29.78,2320,30.03,69.97,HEALTHY,21.0,72.2,0.0,0.06,3.23,2.7,0,Tomato (Vegetative),0.85,50.0,25.8,HEALTHY,0,0.0
2026-07-25 01:00:00,esp32-field-01,AUTUMN_MIXED,29.77,2329,30.18,69.82,HEALTHY,19.71,68.6,0.0,0.51,2.97,1.5,0,Tomato (Vegetative),0.85,50.0,25.8,HEALTHY,0,0.0
2026-07-25 02:00:00,esp32-field-01,AUTUMN_MIXED,29.77,2341,30.15,69.85,HEALTHY,19.08,77.4,0.0,1.6,2.71,1.6,0,Tomato (Vegetative),0.85,50.0,25.8,HEALTHY,0,0.0
2026-07-25 03:00:00,esp32-field-01,AUTUMN_MIXED,29.76,2346,28.87,71.13,HEALTHY,20.78,74.4,0.0,0.79,2.82,1.7,0,Tomato (Vegetative),0.85,50.0,25.8,HEALTHY,0,0.0
2026-07-25 04:00:00,esp32-field-01,AUTUMN_MIXED,29.76,2356,29.28,70.72,HEALTHY,19.91,72.1,0.0,1.06,3.05,0.1,0,Tomato (Vegetative),0.85,50.0,25.8,HEALTHY,0,0.0
2026-07-25 05:00:00,esp32-field-01,AUTUMN_MIXED,29.75,2361,29.14,70.86,HEALTHY,20.96,70.1,0.0,1.05,3.81,0.1,0,Tomato (Vegetative),0.85,50.0,25.8,HEALTHY,0,0.0
2026-07-25 06:00:00,esp32-field-01,AUTUMN_MIXED,29.75,2354,30.2,69.8,HEALTHY,20.79,68.6,0.0,0.92,2.9,2.4,0,Tomato (Vegetative),0.85,50.0,25.7,HEALTHY,0,0.0
2026-07-25 07:00:00,esp32-field-01,AUTUMN_MIXED,29.72,2355,29.33,70.67,HEALTHY,23.14,65.6,0.0,0.64,3.59,2.5,0,Tomato (Vegetative),0.85,50.0,25.7,HEALTHY,0,0.0
2026-07-25 08:00:00,esp32-field-01,AUTUMN_MIXED,29.67,2359,28.48,71.52,HEALTHY,25.25,60.0,0.0,2.06,4.48,5.3,0,Tomato (Vegetative),0.85,50.0,25.7,HEALTHY,0,0.0
2026-07-25 09:00:00,esp32-field-01,AUTUMN_MIXED,29.59,2354,30.12,69.88,HEALTHY,26.69,53.8,0.0,4.79,4.08,0.3,0,Tomato (Vegetative),0.85,50.0,25.7,HEALTHY,0,0.0
2026-07-25 10:00:00,esp32-field-01,AUTUMN_MIXED,29.56,2343,30.03,69.97,HEALTHY,27.13,52.1,0.3,0.84,4.45,71.3,1,Tomato (Vegetative),0.85,50.0,26.3,HEALTHY,0,0.0
2026-07-25 11:00:00,esp32-field-01,AUTUMN_MIXED,29.46,2359,29.68,70.32,HEALTHY,28.21,50.4,0.0,0.67,4.18,1.1,0,Tomato (Vegetative),0.85,50.0,25.7,HEALTHY,0,0.0
2026-07-25 12:00:00,esp32-field-01,AUTUMN_MIXED,29.35,2369,28.9,71.1,HEALTHY,29.26,48.3,0.0,1.28,4.47,0.3,0,Tomato (Vegetative),0.85,50.0,25.7,HEALTHY,0,0.0
2026-07-25 13:00:00,esp32-field-01,AUTUMN_MIXED,29.24,2357,29.15,70.85,HEALTHY,29.98,48.0,0.0,3.66,4.32,3.7,0,Tomato (Vegetative),0.85,50.0,25.7,HEALTHY,0,0.0
2026-07-25 14:00:00,esp32-field-01,AUTUMN_MIXED,29.15,2338,30.34,69.66,HEALTHY,29.53,48.3,0.0,0.99,4.36,6.8,0,Tomato (Vegetative),0.85,50.0,25.7,HEALTHY,0,0.0
2026-07-25 15:00:00,esp32-field-01,AUTUMN_MIXED,29.06,2367,28.32,71.68,HEALTHY,30.75,48.4,0.0,1.81,4.94,2.6,0,Tomato (Vegetative),0.85,50.0,25.6,HEALTHY,0,0.0
2026-07-25 16:00:00,esp32-field-01,AUTUMN_MIXED,29.01,2343,28.75,71.25,HEALTHY,28.82,50.7,0.0,3.06,4.42,4.8,0,Tomato (Vegetative),0.85,50.0,25.6,HEALTHY,0,0.0
2026-07-25 17:00:00,esp32-field-01,AUTUMN_MIXED,28.98,2344,29.37,70.63,HEALTHY,28.85,46.9,0.0,0.14,4.41,8.3,0,Tomato (Vegetative),0.85,50.0,25.6,HEALTHY,0,0.0
2026-07-25 18:00:00,esp32-field-01,AUTUMN_MIXED,28.98,2343,29.2,70.8,HEALTHY,27.18,55.7,0.0,3.24,3.61,10.0,0,Tomato (Vegetative),0.85,50.0,25.6,HEALTHY,0,0.0
2026-07-25 19:00:00,esp32-field-01,AUTUMN_MIXED,28.97,2379,27.96,72.04,HEALTHY,26.53,53.8,0.0,1.94,3.69,11.6,0,Tomato (Vegetative),0.85,50.0,25.6,HEALTHY,0,0.0
2026-07-25 20:00:00,esp32-field-01,AUTUMN_MIXED,28.96,2328,29.66,70.34,HEALTHY,24.84,61.4,0.0,0.91,4.04,1.7,0,Tomato (Vegetative),0.85,50.0,25.6,HEALTHY,0,0.0
2026-07-25 21:00:00,esp32-field-01,AUTUMN_MIXED,28.96,2378,28.46,71.54,HEALTHY,22.85,66.6,0.0,0.27,3.57,3.9,0,Tomato (Vegetative),0.85,50.0,25.6,HEALTHY,0,0.0
2026-07-25 22:00:00,esp32-field-01,AUTUMN_MIXED,28.95,2369,28.4,71.6,HEALTHY,21.63,65.6,0.0,0.19,3.33,11.5,0,Tomato (Vegetative),0.85,50.0,25.6,HEALTHY,0,0.0
2026-07-25 23:00:00,esp32-field-01,AUTUMN_MIXED,28.95,2363,28.46,71.54,HEALTHY,20.44,66.9,0.0,3.06,2.83,7.1,0,Tomato (Vegetative),0.85,50.0,25.6,HEALTHY,0,0.0
2026-07-26 00:00:00,esp32-field-01,AUTUMN_MIXED,28.94,2343,30.7,69.3,HEALTHY,19.98,72.1,0.0,0.22,3.13,5.1,0,Tomato (Vegetative),0.85,50.0,25.6,HEALTHY,0,0.0
2026-07-26 01:00:00,esp32-field-01,AUTUMN_MIXED,28.94,2359,28.03,71.97,HEALTHY,21.14,74.9,0.0,2.44,2.91,9.4,0,Tomato (Vegetative),0.85,50.0,25.5,HEALTHY,0,0.0
2026-07-26 02:00:00,esp32-field-01,AUTUMN_MIXED,28.93,2370,28.85,71.15,HEALTHY,19.81,76.3,0.0,3.68,3.1,0.1,0,Tomato (Vegetative),0.85,50.0,25.5,HEALTHY,0,0.0
2026-07-26 03:00:00,esp32-field-01,AUTUMN_MIXED,28.92,2344,29.59,70.41,HEALTHY,22.12,72.5,0.0,0.22,3.5,3.7,0,Tomato (Vegetative),0.85,50.0,25.5,HEALTHY,0,0.0
2026-07-26 04:00:00,esp32-field-01,AUTUMN_MIXED,28.92,2368,28.1,71.9,HEALTHY,19.68,71.6,0.0,5.73,3.31,2.6,0,Tomato (Vegetative),0.85,50.0,25.5,HEALTHY,0,0.0
2026-07-26 05:00:00,esp32-field-01,AUTUMN_MIXED,28.91,2346,28.2,71.8,HEALTHY,20.07,68.9,0.0,2.23,3.02,2.9,0,Tomato (Vegetative),0.85,50.0,25.5,HEALTHY,0,0.0
2026-07-26 06:00:00,esp32-field-01,AUTUMN_MIXED,28.91,2365,28.52,71.48,HEALTHY,21.99,61.8,0.0,1.54,3.43,1.7,0,Tomato (Vegetative),0.85,50.0,25.5,HEALTHY,0,0.0
2026-07-26 07:00:00,esp32-field-01,AUTUMN_MIXED,28.88,2380,28.54,71.46,HEALTHY,23.09,60.6,0.0,0.75,3.71,1.3,0,Tomato (Vegetative),0.85,50.0,25.5,HEALTHY,0,0.0
2026-07-26 08:00:00,esp32-field-01,AUTUMN_MIXED,28.83,2365,29.64,70.36,HEALTHY,25.37,58.2,0.0,0.02,4.01,1.6,0,Tomato (Vegetative),0.85,50.0,25.5,HEALTHY,0,0.0
2026-07-26 09:00:00,esp32-field-01,AUTUMN_MIXED,28.77,2394,28.2,71.8,HEALTHY,26.47,57.8,0.0,1.82,3.43,9.2,0,Tomato (Vegetative),0.85,50.0,25.5,HEALTHY,0,0.0
2026-07-26 10:00:00,esp32-field-01,AUTUMN_MIXED,28.68,2389,28.0,72.0,HEALTHY,28.46,51.0,0.0,5.09,4.4,2.5,0,Tomato (Vegetative),0.85,50.0,25.5,HEALTHY,0,0.0
2026-07-26 11:00:00,esp32-field-01,AUTUMN_MIXED,28.56,2379,27.72,72.28,HEALTHY,30.3,49.8,0.0,1.84,4.73,0.5,0,Tomato (Vegetative),0.85,50.0,25.4,HEALTHY,0,0.0
2026-07-26 12:00:00,esp32-field-01,AUTUMN_MIXED,28.45,2384,27.92,72.08,HEALTHY,29.53,46.2,0.0,0.0,4.7,2.9,0,Tomato (Vegetative),0.85,50.0,25.4,HEALTHY,0,0.0
2026-07-26 13:00:00,esp32-field-01,AUTUMN_MIXED,28.34,2376,27.54,72.46,HEALTHY,31.16,44.9,0.0,4.67,4.51,1.9,0,Tomato (Vegetative),0.85,50.0,25.4,HEALTHY,0,0.0
2026-07-26 14:00:00,esp32-field-01,AUTUMN_MIXED,28.24,2377,28.27,71.73,HEALTHY,30.33,45.4,0.0,0.6,4.3,6.4,0,Tomato (Vegetative),0.85,50.0,25.4,HEALTHY,0,0.0
2026-07-26 15:00:00,esp32-field-01,AUTUMN_MIXED,28.16,2344,28.96,71.04,HEALTHY,29.71,47.6,0.0,1.47,4.5,4.7,0,Tomato (Vegetative),0.85,50.0,25.4,HEALTHY,0,0.0
2026-07-26 16:00:00,esp32-field-01,AUTUMN_MIXED,28.11,2388,27.24,72.76,HEALTHY,29.17,46.3,0.0,1.34,4.47,0.5,0,Tomato (Vegetative),0.85,50.0,25.4,HEALTHY,0,0.0
2026-07-26 17:00:00,esp32-field-01,AUTUMN_MIXED,28.08,2369,27.78,72.22,HEALTHY,29.08,51.7,0.0,0.69,4.6,2.7,0,Tomato (Vegetative),0.85,50.0,25.4,HEALTHY,0,0.0
2026-07-26 18:00:00,esp32-field-01,AUTUMN_MIXED,28.08,2383,28.39,71.61,HEALTHY,28.69,56.7,0.0,0.82,4.52,3.8,0,Tomato (Vegetative),0.85,50.0,25.4,HEALTHY,0,0.0
2026-07-26 19:00:00,esp32-field-01,AUTUMN_MIXED,28.07,0,0.0,0.0,FAULT,26.48,57.7,0.0,0.47,4.23,7.3,0,Tomato (Vegetative),0.85,50.0,25.4,HEALTHY,0,0.0
2026-07-26 20:00:00,esp32-field-01,AUTUMN_MIXED,28.06,2373,27.82,72.18,HEALTHY,25.08,63.4,0.0,3.24,3.53,3.6,0,Tomato (Vegetative),0.85,50.0,25.4,HEALTHY,0,0.0
2026-07-26 21:00:00,esp32-field-01,AUTUMN_MIXED,28.06,2386,27.11,72.89,HEALTHY,24.48,64.7,0.0,4.7,3.56,6.8,0,Tomato (Vegetative),0.85,50.0,25.4,HEALTHY,0,0.0
2026-07-26 22:00:00,esp32-field-01,AUTUMN_MIXED,28.05,2370,28.7,71.3,HEALTHY,23.03,72.3,0.0,0.85,3.35,1.6,0,Tomato (Vegetative),0.85,50.0,25.3,HEALTHY,0,0.0
2026-07-26 23:00:00,esp32-field-01,AUTUMN_MIXED,28.05,2381,26.58,73.42,HEALTHY,20.67,68.5,0.0,6.22,2.91,4.3,0,Tomato (Vegetative),0.85,50.0,25.3,HEALTHY,0,0.0
2026-07-27 00:00:00,esp32-field-01,AUTUMN_MIXED,28.04,2375,27.94,72.06,HEALTHY,19.06,73.2,0.0,0.94,3.15,3.1,0,Tomato (Vegetative),0.85,50.0,25.3,HEALTHY,0,0.0
2026-07-27 01:00:00,esp32-field-01,AUTUMN_MIXED,28.04,2367,28.46,71.54,HEALTHY,19.26,75.6,0.0,2.96,3.04,0.9,0,Tomato (Vegetative),0.85,50.0,25.3,HEALTHY,0,0.0
2026-07-27 02:00:00,esp32-field-01,AUTUMN_MIXED,28.03,2382,28.43,71.57,HEALTHY,19.22,71.4,0.0,1.24,2.91,7.2,0,Tomato (Vegetative),0.85,50.0,25.3,HEALTHY,0,0.0
2026-07-27 03:00:00,esp32-field-01,AUTUMN_MIXED,28.03,2349,29.57,70.43,HEALTHY,19.56,70.6,0.0,0.68,2.85,6.8,0,Tomato (Vegetative),0.85,50.0,25.3,HEALTHY,0,0.0
2026-07-27 04:00:00,esp32-field-01,AUTUMN_MIXED,28.02,2365,28.6,71.4,HEALTHY,18.82,71.7,0.0,0.64,2.92,1.8,0,Tomato (Vegetative),0.85,50.0,25.3,HEALTHY,0,0.0
2026-07-27 05:00:00,esp32-field-01,AUTUMN_MIXED,28.02,2410,26.71,73.29,HEALTHY,20.05,70.9,0.0,1.02,2.94,2.6,0,Tomato (Vegetative),0.85,50.0,25.3,HEALTHY,0,0.0
2026-07-27 06:00:00,esp32-field-01,AUTUMN_MIXED,28.01,2367,27.9,72.1,HEALTHY,22.36,67.2,0.0,0.57,3.58,0.1,0,Tomato (Vegetative),0.85,50.0,25.3,HEALTHY,0,0.0
2026-07-27 07:00:00,esp32-field-01,AUTUMN_MIXED,27.99,2408,26.95,73.05,HEALTHY,22.42,59.7,0.0,0.12,3.63,6.7,0,Tomato (Vegetative),0.85,50.0,25.2,HEALTHY,0,0.0
2026-07-27 08:00:00,esp32-field-01,AUTUMN_MIXED,27.94,2361,27.86,72.14,HEALTHY,24.68,58.2,0.0,1.0,3.66,3.3,0,Tomato (Vegetative),0.85,50.0,25.2,HEALTHY,0,0.0
2026-07-27 09:00:00,esp32-field-01,AUTUMN_MIXED,27.87,2385,27.35,72.65,HEALTHY,26.23,56.4,0.0,6.02,3.96,6.5,0,Tomato (Vegetative),0.85,50.0,25.2,HEALTHY,0,0.0
2026-07-27 10:00:00,esp32-field-01,AUTUMN_MIXED,27.78,2406,26.74,73.26,HEALTHY,28.0,52.3,0.0,1.07,3.9,0.1,0,Tomato (Vegetative),0.85,50.0,25.2,HEALTHY,0,0.0
2026-07-27 11:00:00,esp32-field-01,AUTUMN_MIXED,27.69,2382,27.52,72.48,HEALTHY,27.85,48.4,0.0,0.79,3.94,0.1,0,Tomato (Vegetative),0.85,50.0,25.2,HEALTHY,0,0.0
2026-07-27 12:00:00,esp32-field-01,AUTUMN_MIXED,27.58,2361,28.6,71.4,HEALTHY,31.08,53.6,0.0,4.27,4.4,0.7,0,Tomato (Vegetative),0.85,50.0,25.2,HEALTHY,0,0.0
2026-07-27 13:00:00,esp32-field-01,AUTUMN_MIXED,27.48,2357,28.93,71.07,HEALTHY,29.25,48.9,0.0,2.53,4.27,5.0,0,Tomato (Vegetative),0.85,50.0,25.2,HEALTHY,0,0.0
2026-07-27 14:00:00,esp32-field-01,AUTUMN_MIXED,27.37,2363,28.96,71.04,HEALTHY,30.51,45.1,0.0,2.21,4.77,0.8,0,Tomato (Vegetative),0.85,50.0,25.2,HEALTHY,0,0.0
2026-07-27 15:00:00,esp32-field-01,AUTUMN_MIXED,27.3,2396,26.39,73.61,HEALTHY,30.45,46.9,0.0,0.36,4.26,1.5,0,Tomato (Vegetative),0.85,50.0,25.2,HEALTHY,0,0.0
2026-07-27 16:00:00,esp32-field-01,AUTUMN_MIXED,27.25,2413,26.36,73.64,HEALTHY,29.45,51.6,0.0,5.19,3.84,2.6,0,Tomato (Vegetative),0.85,50.0,25.2,HEALTHY,0,0.0
2026-07-27 17:00:00,esp32-field-01,AUTUMN_MIXED,27.22,2362,27.88,72.12,HEALTHY,30.37,51.7,0.0,0.42,4.39,0.8,0,Tomato (Vegetative),0.85,50.0,25.1,HEALTHY,0,0.0
2026-07-27 18:00:00,esp32-field-01,AUTUMN_MIXED,27.22,2347,28.85,71.15,HEALTHY,27.97,51.4,0.0,0.01,4.12,3.6,0,Tomato (Vegetative),0.85,50.0,25.1,HEALTHY,0,0.0
2026-07-27 19:00:00,esp32-field-01,AUTUMN_MIXED,27.21,2384,27.05,72.95,HEALTHY,26.5,58.7,0.0,3.81,3.5,1.4,0,Tomato (Vegetative),0.85,50.0,25.1,HEALTHY,0,0.0
2026-07-27 20:00:00,esp32-field-01,AUTUMN_MIXED,27.21,2369,27.25,72.75,HEALTHY,25.15,59.5,0.0,1.0,3.51,5.3,0,Tomato (Vegetative),0.85,50.0,25.1,HEALTHY,0,0.0
2026-07-27 21:00:00,esp32-field-01,AUTUMN_MIXED,27.2,2384,27.1,72.9,HEALTHY,25.35,65.3,0.0,0.41,3.59,2.6,0,Tomato (Vegetative),0.85,50.0,25.1,HEALTHY,0,0.0
2026-07-27 22:00:00,esp32-field-01,AUTUMN_MIXED,27.2,2373,27.41,72.59,HEALTHY,22.46,65.8,0.0,1.9,3.45,1.1,0,Tomato (Vegetative),0.85,50.0,25.1,HEALTHY,0,0.0
2026-07-27 23:00:00,esp32-field-01,AUTUMN_MIXED,27.19,2362,28.76,71.24,HEALTHY,21.37,67.2,0.0,1.79,3.24,6.6,0,Tomato (Vegetative),0.85,50.0,25.1,HEALTHY,0,0.0
2026-07-28 00:00:00,esp32-field-01,AUTUMN_MIXED,27.18,2413,25.4,74.6,HEALTHY,20.86,70.2,0.0,0.44,3.03,1.9,0,Tomato (Vegetative),0.85,50.0,25.1,HEALTHY,0,0.0
2026-07-28 01:00:00,esp32-field-01,AUTUMN_MIXED,27.18,2395,27.17,72.83,HEALTHY,18.47,68.6,0.0,0.81,2.89,3.9,0,Tomato (Vegetative),0.85,50.0,25.1,HEALTHY,0,0.0
2026-07-28 02:00:00,esp32-field-01,AUTUMN_MIXED,27.17,2403,27.4,72.6,HEALTHY,19.33,69.3,0.0,1.05,3.16,0.9,0,Tomato (Vegetative),0.85,50.0,25.1,HEALTHY,0,0.0
2026-07-28 03:00:00,esp32-field-01,AUTUMN_MIXED,27.17,2356,29.2,70.8,HEALTHY,21.03,72.8,0.0,2.77,3.29,4.2,0,Tomato (Vegetative),0.85,50.0,25.0,HEALTHY,0,0.0
2026-07-28 04:00:00,esp32-field-01,AUTUMN_MIXED,27.16,2407,26.43,73.57,HEALTHY,20.32,77.3,0.0,3.39,2.86,2.4,0,Tomato (Vegetative),0.85,50.0,25.0,HEALTHY,0,0.0
2026-07-28 05:00:00,esp32-field-01,AUTUMN_MIXED,27.16,2393,25.85,74.15,HEALTHY,20.71,68.4,0.0,1.51,2.73,0.3,0,Tomato (Vegetative),0.85,50.0,25.0,HEALTHY,0,0.0
2026-07-28 06:00:00,esp32-field-01,AUTUMN_MIXED,27.15,2388,26.66,73.34,HEALTHY,22.09,71.4,0.0,3.42,3.3,1.3,0,Tomato (Vegetative),0.85,50.0,25.0,HEALTHY,0,0.0
2026-07-28 07:00:00,esp32-field-01,AUTUMN_MIXED,27.13,2397,26.0,74.0,HEALTHY,23.5,61.2,0.0,0.8,3.66,0.1,0,Tomato (Vegetative),0.85,50.0,25.0,HEALTHY,0,0.0
